filename,class1,class2,composition_type,salience,model,top1_pred,top1_conf,top5_preds
01400_adain_high.png,0,566,adain,high,ResNet50,0,0.8269335031509399,"[0, 469, 876, 926, 391]"
01401_adain_low.png,0,566,adain,low,ResNet50,0,0.8325285315513611,"[0, 469, 876, 926, 391]"
01402_occlusion_high.png,0,-1,occlusion,high,ResNet50,646,0.06814505904912949,"[646, 506, 435, 750, 876]"
01403_occlusion_low.png,0,-1,occlusion,low,ResNet50,0,0.8151853680610657,"[0, 389, 394, 391, 395]"
01404_superimposition_high.png,0,566,superimposition,high,ResNet50,0,0.44267237186431885,"[0, 395, 739, 389, 394]"
01405_superimposition_low.png,0,566,superimposition,low,ResNet50,566,0.25889700651168823,"[566, 875, 432, 401, 683]"
01406_texture_shape_high.png,0,566,texture_shape,high,ResNet50,0,0.5778045654296875,"[0, 427, 756, 469, 739]"
01407_texture_shape_low.png,0,566,texture_shape,low,ResNet50,611,0.9122160077095032,"[611, 562, 794, 917, 807]"
01408_edge_conflict_high.png,0,566,edge_conflict,high,ResNet50,815,0.11988633871078491,"[815, 743, 819, 562, 566]"
01409_edge_conflict_low.png,0,566,edge_conflict,low,ResNet50,566,0.5363038778305054,"[566, 875, 819, 776, 513]"
01410_patch_shuffle_high.png,0,566,patch_shuffle,high,ResNet50,0,0.1567818522453308,"[0, 389, 499, 391, 457]"
01411_patch_shuffle_low.png,0,566,patch_shuffle,low,ResNet50,0,0.3169904053211212,"[0, 389, 876, 395, 435]"
01412_color_inversion_high.png,0,566,color_inversion,high,ResNet50,562,0.38324257731437683,"[562, 807, 469, 884, 1]"
01413_color_inversion_low.png,0,566,color_inversion,low,ResNet50,822,0.26425570249557495,"[822, 642, 762, 807, 579]"
01414_adain_high.png,0,571,adain,high,ResNet50,0,0.9984577894210815,"[0, 389, 955, 395, 391]"
01415_adain_low.png,0,571,adain,low,ResNet50,0,0.9978213310241699,"[0, 389, 955, 395, 940]"
01400_adain_high.png,0,566,adain,high,ResNet101,0,0.6204014420509338,"[0, 469, 463, 926, 739]"
01401_adain_low.png,0,566,adain,low,ResNet101,0,0.8003339767456055,"[0, 469, 926, 739, 463]"
01402_occlusion_high.png,0,-1,occlusion,high,ResNet101,876,0.17316700518131256,"[876, 435, 631, 711, 896]"
01403_occlusion_low.png,0,-1,occlusion,low,ResNet101,0,0.30499085783958435,"[0, 739, 469, 876, 394]"
01404_superimposition_high.png,0,566,superimposition,high,ResNet101,0,0.6766892075538635,"[0, 389, 395, 394, 50]"
01405_superimposition_low.png,0,566,superimposition,low,ResNet101,566,0.4736941456794739,"[566, 513, 432, 683, 875]"
01406_texture_shape_high.png,0,566,texture_shape,high,ResNet101,0,0.8921253085136414,"[0, 469, 389, 739, 926]"
01407_texture_shape_low.png,0,566,texture_shape,low,ResNet101,611,0.6007137894630432,"[611, 577, 971, 562, 112]"
01408_edge_conflict_high.png,0,566,edge_conflict,high,ResNet101,743,0.1728404462337494,"[743, 807, 73, 819, 815]"
01409_edge_conflict_low.png,0,566,edge_conflict,low,ResNet101,432,0.19462144374847412,"[432, 566, 683, 776, 401]"
01410_patch_shuffle_high.png,0,566,patch_shuffle,high,ResNet101,739,0.5126211047172546,"[739, 876, 435, 961, 0]"
01411_patch_shuffle_low.png,0,566,patch_shuffle,low,ResNet101,739,0.4893868863582611,"[739, 876, 435, 469, 499]"
01412_color_inversion_high.png,0,566,color_inversion,high,ResNet101,807,0.694943904876709,"[807, 562, 619, 556, 669]"
01413_color_inversion_low.png,0,566,color_inversion,low,ResNet101,683,0.13171732425689697,"[683, 889, 566, 860, 432]"
01414_adain_high.png,0,571,adain,high,ResNet101,0,0.9948210716247559,"[0, 389, 758, 395, 103]"
01415_adain_low.png,0,571,adain,low,ResNet101,0,0.997923731803894,"[0, 389, 758, 395, 103]"
01400_adain_high.png,0,566,adain,high,ConvNeXt,0,0.522024929523468,"[0, 463, 389, 395, 876]"
01401_adain_low.png,0,566,adain,low,ConvNeXt,0,0.4955885410308838,"[0, 463, 395, 389, 876]"
01402_occlusion_high.png,0,-1,occlusion,high,ConvNeXt,0,0.2501469552516937,"[0, 395, 463, 739, 666]"
01403_occlusion_low.png,0,-1,occlusion,low,ConvNeXt,0,0.4434724748134613,"[0, 395, 463, 389, 394]"
01404_superimposition_high.png,0,566,superimposition,high,ConvNeXt,739,0.15155963599681854,"[739, 0, 666, 435, 876]"
01405_superimposition_low.png,0,566,superimposition,low,ConvNeXt,566,0.18858323991298676,"[566, 683, 432, 513, 906]"
01406_texture_shape_high.png,0,566,texture_shape,high,ConvNeXt,0,0.16543366014957428,"[0, 926, 463, 469, 739]"
01407_texture_shape_low.png,0,566,texture_shape,low,ConvNeXt,0,0.12968328595161438,"[0, 577, 5, 461, 926]"
01408_edge_conflict_high.png,0,566,edge_conflict,high,ConvNeXt,815,0.1483687311410904,"[815, 822, 399, 683, 776]"
01409_edge_conflict_low.png,0,566,edge_conflict,low,ConvNeXt,815,0.29256272315979004,"[815, 566, 683, 73, 776]"
01410_patch_shuffle_high.png,0,566,patch_shuffle,high,ConvNeXt,739,0.2603301703929901,"[739, 0, 395, 389, 394]"
01411_patch_shuffle_low.png,0,566,patch_shuffle,low,ConvNeXt,0,0.25700846314430237,"[0, 739, 666, 463, 876]"
01412_color_inversion_high.png,0,566,color_inversion,high,ConvNeXt,0,0.12946131825447083,"[0, 567, 739, 678, 906]"
01413_color_inversion_low.png,0,566,color_inversion,low,ConvNeXt,822,0.028529159724712372,"[822, 632, 747, 906, 905]"
01414_adain_high.png,0,571,adain,high,ConvNeXt,0,0.5726724863052368,"[0, 389, 394, 731, 395]"
01415_adain_low.png,0,571,adain,low,ConvNeXt,0,0.5848649144172668,"[0, 389, 731, 394, 5]"
01400_adain_high.png,0,566,adain,high,ViT-B/16,0,0.8843182325363159,"[0, 463, 876, 389, 435]"
01401_adain_low.png,0,566,adain,low,ViT-B/16,0,0.8860970139503479,"[0, 463, 876, 389, 395]"
01402_occlusion_high.png,0,-1,occlusion,high,ViT-B/16,395,0.3262186050415039,"[395, 0, 876, 389, 435]"
01403_occlusion_low.png,0,-1,occlusion,low,ViT-B/16,0,0.694486141204834,"[0, 395, 389, 876, 394]"
01404_superimposition_high.png,0,566,superimposition,high,ViT-B/16,0,0.6127486824989319,"[0, 389, 876, 435, 432]"
01405_superimposition_low.png,0,566,superimposition,low,ViT-B/16,566,0.6328986287117004,"[566, 228, 222, 257, 683]"
01406_texture_shape_high.png,0,566,texture_shape,high,ViT-B/16,0,0.8095508217811584,"[0, 463, 876, 389, 741]"
01407_texture_shape_low.png,0,566,texture_shape,low,ViT-B/16,739,0.11723050475120544,"[739, 103, 876, 351, 0]"
01408_edge_conflict_high.png,0,566,edge_conflict,high,ViT-B/16,566,0.3789273798465729,"[566, 815, 73, 683, 822]"
01409_edge_conflict_low.png,0,566,edge_conflict,low,ViT-B/16,566,0.684490442276001,"[566, 815, 776, 875, 683]"
01410_patch_shuffle_high.png,0,566,patch_shuffle,high,ViT-B/16,0,0.6330687403678894,"[0, 876, 395, 435, 739]"
01411_patch_shuffle_low.png,0,566,patch_shuffle,low,ViT-B/16,0,0.8509330153465271,"[0, 739, 876, 463, 925]"
01412_color_inversion_high.png,0,566,color_inversion,high,ViT-B/16,822,0.1974669247865677,"[822, 567, 739, 909, 659]"
01413_color_inversion_low.png,0,566,color_inversion,low,ViT-B/16,566,0.4651380777359009,"[566, 905, 683, 875, 770]"
01414_adain_high.png,0,571,adain,high,ViT-B/16,0,0.8813287615776062,"[0, 389, 323, 325, 86]"
01415_adain_low.png,0,571,adain,low,ViT-B/16,0,0.8822348117828369,"[0, 389, 323, 325, 86]"
01400_adain_high.png,0,566,adain,high,DeiT,0,0.8267720937728882,"[0, 469, 395, 389, 394]"
01401_adain_low.png,0,566,adain,low,DeiT,0,0.8246427774429321,"[0, 395, 469, 389, 394]"
01402_occlusion_high.png,0,-1,occlusion,high,DeiT,0,0.6762160658836365,"[0, 395, 469, 876, 390]"
01403_occlusion_low.png,0,-1,occlusion,low,DeiT,0,0.6754616498947144,"[0, 395, 469, 389, 394]"
01404_superimposition_high.png,0,566,superimposition,high,DeiT,0,0.5407362580299377,"[0, 598, 389, 216, 222]"
01405_superimposition_low.png,0,566,superimposition,low,DeiT,566,0.2230372577905655,"[566, 739, 0, 776, 683]"
01406_texture_shape_high.png,0,566,texture_shape,high,DeiT,0,0.4979743957519531,"[0, 469, 395, 389, 463]"
01407_texture_shape_low.png,0,566,texture_shape,low,DeiT,739,0.12694016098976135,"[739, 876, 435, 666, 896]"
01408_edge_conflict_high.png,0,566,edge_conflict,high,DeiT,815,0.266477108001709,"[815, 566, 683, 776, 432]"
01409_edge_conflict_low.png,0,566,edge_conflict,low,DeiT,566,0.5721995830535889,"[566, 815, 776, 432, 683]"
01410_patch_shuffle_high.png,0,566,patch_shuffle,high,DeiT,739,0.3679591119289398,"[739, 0, 394, 395, 876]"
01411_patch_shuffle_low.png,0,566,patch_shuffle,low,DeiT,0,0.8124919533729553,"[0, 739, 389, 469, 395]"
01412_color_inversion_high.png,0,566,color_inversion,high,DeiT,0,0.4956783056259155,"[0, 739, 389, 264, 416]"
01413_color_inversion_low.png,0,566,color_inversion,low,DeiT,739,0.4192345440387726,"[739, 566, 683, 666, 0]"
01414_adain_high.png,0,571,adain,high,DeiT,0,0.8566150069236755,"[0, 389, 955, 390, 932]"
01415_adain_low.png,0,571,adain,low,DeiT,0,0.8548588156700134,"[0, 389, 955, 390, 932]"
01400_adain_high.png,0,566,adain,high,CLIP,0,0.9481636881828308,"[0, 29, 1, 391, 395]"
01401_adain_low.png,0,566,adain,low,CLIP,0,0.9740875363349915,"[0, 29, 1, 391, 395]"
01402_occlusion_high.png,0,-1,occlusion,high,CLIP,0,0.7705979347229004,"[0, 1, 925, 29, 469]"
01403_occlusion_low.png,0,-1,occlusion,low,CLIP,0,0.9010191559791565,"[0, 1, 29, 395, 391]"
01404_superimposition_high.png,0,566,superimposition,high,CLIP,0,0.8361146450042725,"[0, 1, 118, 119, 124]"
01405_superimposition_low.png,0,566,superimposition,low,CLIP,458,0.37735676765441895,"[458, 513, 699, 224, 255]"
01406_texture_shape_high.png,0,566,texture_shape,high,CLIP,0,0.9693487286567688,"[0, 29, 391, 1, 395]"
01407_texture_shape_low.png,0,566,texture_shape,low,CLIP,562,0.0642687976360321,"[562, 655, 708, 809, 971]"
01408_edge_conflict_high.png,0,566,edge_conflict,high,CLIP,458,0.49834969639778137,"[458, 782, 993, 564, 577]"
01409_edge_conflict_low.png,0,566,edge_conflict,low,CLIP,458,0.4106733798980713,"[458, 699, 642, 406, 513]"
01410_patch_shuffle_high.png,0,566,patch_shuffle,high,CLIP,876,0.3028523921966553,"[876, 896, 502, 29, 739]"
01411_patch_shuffle_low.png,0,566,patch_shuffle,low,CLIP,463,0.47341442108154297,"[463, 876, 666, 469, 1]"
01412_color_inversion_high.png,0,566,color_inversion,high,CLIP,993,0.25636473298072815,"[993, 712, 782, 971, 669]"
01413_color_inversion_low.png,0,566,color_inversion,low,CLIP,406,0.608204185962677,"[406, 699, 556, 687, 822]"
01414_adain_high.png,0,571,adain,high,CLIP,0,0.9925277233123779,"[0, 395, 216, 68, 380]"
01415_adain_low.png,0,571,adain,low,CLIP,0,0.9982965588569641,"[0, 216, 395, 380, 68]"
01416_occlusion_high.png,0,-1,occlusion,high,ResNet50,389,0.4812149405479431,"[389, 0, 787, 490, 501]"
01417_occlusion_low.png,0,-1,occlusion,low,ResNet50,389,0.8362472653388977,"[389, 0, 787, 887, 400]"
01418_superimposition_high.png,0,571,superimposition,high,ResNet50,0,0.9641875624656677,"[0, 389, 395, 5, 577]"
01419_superimposition_low.png,0,571,superimposition,low,ResNet50,645,0.11612672358751297,"[645, 557, 660, 706, 733]"
01420_texture_shape_high.png,0,571,texture_shape,high,ResNet50,0,0.9987339377403259,"[0, 389, 395, 391, 997]"
01421_texture_shape_low.png,0,571,texture_shape,low,ResNet50,611,0.31179824471473694,"[611, 904, 917, 0, 389]"
01422_edge_conflict_high.png,0,571,edge_conflict,high,ResNet50,555,0.1530800461769104,"[555, 554, 803, 517, 694]"
01423_edge_conflict_low.png,0,571,edge_conflict,low,ResNet50,660,0.15537592768669128,"[660, 449, 733, 571, 555]"
01424_patch_shuffle_high.png,0,571,patch_shuffle,high,ResNet50,0,0.9766442179679871,"[0, 389, 395, 394, 955]"
01425_patch_shuffle_low.png,0,571,patch_shuffle,low,ResNet50,0,0.9783324599266052,"[0, 389, 955, 395, 391]"
01426_color_inversion_high.png,0,571,color_inversion,high,ResNet50,669,0.4434610605239868,"[669, 971, 802, 691, 570]"
01427_color_inversion_low.png,0,571,color_inversion,low,ResNet50,865,0.11713197827339172,"[865, 660, 706, 415, 904]"
01428_adain_high.png,0,491,adain,high,ResNet50,0,0.9998985528945923,"[0, 389, 395, 391, 394]"
01429_adain_low.png,0,491,adain,low,ResNet50,0,0.9999082088470459,"[0, 389, 391, 395, 394]"
01430_occlusion_high.png,0,-1,occlusion,high,ResNet50,465,0.7107038497924805,"[465, 0, 414, 464, 389]"
01431_occlusion_low.png,0,-1,occlusion,low,ResNet50,0,0.9529408812522888,"[0, 465, 389, 667, 885]"
01416_occlusion_high.png,0,-1,occlusion,high,ResNet101,0,0.20555606484413147,"[0, 465, 389, 598, 887]"
01417_occlusion_low.png,0,-1,occlusion,low,ResNet101,0,0.22909247875213623,"[0, 389, 410, 395, 465]"
01418_superimposition_high.png,0,571,superimposition,high,ResNet101,0,0.8683909773826599,"[0, 389, 391, 395, 758]"
01419_superimposition_low.png,0,571,superimposition,low,ResNet101,634,0.3791184425354004,"[634, 660, 449, 733, 564]"
01420_texture_shape_high.png,0,571,texture_shape,high,ResNet101,0,0.9944000840187073,"[0, 389, 103, 391, 395]"
01421_texture_shape_low.png,0,571,texture_shape,low,ResNet101,0,0.4530728757381439,"[0, 611, 904, 389, 33]"
01422_edge_conflict_high.png,0,571,edge_conflict,high,ResNet101,555,0.12570494413375854,"[555, 517, 449, 660, 733]"
01423_edge_conflict_low.png,0,571,edge_conflict,low,ResNet101,660,0.18404065072536469,"[660, 517, 733, 634, 449]"
01424_patch_shuffle_high.png,0,571,patch_shuffle,high,ResNet101,0,0.9714638590812683,"[0, 389, 410, 465, 739]"
01425_patch_shuffle_low.png,0,571,patch_shuffle,low,ResNet101,0,0.9977344274520874,"[0, 389, 395, 465, 390]"
01426_color_inversion_high.png,0,571,color_inversion,high,ResNet101,863,0.07810606807470322,"[863, 611, 917, 669, 570]"
01427_color_inversion_low.png,0,571,color_inversion,low,ResNet101,865,0.2587099075317383,"[865, 660, 860, 517, 424]"
01428_adain_high.png,0,491,adain,high,ResNet101,0,0.9997231364250183,"[0, 389, 1, 395, 397]"
01429_adain_low.png,0,491,adain,low,ResNet101,0,0.9997250437736511,"[0, 389, 1, 391, 395]"
01430_occlusion_high.png,0,-1,occlusion,high,ResNet101,0,0.9992609620094299,"[0, 465, 389, 1, 5]"
01431_occlusion_low.png,0,-1,occlusion,low,ResNet101,0,0.9948531985282898,"[0, 389, 684, 465, 395]"
01416_occlusion_high.png,0,-1,occlusion,high,ConvNeXt,0,0.5465929508209229,"[0, 389, 34, 731, 607]"
01417_occlusion_low.png,0,-1,occlusion,low,ConvNeXt,0,0.5467500686645508,"[0, 389, 361, 731, 276]"
01418_superimposition_high.png,0,571,superimposition,high,ConvNeXt,0,0.12458958476781845,"[0, 860, 660, 856, 675]"
01419_superimposition_low.png,0,571,superimposition,low,ConvNeXt,571,0.19463782012462616,"[571, 860, 634, 660, 856]"
01420_texture_shape_high.png,0,571,texture_shape,high,ConvNeXt,0,0.4002757668495178,"[0, 389, 904, 741, 390]"
01421_texture_shape_low.png,0,571,texture_shape,low,ConvNeXt,0,0.3415020704269409,"[0, 904, 591, 556, 389]"
01422_edge_conflict_high.png,0,571,edge_conflict,high,ConvNeXt,733,0.03235477954149246,"[733, 571, 863, 583, 815]"
01423_edge_conflict_low.png,0,571,edge_conflict,low,ConvNeXt,571,0.16497686505317688,"[571, 660, 449, 856, 554]"
01424_patch_shuffle_high.png,0,571,patch_shuffle,high,ConvNeXt,0,0.6730301976203918,"[0, 389, 862, 731, 62]"
01425_patch_shuffle_low.png,0,571,patch_shuffle,low,ConvNeXt,0,0.521006166934967,"[0, 451, 34, 389, 731]"
01426_color_inversion_high.png,0,571,color_inversion,high,ConvNeXt,0,0.0912785604596138,"[0, 856, 860, 660, 803]"
01427_color_inversion_low.png,0,571,color_inversion,low,ConvNeXt,856,0.04734036326408386,"[856, 571, 804, 634, 660]"
01428_adain_high.png,0,491,adain,high,ConvNeXt,0,0.6583110690116882,"[0, 389, 689, 451, 86]"
01429_adain_low.png,0,491,adain,low,ConvNeXt,0,0.6550833582878113,"[0, 389, 451, 689, 86]"
01430_occlusion_high.png,0,-1,occlusion,high,ConvNeXt,0,0.5926482081413269,"[0, 389, 128, 80, 86]"
01431_occlusion_low.png,0,-1,occlusion,low,ConvNeXt,0,0.6425267457962036,"[0, 389, 451, 689, 86]"
01416_occlusion_high.png,0,-1,occlusion,high,ViT-B/16,0,0.8335071206092834,"[0, 389, 111, 323, 644]"
01417_occlusion_low.png,0,-1,occlusion,low,ViT-B/16,0,0.8585415482521057,"[0, 389, 323, 325, 916]"
01418_superimposition_high.png,0,571,superimposition,high,ViT-B/16,0,0.5481188893318176,"[0, 660, 571, 733, 498]"
01419_superimposition_low.png,0,571,superimposition,low,ViT-B/16,571,0.6849560141563416,"[571, 389, 0, 394, 860]"
01420_texture_shape_high.png,0,571,texture_shape,high,ViT-B/16,0,0.8645131587982178,"[0, 389, 325, 323, 1]"
01421_texture_shape_low.png,0,571,texture_shape,low,ViT-B/16,0,0.8233263492584229,"[0, 389, 904, 325, 323]"
01422_edge_conflict_high.png,0,571,edge_conflict,high,ViT-B/16,815,0.060492511838674545,"[815, 863, 73, 571, 464]"
01423_edge_conflict_low.png,0,571,edge_conflict,low,ViT-B/16,571,0.5642910599708557,"[571, 449, 660, 272, 425]"
01424_patch_shuffle_high.png,0,571,patch_shuffle,high,ViT-B/16,0,0.7587493062019348,"[0, 268, 158, 237, 236]"
01425_patch_shuffle_low.png,0,571,patch_shuffle,low,ViT-B/16,0,0.8748643398284912,"[0, 389, 323, 165, 325]"
01426_color_inversion_high.png,0,571,color_inversion,high,ViT-B/16,389,0.15307754278182983,"[389, 391, 4, 981, 863]"
01427_color_inversion_low.png,0,571,color_inversion,low,ViT-B/16,571,0.4944630265235901,"[571, 449, 660, 389, 860]"
01428_adain_high.png,0,491,adain,high,ViT-B/16,0,0.8808227777481079,"[0, 389, 323, 1, 322]"
01429_adain_low.png,0,491,adain,low,ViT-B/16,0,0.8761321902275085,"[0, 389, 1, 323, 322]"
01430_occlusion_high.png,0,-1,occlusion,high,ViT-B/16,0,0.8745376467704773,"[0, 797, 672, 412, 501]"
01431_occlusion_low.png,0,-1,occlusion,low,ViT-B/16,0,0.8645615577697754,"[0, 389, 111, 530, 1]"
01416_occlusion_high.png,0,-1,occlusion,high,DeiT,0,0.8475819230079651,"[0, 389, 382, 955, 390]"
01417_occlusion_low.png,0,-1,occlusion,low,DeiT,0,0.8487985134124756,"[0, 389, 402, 799, 648]"
01418_superimposition_high.png,0,571,superimposition,high,DeiT,0,0.6369965672492981,"[0, 645, 660, 449, 571]"
01419_superimposition_low.png,0,571,superimposition,low,DeiT,571,0.3466816842556,"[571, 0, 583, 733, 863]"
01420_texture_shape_high.png,0,571,texture_shape,high,DeiT,0,0.8539139628410339,"[0, 389, 955, 390, 932]"
01421_texture_shape_low.png,0,571,texture_shape,low,DeiT,0,0.877389132976532,"[0, 389, 955, 904, 390]"
01422_edge_conflict_high.png,0,571,edge_conflict,high,DeiT,660,0.06027718633413315,"[660, 815, 583, 464, 901]"
01423_edge_conflict_low.png,0,571,edge_conflict,low,DeiT,571,0.14272893965244293,"[571, 660, 733, 583, 73]"
01424_patch_shuffle_high.png,0,571,patch_shuffle,high,DeiT,0,0.7585304975509644,"[0, 274, 273, 34, 351]"
01425_patch_shuffle_low.png,0,571,patch_shuffle,low,DeiT,0,0.8489170670509338,"[0, 389, 955, 932, 956]"
01426_color_inversion_high.png,0,571,color_inversion,high,DeiT,0,0.6335016489028931,"[0, 645, 856, 603, 612]"
01427_color_inversion_low.png,0,571,color_inversion,low,DeiT,449,0.12064391374588013,"[449, 389, 660, 571, 0]"
01428_adain_high.png,0,491,adain,high,DeiT,0,0.8624114394187927,"[0, 389, 390, 758, 5]"
01429_adain_low.png,0,491,adain,low,DeiT,0,0.856707751750946,"[0, 389, 390, 758, 5]"
01430_occlusion_high.png,0,-1,occlusion,high,DeiT,0,0.8028132915496826,"[0, 389, 644, 600, 1]"
01431_occlusion_low.png,0,-1,occlusion,low,DeiT,0,0.8451452851295471,"[0, 389, 390, 758, 1]"
01416_occlusion_high.png,0,-1,occlusion,high,CLIP,0,0.6406601667404175,"[0, 60, 395, 380, 27]"
01417_occlusion_low.png,0,-1,occlusion,low,CLIP,0,0.3038010001182556,"[0, 380, 60, 356, 997]"
01418_superimposition_high.png,0,571,superimposition,high,CLIP,0,0.9139580726623535,"[0, 1, 395, 612, 255]"
01419_superimposition_low.png,0,571,superimposition,low,CLIP,571,0.3809314966201782,"[571, 467, 773, 766, 660]"
01420_texture_shape_high.png,0,571,texture_shape,high,CLIP,0,0.9827736616134644,"[0, 380, 612, 395, 97]"
01421_texture_shape_low.png,0,571,texture_shape,low,CLIP,0,0.7740619778633118,"[0, 1, 27, 380, 97]"
01422_edge_conflict_high.png,0,571,edge_conflict,high,CLIP,467,0.27387651801109314,"[467, 195, 345, 766, 242]"
01423_edge_conflict_low.png,0,571,edge_conflict,low,CLIP,865,0.09960346668958664,"[865, 406, 494, 660, 733]"
01424_patch_shuffle_high.png,0,571,patch_shuffle,high,CLIP,60,0.6489421725273132,"[60, 666, 997, 25, 68]"
01425_patch_shuffle_low.png,0,571,patch_shuffle,low,CLIP,0,0.9949324727058411,"[0, 380, 60, 395, 27]"
01426_color_inversion_high.png,0,571,color_inversion,high,CLIP,395,0.2752015292644501,"[395, 326, 612, 389, 865]"
01427_color_inversion_low.png,0,571,color_inversion,low,CLIP,865,0.4904453158378601,"[865, 467, 612, 415, 495]"
01428_adain_high.png,0,491,adain,high,CLIP,0,0.9951574206352234,"[0, 391, 168, 216, 395]"
01429_adain_low.png,0,491,adain,low,CLIP,0,0.9945374131202698,"[0, 168, 391, 216, 395]"
01430_occlusion_high.png,0,-1,occlusion,high,CLIP,0,0.9987571239471436,"[0, 391, 216, 395, 380]"
01431_occlusion_low.png,0,-1,occlusion,low,CLIP,0,0.9941878318786621,"[0, 395, 391, 380, 168]"
01432_superimposition_high.png,0,491,superimposition,high,ResNet50,0,0.9988974332809448,"[0, 389, 395, 996, 394]"
01433_superimposition_low.png,0,491,superimposition,low,ResNet50,491,0.9993249177932739,"[491, 845, 634, 665, 670]"
01434_texture_shape_high.png,0,491,texture_shape,high,ResNet50,0,0.9994369149208069,"[0, 389, 996, 391, 997]"
01435_texture_shape_low.png,0,491,texture_shape,low,ResNet50,0,0.11808665841817856,"[0, 116, 946, 995, 103]"
01436_edge_conflict_high.png,0,491,edge_conflict,high,ResNet50,815,0.5185295343399048,"[815, 73, 76, 75, 77]"
01437_edge_conflict_low.png,0,491,edge_conflict,low,ResNet50,491,0.8780069351196289,"[491, 514, 777, 464, 490]"
01438_patch_shuffle_high.png,0,491,patch_shuffle,high,ResNet50,0,0.9922653436660767,"[0, 997, 389, 996, 777]"
01439_patch_shuffle_low.png,0,491,patch_shuffle,low,ResNet50,465,0.4808477461338043,"[465, 0, 777, 597, 764]"
01440_color_inversion_high.png,0,491,color_inversion,high,ResNet50,793,0.08401226252317429,"[793, 601, 725, 591, 316]"
01441_color_inversion_low.png,0,491,color_inversion,low,ResNet50,491,0.15773554146289825,"[491, 995, 936, 671, 34]"
01442_adain_high.png,0,497,adain,high,ResNet50,980,0.1719006597995758,"[980, 33, 974, 149, 34]"
01443_adain_low.png,0,497,adain,low,ResNet50,980,0.15791916847229004,"[980, 149, 976, 974, 33]"
01444_occlusion_high.png,0,-1,occlusion,high,ResNet50,598,0.6250656247138977,"[598, 851, 782, 632, 425]"
01445_occlusion_low.png,0,-1,occlusion,low,ResNet50,598,0.624748706817627,"[598, 425, 851, 819, 497]"
01446_superimposition_high.png,0,497,superimposition,high,ResNet50,970,0.4582292139530182,"[970, 974, 975, 979, 980]"
01447_superimposition_low.png,0,497,superimposition,low,ResNet50,497,0.4950403869152069,"[497, 437, 970, 483, 663]"
01432_superimposition_high.png,0,491,superimposition,high,ResNet101,0,0.9986822009086609,"[0, 389, 395, 397, 1]"
01433_superimposition_low.png,0,491,superimposition,low,ResNet101,491,0.9998537302017212,"[491, 634, 993, 996, 733]"
01434_texture_shape_high.png,0,491,texture_shape,high,ResNet101,0,0.9973034858703613,"[0, 389, 395, 103, 391]"
01435_texture_shape_low.png,0,491,texture_shape,low,ResNet101,0,0.27905189990997314,"[0, 116, 389, 33, 997]"
01436_edge_conflict_high.png,0,491,edge_conflict,high,ResNet101,815,0.4016719162464142,"[815, 73, 385, 69, 75]"
01437_edge_conflict_low.png,0,491,edge_conflict,low,ResNet101,491,0.9923399686813354,"[491, 634, 83, 994, 995]"
01438_patch_shuffle_high.png,0,491,patch_shuffle,high,ResNet101,0,0.9960898160934448,"[0, 997, 995, 389, 996]"
01439_patch_shuffle_low.png,0,491,patch_shuffle,low,ResNet101,0,0.9449948668479919,"[0, 389, 465, 413, 917]"
01440_color_inversion_high.png,0,491,color_inversion,high,ResNet101,868,0.1033085510134697,"[868, 601, 0, 591, 684]"
01441_color_inversion_low.png,0,491,color_inversion,low,ResNet101,491,0.2599829435348511,"[491, 970, 979, 972, 978]"
01442_adain_high.png,0,497,adain,high,ResNet101,149,0.6840953826904297,"[149, 394, 0, 980, 33]"
01443_adain_low.png,0,497,adain,low,ResNet101,0,0.44716376066207886,"[0, 149, 394, 33, 975]"
01444_occlusion_high.png,0,-1,occlusion,high,ResNet101,598,0.7820325493812561,"[598, 497, 970, 851, 425]"
01445_occlusion_low.png,0,-1,occlusion,low,ResNet101,598,0.8922380208969116,"[598, 425, 970, 975, 833]"
01446_superimposition_high.png,0,497,superimposition,high,ResNet101,149,0.18555948138237,"[149, 970, 974, 807, 394]"
01447_superimposition_low.png,0,497,superimposition,low,ResNet101,497,0.7062017321586609,"[497, 663, 483, 970, 437]"
01432_superimposition_high.png,0,491,superimposition,high,ConvNeXt,0,0.32142016291618347,"[0, 389, 689, 601, 451]"
01433_superimposition_low.png,0,491,superimposition,low,ConvNeXt,491,0.43671515583992004,"[491, 0, 389, 690, 351]"
01434_texture_shape_high.png,0,491,texture_shape,high,ConvNeXt,0,0.5456530451774597,"[0, 389, 989, 946, 86]"
01435_texture_shape_low.png,0,491,texture_shape,low,ConvNeXt,0,0.24100033938884735,"[0, 337, 946, 997, 103]"
01436_edge_conflict_high.png,0,491,edge_conflict,high,ConvNeXt,763,0.08157432079315186,"[763, 464, 413, 491, 451]"
01437_edge_conflict_low.png,0,491,edge_conflict,low,ConvNeXt,491,0.2650960087776184,"[491, 815, 726, 83, 5]"
01438_patch_shuffle_high.png,0,491,patch_shuffle,high,ConvNeXt,0,0.676104724407196,"[0, 885, 689, 601, 797]"
01439_patch_shuffle_low.png,0,491,patch_shuffle,low,ConvNeXt,0,0.5917112231254578,"[0, 389, 996, 451, 652]"
01440_color_inversion_high.png,0,491,color_inversion,high,ConvNeXt,0,0.34051305055618286,"[0, 389, 689, 601, 86]"
01441_color_inversion_low.png,0,491,color_inversion,low,ConvNeXt,0,0.1988176703453064,"[0, 491, 936, 911, 770]"
01442_adain_high.png,0,497,adain,high,ConvNeXt,394,0.6218594312667847,"[394, 0, 389, 149, 976]"
01443_adain_low.png,0,497,adain,low,ConvNeXt,394,0.5467763543128967,"[394, 0, 149, 389, 976]"
01444_occlusion_high.png,0,-1,occlusion,high,ConvNeXt,394,0.5294501781463623,"[394, 0, 389, 149, 976]"
01445_occlusion_low.png,0,-1,occlusion,low,ConvNeXt,0,0.20813801884651184,"[0, 394, 389, 976, 149]"
01446_superimposition_high.png,0,497,superimposition,high,ConvNeXt,497,0.2640572488307953,"[497, 394, 149, 0, 970]"
01447_superimposition_low.png,0,497,superimposition,low,ConvNeXt,974,0.2627207636833191,"[974, 663, 483, 497, 980]"
01432_superimposition_high.png,0,491,superimposition,high,ViT-B/16,0,0.752601146697998,"[0, 250, 222, 257, 181]"
01433_superimposition_low.png,0,491,superimposition,low,ViT-B/16,491,0.7150582075119019,"[491, 0, 120, 777, 596]"
01434_texture_shape_high.png,0,491,texture_shape,high,ViT-B/16,0,0.8044310808181763,"[0, 1, 389, 955, 27]"
01435_texture_shape_low.png,0,491,texture_shape,low,ViT-B/16,0,0.6147360801696777,"[0, 741, 533, 735, 911]"
01436_edge_conflict_high.png,0,491,edge_conflict,high,ViT-B/16,69,0.17433276772499084,"[69, 835, 491, 787, 116]"
01437_edge_conflict_low.png,0,491,edge_conflict,low,ViT-B/16,491,0.5389026999473572,"[491, 640, 458, 835, 787]"
01438_patch_shuffle_high.png,0,491,patch_shuffle,high,ViT-B/16,0,0.8920949697494507,"[0, 389, 1, 323, 758]"
01439_patch_shuffle_low.png,0,491,patch_shuffle,low,ViT-B/16,0,0.797868549823761,"[0, 601, 456, 689, 797]"
01440_color_inversion_high.png,0,491,color_inversion,high,ViT-B/16,684,0.3018400967121124,"[684, 389, 0, 835, 392]"
01441_color_inversion_low.png,0,491,color_inversion,low,ViT-B/16,491,0.1579422652721405,"[491, 658, 671, 192, 824]"
01442_adain_high.png,0,497,adain,high,ViT-B/16,394,0.4544653594493866,"[394, 0, 390, 149, 103]"
01443_adain_low.png,0,497,adain,low,ViT-B/16,0,0.6981711387634277,"[0, 394, 390, 389, 149]"
01444_occlusion_high.png,0,-1,occlusion,high,ViT-B/16,0,0.36156949400901794,"[0, 394, 389, 390, 391]"
01445_occlusion_low.png,0,-1,occlusion,low,ViT-B/16,0,0.7599754333496094,"[0, 394, 389, 391, 390]"
01446_superimposition_high.png,0,497,superimposition,high,ViT-B/16,394,0.3957290053367615,"[394, 497, 0, 425, 103]"
01447_superimposition_low.png,0,497,superimposition,low,ViT-B/16,497,0.21812786161899567,"[497, 980, 974, 663, 970]"
01432_superimposition_high.png,0,491,superimposition,high,DeiT,0,0.7137036919593811,"[0, 389, 194, 219, 216]"
01433_superimposition_low.png,0,491,superimposition,low,DeiT,0,0.44469717144966125,"[0, 491, 763, 597, 942]"
01434_texture_shape_high.png,0,491,texture_shape,high,DeiT,0,0.8330352902412415,"[0, 389, 390, 758, 955]"
01435_texture_shape_low.png,0,491,texture_shape,low,DeiT,0,0.7257776856422424,"[0, 794, 735, 658, 741]"
01436_edge_conflict_high.png,0,491,edge_conflict,high,DeiT,35,0.08902589976787567,"[35, 36, 228, 181, 37]"
01437_edge_conflict_low.png,0,491,edge_conflict,low,DeiT,491,0.5708863735198975,"[491, 35, 36, 34, 640]"
01438_patch_shuffle_high.png,0,491,patch_shuffle,high,DeiT,0,0.8149147033691406,"[0, 835, 389, 539, 458]"
01439_patch_shuffle_low.png,0,491,patch_shuffle,low,DeiT,0,0.8828598856925964,"[0, 389, 758, 391, 390]"
01440_color_inversion_high.png,0,491,color_inversion,high,DeiT,0,0.6607398390769958,"[0, 653, 389, 176, 160]"
01441_color_inversion_low.png,0,491,color_inversion,low,DeiT,0,0.5376459956169128,"[0, 491, 389, 671, 758]"
01442_adain_high.png,0,497,adain,high,DeiT,394,0.7780027985572815,"[394, 0, 391, 389, 390]"
01443_adain_low.png,0,497,adain,low,DeiT,394,0.7050874829292297,"[394, 0, 391, 389, 390]"
01444_occlusion_high.png,0,-1,occlusion,high,DeiT,0,0.5967611074447632,"[0, 394, 389, 391, 390]"
01445_occlusion_low.png,0,-1,occlusion,low,DeiT,0,0.6399180889129639,"[0, 394, 389, 391, 390]"
01446_superimposition_high.png,0,497,superimposition,high,DeiT,394,0.5355398058891296,"[394, 497, 0, 389, 663]"
01447_superimposition_low.png,0,497,superimposition,low,DeiT,497,0.3581787049770355,"[497, 974, 437, 663, 980]"
01432_superimposition_high.png,0,491,superimposition,high,CLIP,0,0.998002827167511,"[0, 391, 168, 216, 395]"
01433_superimposition_low.png,0,491,superimposition,low,CLIP,491,0.9847903847694397,"[491, 596, 428, 792, 348]"
01434_texture_shape_high.png,0,491,texture_shape,high,CLIP,0,0.9985907673835754,"[0, 391, 168, 326, 380]"
01435_texture_shape_low.png,0,491,texture_shape,low,CLIP,0,0.7301204204559326,"[0, 971, 27, 391, 397]"
01436_edge_conflict_high.png,0,491,edge_conflict,high,CLIP,728,0.2949143350124359,"[728, 69, 390, 669, 114]"
01437_edge_conflict_low.png,0,491,edge_conflict,low,CLIP,491,0.29016178846359253,"[491, 835, 658, 596, 499]"
01438_patch_shuffle_high.png,0,491,patch_shuffle,high,CLIP,0,0.9993990659713745,"[0, 380, 168, 391, 456]"
01439_patch_shuffle_low.png,0,491,patch_shuffle,low,CLIP,58,0.14885658025741577,"[58, 0, 329, 27, 993]"
01440_color_inversion_high.png,0,491,color_inversion,high,CLIP,326,0.8596403002738953,"[326, 397, 0, 391, 389]"
01441_color_inversion_low.png,0,491,color_inversion,low,CLIP,395,0.0977417454123497,"[395, 491, 666, 428, 636]"
01442_adain_high.png,0,497,adain,high,CLIP,394,0.5535392761230469,"[394, 391, 395, 149, 390]"
01443_adain_low.png,0,497,adain,low,CLIP,394,0.6031143069267273,"[394, 391, 395, 390, 149]"
01444_occlusion_high.png,0,-1,occlusion,high,CLIP,394,0.5890980958938599,"[394, 391, 395, 0, 390]"
01445_occlusion_low.png,0,-1,occlusion,low,CLIP,394,0.34231168031692505,"[394, 149, 391, 0, 395]"
01446_superimposition_high.png,0,497,superimposition,high,CLIP,497,0.4444665312767029,"[497, 971, 449, 977, 782]"
01447_superimposition_low.png,0,497,superimposition,low,CLIP,497,0.982329785823822,"[497, 263, 425, 442, 663]"
01448_texture_shape_high.png,0,497,texture_shape,high,ResNet50,390,0.1539919227361679,"[390, 0, 1, 394, 149]"
01449_texture_shape_low.png,0,497,texture_shape,low,ResNet50,562,0.3725043833255768,"[562, 469, 116, 611, 427]"
01450_edge_conflict_high.png,0,497,edge_conflict,high,ResNet50,449,0.19903749227523804,"[449, 497, 562, 437, 904]"
01451_edge_conflict_low.png,0,497,edge_conflict,low,ResNet50,497,0.6181332468986511,"[497, 425, 437, 970, 449]"
01452_patch_shuffle_high.png,0,497,patch_shuffle,high,ResNet50,437,0.19086387753486633,"[437, 973, 979, 974, 149]"
01453_patch_shuffle_low.png,0,497,patch_shuffle,low,ResNet50,483,0.35057878494262695,"[483, 649, 888, 970, 437]"
01454_color_inversion_high.png,0,497,color_inversion,high,ResNet50,974,0.11233685165643692,"[974, 970, 469, 437, 611]"
01455_color_inversion_low.png,0,497,color_inversion,low,ResNet50,497,0.2528206706047058,"[497, 437, 970, 425, 449]"
01456_adain_high.png,217,701,adain,high,ResNet50,220,0.6278829574584961,"[220, 219, 216, 217, 156]"
01457_adain_low.png,217,701,adain,low,ResNet50,220,0.7756240367889404,"[220, 219, 216, 217, 218]"
01458_occlusion_high.png,217,-1,occlusion,high,ResNet50,219,0.29659250378608704,"[219, 220, 216, 214, 213]"
01459_occlusion_low.png,217,-1,occlusion,low,ResNet50,219,0.16216766834259033,"[219, 220, 552, 400, 156]"
01460_superimposition_high.png,217,701,superimposition,high,ResNet50,220,0.6968978643417358,"[220, 219, 216, 217, 152]"
01461_superimposition_low.png,217,701,superimposition,low,ResNet50,728,0.118126779794693,"[728, 793, 968, 512, 647]"
01462_texture_shape_high.png,217,701,texture_shape,high,ResNet50,220,0.6483484506607056,"[220, 219, 216, 217, 218]"
01463_texture_shape_low.png,217,701,texture_shape,low,ResNet50,69,0.41194358468055725,"[69, 5, 568, 220, 221]"
01448_texture_shape_high.png,0,497,texture_shape,high,ResNet101,0,0.39117252826690674,"[0, 103, 33, 394, 149]"
01449_texture_shape_low.png,0,497,texture_shape,low,ResNet101,562,0.14877758920192719,"[562, 469, 149, 36, 147]"
01450_edge_conflict_high.png,0,497,edge_conflict,high,ResNet101,497,0.2002687007188797,"[497, 437, 449, 425, 716]"
01451_edge_conflict_low.png,0,497,edge_conflict,low,ResNet101,497,0.6978330612182617,"[497, 437, 483, 425, 975]"
01452_patch_shuffle_high.png,0,497,patch_shuffle,high,ResNet101,437,0.15270519256591797,"[437, 975, 29, 390, 888]"
01453_patch_shuffle_low.png,0,497,patch_shuffle,low,ResNet101,437,0.22950942814350128,"[437, 483, 682, 497, 598]"
01454_color_inversion_high.png,0,497,color_inversion,high,ResNet101,470,0.04743792861700058,"[470, 469, 899, 966, 876]"
01455_color_inversion_low.png,0,497,color_inversion,low,ResNet101,437,0.3552548885345459,"[437, 497, 425, 970, 483]"
01456_adain_high.png,217,701,adain,high,ResNet101,220,0.38770583271980286,"[220, 219, 216, 217, 156]"
01457_adain_low.png,217,701,adain,low,ResNet101,220,0.46916550397872925,"[220, 217, 219, 216, 218]"
01458_occlusion_high.png,217,-1,occlusion,high,ResNet101,220,0.4087831974029541,"[220, 219, 216, 691, 918]"
01459_occlusion_low.png,217,-1,occlusion,low,ResNet101,217,0.11840938776731491,"[217, 220, 219, 265, 218]"
01460_superimposition_high.png,217,701,superimposition,high,ResNet101,220,0.6150966882705688,"[220, 219, 217, 216, 156]"
01461_superimposition_low.png,217,701,superimposition,low,ResNet101,512,0.4411649703979492,"[512, 647, 968, 503, 473]"
01462_texture_shape_high.png,217,701,texture_shape,high,ResNet101,220,0.46935051679611206,"[220, 217, 219, 216, 218]"
01463_texture_shape_low.png,217,701,texture_shape,low,ResNet101,219,0.5041108131408691,"[219, 221, 266, 216, 267]"
01448_texture_shape_high.png,0,497,texture_shape,high,ConvNeXt,394,0.2130984216928482,"[394, 0, 390, 974, 103]"
01449_texture_shape_low.png,0,497,texture_shape,low,ConvNeXt,103,0.05505188927054405,"[103, 390, 394, 0, 147]"
01450_edge_conflict_high.png,0,497,edge_conflict,high,ConvNeXt,497,0.05638819932937622,"[497, 34, 36, 147, 148]"
01451_edge_conflict_low.png,0,497,edge_conflict,low,ConvNeXt,497,0.11446554958820343,"[497, 974, 663, 483, 442]"
01452_patch_shuffle_high.png,0,497,patch_shuffle,high,ConvNeXt,979,0.08579077571630478,"[979, 0, 970, 980, 394]"
01453_patch_shuffle_low.png,0,497,patch_shuffle,low,ConvNeXt,394,0.1604161411523819,"[394, 0, 976, 979, 975]"
01454_color_inversion_high.png,0,497,color_inversion,high,ConvNeXt,394,0.1262952983379364,"[394, 497, 149, 0, 344]"
01455_color_inversion_low.png,0,497,color_inversion,low,ConvNeXt,974,0.18932341039180756,"[974, 483, 497, 975, 980]"
01456_adain_high.png,217,701,adain,high,ConvNeXt,220,0.1927371770143509,"[220, 217, 218, 219, 216]"
01457_adain_low.png,217,701,adain,low,ConvNeXt,220,0.24913394451141357,"[220, 217, 218, 219, 216]"
01458_occlusion_high.png,217,-1,occlusion,high,ConvNeXt,220,0.3657211661338806,"[220, 217, 216, 218, 219]"
01459_occlusion_low.png,217,-1,occlusion,low,ConvNeXt,220,0.32514333724975586,"[220, 217, 218, 219, 216]"
01460_superimposition_high.png,217,701,superimposition,high,ConvNeXt,220,0.1887636035680771,"[220, 217, 216, 219, 218]"
01461_superimposition_low.png,217,701,superimposition,low,ConvNeXt,647,0.22647404670715332,"[647, 429, 220, 701, 217]"
01462_texture_shape_high.png,217,701,texture_shape,high,ConvNeXt,217,0.2060503512620926,"[217, 220, 218, 219, 216]"
01463_texture_shape_low.png,217,701,texture_shape,low,ConvNeXt,219,0.18694579601287842,"[219, 220, 221, 266, 217]"
01448_texture_shape_high.png,0,497,texture_shape,high,ViT-B/16,0,0.6876047849655151,"[0, 394, 103, 389, 390]"
01449_texture_shape_low.png,0,497,texture_shape,low,ViT-B/16,103,0.2143062800168991,"[103, 395, 394, 389, 391]"
01450_edge_conflict_high.png,0,497,edge_conflict,high,ViT-B/16,497,0.19435031712055206,"[497, 425, 437, 442, 971]"
01451_edge_conflict_low.png,0,497,edge_conflict,low,ViT-B/16,497,0.33682721853256226,"[497, 974, 663, 425, 442]"
01452_patch_shuffle_high.png,0,497,patch_shuffle,high,ViT-B/16,979,0.1262999176979065,"[979, 391, 58, 390, 0]"
01453_patch_shuffle_low.png,0,497,patch_shuffle,low,ViT-B/16,0,0.4423205852508545,"[0, 394, 390, 389, 391]"
01454_color_inversion_high.png,0,497,color_inversion,high,ViT-B/16,971,0.4480285942554474,"[971, 497, 970, 405, 868]"
01455_color_inversion_low.png,0,497,color_inversion,low,ViT-B/16,497,0.2946825623512268,"[497, 974, 107, 405, 971]"
01456_adain_high.png,217,701,adain,high,ViT-B/16,219,0.6858519315719604,"[219, 217, 220, 216, 218]"
01457_adain_low.png,217,701,adain,low,ViT-B/16,219,0.33112484216690063,"[219, 217, 220, 218, 216]"
01458_occlusion_high.png,217,-1,occlusion,high,ViT-B/16,219,0.4011276662349701,"[219, 217, 220, 218, 216]"
01459_occlusion_low.png,217,-1,occlusion,low,ViT-B/16,219,0.42338159680366516,"[219, 217, 220, 216, 218]"
01460_superimposition_high.png,217,701,superimposition,high,ViT-B/16,219,0.4088626801967621,"[219, 217, 220, 216, 647]"
01461_superimposition_low.png,217,701,superimposition,low,ViT-B/16,701,0.2754193842411041,"[701, 217, 647, 429, 219]"
01462_texture_shape_high.png,217,701,texture_shape,high,ViT-B/16,219,0.36711934208869934,"[219, 220, 217, 216, 218]"
01463_texture_shape_low.png,217,701,texture_shape,low,ViT-B/16,219,0.7909911274909973,"[219, 183, 794, 265, 160]"
01448_texture_shape_high.png,0,497,texture_shape,high,DeiT,394,0.3492800295352936,"[394, 0, 103, 390, 395]"
01449_texture_shape_low.png,0,497,texture_shape,low,DeiT,103,0.5516124963760376,"[103, 36, 360, 397, 286]"
01450_edge_conflict_high.png,0,497,edge_conflict,high,DeiT,497,0.1960124522447586,"[497, 425, 437, 492, 663]"
01451_edge_conflict_low.png,0,497,edge_conflict,low,DeiT,497,0.29692065715789795,"[497, 663, 974, 553, 437]"
01452_patch_shuffle_high.png,0,497,patch_shuffle,high,DeiT,0,0.5602648854255676,"[0, 389, 975, 394, 979]"
01453_patch_shuffle_low.png,0,497,patch_shuffle,low,DeiT,394,0.6986990571022034,"[394, 0, 389, 390, 391]"
01454_color_inversion_high.png,0,497,color_inversion,high,DeiT,497,0.25274449586868286,"[497, 103, 394, 974, 437]"
01455_color_inversion_low.png,0,497,color_inversion,low,DeiT,497,0.346309095621109,"[497, 33, 974, 663, 34]"
01456_adain_high.png,217,701,adain,high,DeiT,219,0.11859685927629471,"[219, 217, 220, 218, 156]"
01457_adain_low.png,217,701,adain,low,DeiT,220,0.21293234825134277,"[220, 217, 219, 218, 216]"
01458_occlusion_high.png,217,-1,occlusion,high,DeiT,220,0.38811883330345154,"[220, 219, 217, 216, 218]"
01459_occlusion_low.png,217,-1,occlusion,low,DeiT,220,0.3085280954837799,"[220, 217, 219, 218, 216]"
01460_superimposition_high.png,217,701,superimposition,high,DeiT,220,0.5125497579574585,"[220, 712, 219, 78, 111]"
01461_superimposition_low.png,217,701,superimposition,low,DeiT,701,0.6500837802886963,"[701, 219, 220, 217, 216]"
01462_texture_shape_high.png,217,701,texture_shape,high,DeiT,217,0.18811771273612976,"[217, 220, 219, 218, 216]"
01463_texture_shape_low.png,217,701,texture_shape,low,DeiT,219,0.12564407289028168,"[219, 220, 591, 885, 217]"
01448_texture_shape_high.png,0,497,texture_shape,high,CLIP,394,0.32382336258888245,"[394, 391, 395, 0, 390]"
01449_texture_shape_low.png,0,497,texture_shape,low,CLIP,913,0.252318799495697,"[913, 390, 782, 149, 107]"
01450_edge_conflict_high.png,0,497,edge_conflict,high,CLIP,497,0.6856934428215027,"[497, 782, 904, 669, 608]"
01451_edge_conflict_low.png,0,497,edge_conflict,low,CLIP,497,0.9784467816352844,"[497, 663, 263, 442, 255]"
01452_patch_shuffle_high.png,0,497,patch_shuffle,high,CLIP,394,0.5463012456893921,"[394, 391, 149, 395, 390]"
01453_patch_shuffle_low.png,0,497,patch_shuffle,low,CLIP,149,0.35408103466033936,"[149, 103, 390, 58, 394]"
01454_color_inversion_high.png,0,497,color_inversion,high,CLIP,497,0.8724980354309082,"[497, 971, 263, 782, 669]"
01455_color_inversion_low.png,0,497,color_inversion,low,CLIP,497,0.9410197734832764,"[497, 263, 425, 716, 782]"
01456_adain_high.png,217,701,adain,high,CLIP,156,0.6837190389633179,"[156, 219, 220, 152, 215]"
01457_adain_low.png,217,701,adain,low,CLIP,156,0.7418246865272522,"[156, 219, 152, 215, 220]"
01458_occlusion_high.png,217,-1,occlusion,high,CLIP,152,0.4604202210903168,"[152, 219, 156, 215, 220]"
01459_occlusion_low.png,217,-1,occlusion,low,CLIP,219,0.6307220458984375,"[219, 156, 152, 220, 215]"
01460_superimposition_high.png,217,701,superimposition,high,CLIP,156,0.5327647924423218,"[156, 219, 152, 220, 215]"
01461_superimposition_low.png,217,701,superimposition,low,CLIP,676,0.34973210096359253,"[676, 219, 152, 156, 220]"
01462_texture_shape_high.png,217,701,texture_shape,high,CLIP,156,0.6310709714889526,"[156, 152, 219, 220, 215]"
01463_texture_shape_low.png,217,701,texture_shape,low,CLIP,265,0.20277021825313568,"[265, 156, 266, 152, 215]"
01464_edge_conflict_high.png,217,701,edge_conflict,high,ResNet50,73,0.4587972164154053,"[73, 815, 78, 904, 126]"
01465_edge_conflict_low.png,217,701,edge_conflict,low,ResNet50,73,0.22267822921276093,"[73, 512, 78, 815, 126]"
01466_patch_shuffle_high.png,217,701,patch_shuffle,high,ResNet50,220,0.4999896287918091,"[220, 219, 178, 216, 163]"
01467_patch_shuffle_low.png,217,701,patch_shuffle,low,ResNet50,220,0.5163866281509399,"[220, 219, 216, 218, 217]"
01468_color_inversion_high.png,217,701,color_inversion,high,ResNet50,219,0.3580890893936157,"[219, 220, 216, 194, 160]"
01469_color_inversion_low.png,217,701,color_inversion,low,ResNet50,728,0.23648987710475922,"[728, 793, 435, 876, 516]"
01470_adain_high.png,217,482,adain,high,ResNet50,220,0.6015826463699341,"[220, 217, 219, 216, 218]"
01471_adain_low.png,217,482,adain,low,ResNet50,220,0.7972358465194702,"[220, 216, 219, 217, 218]"
01472_occlusion_high.png,217,-1,occlusion,high,ResNet50,220,0.7467575669288635,"[220, 219, 216, 175, 218]"
01473_occlusion_low.png,217,-1,occlusion,low,ResNet50,220,0.9416840076446533,"[220, 219, 216, 221, 256]"
01474_superimposition_high.png,217,482,superimposition,high,ResNet50,220,0.8911375999450684,"[220, 216, 221, 256, 217]"
01475_superimposition_low.png,217,482,superimposition,low,ResNet50,482,0.31014400720596313,"[482, 713, 848, 814, 485]"
01476_texture_shape_high.png,217,482,texture_shape,high,ResNet50,220,0.9801852703094482,"[220, 216, 219, 217, 152]"
01477_texture_shape_low.png,217,482,texture_shape,low,ResNet50,911,0.14966435730457306,"[911, 608, 591, 824, 696]"
01478_edge_conflict_high.png,217,482,edge_conflict,high,ResNet50,784,0.11966895312070847,"[784, 405, 581, 754, 662]"
01479_edge_conflict_low.png,217,482,edge_conflict,low,ResNet50,482,0.2998970150947571,"[482, 485, 662, 848, 754]"
01464_edge_conflict_high.png,217,701,edge_conflict,high,ResNet101,78,0.28950220346450806,"[78, 111, 901, 556, 73]"
01465_edge_conflict_low.png,217,701,edge_conflict,low,ResNet101,73,0.21180306375026703,"[73, 78, 429, 815, 111]"
01466_patch_shuffle_high.png,217,701,patch_shuffle,high,ResNet101,220,0.33051612973213196,"[220, 256, 206, 243, 219]"
01467_patch_shuffle_low.png,217,701,patch_shuffle,low,ResNet101,219,0.5451260805130005,"[219, 220, 744, 216, 160]"
01468_color_inversion_high.png,217,701,color_inversion,high,ResNet101,216,0.45976564288139343,"[216, 219, 220, 160, 212]"
01469_color_inversion_low.png,217,701,color_inversion,low,ResNet101,572,0.2340114414691925,"[572, 452, 968, 516, 619]"
01470_adain_high.png,217,482,adain,high,ResNet101,217,0.41737067699432373,"[217, 220, 218, 216, 219]"
01471_adain_low.png,217,482,adain,low,ResNet101,220,0.6061378121376038,"[220, 217, 216, 218, 219]"
01472_occlusion_high.png,217,-1,occlusion,high,ResNet101,226,0.46270692348480225,"[226, 220, 219, 175, 256]"
01473_occlusion_low.png,217,-1,occlusion,low,ResNet101,220,0.8012925982475281,"[220, 216, 219, 256, 221]"
01474_superimposition_high.png,217,482,superimposition,high,ResNet101,220,0.9527447819709778,"[220, 216, 219, 217, 256]"
01475_superimposition_low.png,217,482,superimposition,low,ResNet101,482,0.6395664215087891,"[482, 848, 485, 754, 481]"
01476_texture_shape_high.png,217,482,texture_shape,high,ResNet101,220,0.6293895244598389,"[220, 216, 175, 212, 219]"
01477_texture_shape_low.png,217,482,texture_shape,low,ResNet101,476,0.2506353557109833,"[476, 562, 904, 815, 898]"
01478_edge_conflict_high.png,217,482,edge_conflict,high,ResNet101,405,0.42813020944595337,"[405, 833, 662, 481, 482]"
01479_edge_conflict_low.png,217,482,edge_conflict,low,ResNet101,482,0.5222312211990356,"[482, 848, 485, 481, 662]"
01464_edge_conflict_high.png,217,701,edge_conflict,high,ConvNeXt,73,0.2506222426891327,"[73, 815, 429, 74, 111]"
01465_edge_conflict_low.png,217,701,edge_conflict,low,ConvNeXt,429,0.25291168689727783,"[429, 73, 506, 712, 647]"
01466_patch_shuffle_high.png,217,701,patch_shuffle,high,ConvNeXt,220,0.30979660153388977,"[220, 216, 219, 218, 217]"
01467_patch_shuffle_low.png,217,701,patch_shuffle,low,ConvNeXt,220,0.23771360516548157,"[220, 217, 216, 219, 218]"
01468_color_inversion_high.png,217,701,color_inversion,high,ConvNeXt,220,0.3357659578323364,"[220, 216, 217, 73, 111]"
01469_color_inversion_low.png,217,701,color_inversion,low,ConvNeXt,220,0.23037584125995636,"[220, 647, 429, 216, 701]"
01470_adain_high.png,217,482,adain,high,ConvNeXt,220,0.31997549533843994,"[220, 217, 218, 216, 219]"
01471_adain_low.png,217,482,adain,low,ConvNeXt,220,0.287470281124115,"[220, 217, 218, 216, 219]"
01472_occlusion_high.png,217,-1,occlusion,high,ConvNeXt,220,0.5023006200790405,"[220, 218, 217, 216, 219]"
01473_occlusion_low.png,217,-1,occlusion,low,ConvNeXt,220,0.30692481994628906,"[220, 217, 218, 219, 216]"
01474_superimposition_high.png,217,482,superimposition,high,ConvNeXt,220,0.45680782198905945,"[220, 217, 218, 216, 219]"
01475_superimposition_low.png,217,482,superimposition,low,ConvNeXt,482,0.315531849861145,"[482, 220, 226, 244, 185]"
01476_texture_shape_high.png,217,482,texture_shape,high,ConvNeXt,220,0.4813213050365448,"[220, 217, 218, 216, 219]"
01477_texture_shape_low.png,217,482,texture_shape,low,ConvNeXt,525,0.024845318868756294,"[525, 712, 905, 113, 126]"
01478_edge_conflict_high.png,217,482,edge_conflict,high,ConvNeXt,482,0.06195620074868202,"[482, 485, 848, 530, 405]"
01479_edge_conflict_low.png,217,482,edge_conflict,low,ConvNeXt,482,0.26586976647377014,"[482, 848, 485, 481, 754]"
01464_edge_conflict_high.png,217,701,edge_conflict,high,ViT-B/16,233,0.10185149312019348,"[233, 968, 256, 197, 183]"
01465_edge_conflict_low.png,217,701,edge_conflict,low,ViT-B/16,647,0.17055644094944,"[647, 429, 446, 968, 815]"
01466_patch_shuffle_high.png,217,701,patch_shuffle,high,ViT-B/16,219,0.6361244916915894,"[219, 220, 217, 155, 156]"
01467_patch_shuffle_low.png,217,701,patch_shuffle,low,ViT-B/16,219,0.6331464648246765,"[219, 220, 217, 216, 152]"
01468_color_inversion_high.png,217,701,color_inversion,high,ViT-B/16,219,0.5241935849189758,"[219, 220, 701, 78, 216]"
01469_color_inversion_low.png,217,701,color_inversion,low,ViT-B/16,701,0.23480486869812012,"[701, 219, 647, 512, 220]"
01470_adain_high.png,217,482,adain,high,ViT-B/16,217,0.33095410466194153,"[217, 220, 218, 216, 156]"
01471_adain_low.png,217,482,adain,low,ViT-B/16,217,0.33435216546058655,"[217, 220, 218, 216, 256]"
01472_occlusion_high.png,217,-1,occlusion,high,ViT-B/16,220,0.26185595989227295,"[220, 217, 218, 216, 256]"
01473_occlusion_low.png,217,-1,occlusion,low,ViT-B/16,217,0.4542786478996277,"[217, 218, 220, 216, 156]"
01474_superimposition_high.png,217,482,superimposition,high,ViT-B/16,217,0.3332284688949585,"[217, 218, 220, 482, 742]"
01475_superimposition_low.png,217,482,superimposition,low,ViT-B/16,482,0.4813832640647888,"[482, 485, 220, 226, 848]"
01476_texture_shape_high.png,217,482,texture_shape,high,ViT-B/16,220,0.4969721734523773,"[220, 217, 216, 218, 219]"
01477_texture_shape_low.png,217,482,texture_shape,low,ViT-B/16,175,0.10790041089057922,"[175, 212, 207, 209, 213]"
01478_edge_conflict_high.png,217,482,edge_conflict,high,ViT-B/16,530,0.0804118886590004,"[530, 662, 482, 673, 754]"
01479_edge_conflict_low.png,217,482,edge_conflict,low,ViT-B/16,482,0.4661167562007904,"[482, 485, 918, 848, 425]"
01464_edge_conflict_high.png,217,701,edge_conflict,high,DeiT,968,0.17910918593406677,"[968, 111, 815, 492, 73]"
01465_edge_conflict_low.png,217,701,edge_conflict,low,DeiT,701,0.3351426124572754,"[701, 107, 815, 646, 73]"
01466_patch_shuffle_high.png,217,701,patch_shuffle,high,DeiT,220,0.5063246488571167,"[220, 219, 217, 216, 218]"
01467_patch_shuffle_low.png,217,701,patch_shuffle,low,DeiT,220,0.34923893213272095,"[220, 219, 217, 218, 216]"
01468_color_inversion_high.png,217,701,color_inversion,high,DeiT,220,0.22799083590507507,"[220, 701, 78, 217, 219]"
01469_color_inversion_low.png,217,701,color_inversion,low,DeiT,701,0.6316214203834534,"[701, 220, 219, 216, 429]"
01470_adain_high.png,217,482,adain,high,DeiT,218,0.7367781400680542,"[218, 217, 213, 220, 212]"
01471_adain_low.png,217,482,adain,low,DeiT,218,0.7431287169456482,"[218, 217, 213, 220, 215]"
01472_occlusion_high.png,217,-1,occlusion,high,DeiT,218,0.32617074251174927,"[218, 217, 220, 213, 221]"
01473_occlusion_low.png,217,-1,occlusion,low,DeiT,218,0.6529433727264404,"[218, 217, 220, 213, 215]"
01474_superimposition_high.png,217,482,superimposition,high,DeiT,218,0.22212129831314087,"[218, 891, 217, 213, 220]"
01475_superimposition_low.png,217,482,superimposition,low,DeiT,482,0.48429161310195923,"[482, 218, 848, 485, 220]"
01476_texture_shape_high.png,217,482,texture_shape,high,DeiT,218,0.25838080048561096,"[218, 217, 220, 213, 905]"
01477_texture_shape_low.png,217,482,texture_shape,low,DeiT,751,0.04994704946875572,"[751, 270, 904, 525, 905]"
01478_edge_conflict_high.png,217,482,edge_conflict,high,DeiT,562,0.13355515897274017,"[562, 482, 958, 848, 742]"
01479_edge_conflict_low.png,217,482,edge_conflict,low,DeiT,482,0.4914872944355011,"[482, 848, 562, 485, 425]"
01464_edge_conflict_high.png,217,701,edge_conflict,high,CLIP,643,0.4018010199069977,"[643, 782, 789, 612, 628]"
01465_edge_conflict_low.png,217,701,edge_conflict,low,CLIP,27,0.46848174929618835,"[27, 111, 643, 712, 669]"
01466_patch_shuffle_high.png,217,701,patch_shuffle,high,CLIP,215,0.3076513111591339,"[215, 152, 219, 156, 220]"
01467_patch_shuffle_low.png,217,701,patch_shuffle,low,CLIP,219,0.355693519115448,"[219, 152, 156, 265, 266]"
01468_color_inversion_high.png,217,701,color_inversion,high,CLIP,219,0.4015008211135864,"[219, 220, 156, 152, 212]"
01469_color_inversion_low.png,217,701,color_inversion,low,CLIP,154,0.20292241871356964,"[154, 676, 220, 152, 222]"
01470_adain_high.png,217,482,adain,high,CLIP,156,0.5598384141921997,"[156, 244, 247, 219, 152]"
01471_adain_low.png,217,482,adain,low,CLIP,156,0.5288945436477661,"[156, 244, 247, 216, 152]"
01472_occlusion_high.png,217,-1,occlusion,high,CLIP,156,0.3930627703666687,"[156, 219, 152, 220, 256]"
01473_occlusion_low.png,217,-1,occlusion,low,CLIP,244,0.3619351089000702,"[244, 156, 200, 215, 175]"
01474_superimposition_high.png,217,482,superimposition,high,CLIP,156,0.5608303546905518,"[156, 256, 220, 244, 219]"
01475_superimposition_low.png,217,482,superimposition,low,CLIP,848,0.7391272187232971,"[848, 482, 485, 745, 761]"
01476_texture_shape_high.png,217,482,texture_shape,high,CLIP,244,0.889733076095581,"[244, 156, 220, 215, 260]"
01477_texture_shape_low.png,217,482,texture_shape,low,CLIP,851,0.3513053357601166,"[851, 782, 476, 664, 204]"
01478_edge_conflict_high.png,217,482,edge_conflict,high,CLIP,482,0.1736070066690445,"[482, 848, 485, 468, 481]"
01479_edge_conflict_low.png,217,482,edge_conflict,low,CLIP,848,0.3879639506340027,"[848, 485, 482, 761, 859]"
01480_patch_shuffle_high.png,217,482,patch_shuffle,high,ResNet50,220,0.4670797288417816,"[220, 217, 215, 216, 218]"
01481_patch_shuffle_low.png,217,482,patch_shuffle,low,ResNet50,220,0.6859140396118164,"[220, 217, 218, 216, 219]"
01482_color_inversion_high.png,217,482,color_inversion,high,ResNet50,691,0.19154228270053864,"[691, 728, 913, 899, 405]"
01483_color_inversion_low.png,217,482,color_inversion,low,ResNet50,713,0.3743128180503845,"[713, 742, 482, 848, 814]"
01484_adain_high.png,217,491,adain,high,ResNet50,217,0.40823790431022644,"[217, 232, 161, 264, 162]"
01485_adain_low.png,217,491,adain,low,ResNet50,217,0.2756659984588623,"[217, 161, 162, 166, 232]"
01486_occlusion_high.png,217,-1,occlusion,high,ResNet50,162,0.13597188889980316,"[162, 161, 188, 167, 217]"
01487_occlusion_low.png,217,-1,occlusion,low,ResNet50,161,0.27270129323005676,"[161, 217, 264, 162, 164]"
01488_superimposition_high.png,217,491,superimposition,high,ResNet50,161,0.40037304162979126,"[161, 166, 162, 217, 167]"
01489_superimposition_low.png,217,491,superimposition,low,ResNet50,595,0.3405313789844513,"[595, 856, 634, 540, 803]"
01490_texture_shape_high.png,217,491,texture_shape,high,ResNet50,264,0.16832637786865234,"[264, 232, 217, 166, 167]"
01491_texture_shape_low.png,217,491,texture_shape,low,ResNet50,830,0.08022340387105942,"[830, 128, 413, 352, 9]"
01492_edge_conflict_high.png,217,491,edge_conflict,high,ResNet50,772,0.1634398102760315,"[772, 695, 674, 820, 878]"
01493_edge_conflict_low.png,217,491,edge_conflict,low,ResNet50,595,0.5000506043434143,"[595, 856, 634, 820, 730]"
01494_patch_shuffle_high.png,217,491,patch_shuffle,high,ResNet50,232,0.23578552901744843,"[232, 217, 166, 162, 264]"
01495_patch_shuffle_low.png,217,491,patch_shuffle,low,ResNet50,232,0.17797788977622986,"[232, 217, 188, 195, 162]"
01480_patch_shuffle_high.png,217,482,patch_shuffle,high,ResNet101,212,0.25602856278419495,"[212, 220, 221, 210, 214]"
01481_patch_shuffle_low.png,217,482,patch_shuffle,low,ResNet101,220,0.6480119824409485,"[220, 218, 217, 216, 156]"
01482_color_inversion_high.png,217,482,color_inversion,high,ResNet101,606,0.1321912556886673,"[606, 847, 469, 653, 544]"
01483_color_inversion_low.png,217,482,color_inversion,low,ResNet101,482,0.7539497017860413,"[482, 848, 481, 485, 742]"
01484_adain_high.png,217,491,adain,high,ResNet101,217,0.37849244475364685,"[217, 232, 264, 231, 162]"
01485_adain_low.png,217,491,adain,low,ResNet101,217,0.5208050608634949,"[217, 232, 264, 231, 229]"
01486_occlusion_high.png,217,-1,occlusion,high,ResNet101,384,0.548193633556366,"[384, 388, 256, 229, 188]"
01487_occlusion_low.png,217,-1,occlusion,low,ResNet101,232,0.34972742199897766,"[232, 217, 264, 231, 227]"
01488_superimposition_high.png,217,491,superimposition,high,ResNet101,217,0.6398722529411316,"[217, 155, 188, 229, 232]"
01489_superimposition_low.png,217,491,superimposition,low,ResNet101,634,0.532654881477356,"[634, 540, 595, 807, 856]"
01490_texture_shape_high.png,217,491,texture_shape,high,ResNet101,217,0.4486653804779053,"[217, 264, 232, 239, 231]"
01491_texture_shape_low.png,217,491,texture_shape,low,ResNet101,993,0.09971414506435394,"[993, 996, 128, 35, 63]"
01492_edge_conflict_high.png,217,491,edge_conflict,high,ResNet101,803,0.12144294381141663,"[803, 595, 423, 674, 571]"
01493_edge_conflict_low.png,217,491,edge_conflict,low,ResNet101,595,0.14857132732868195,"[595, 634, 540, 423, 856]"
01494_patch_shuffle_high.png,217,491,patch_shuffle,high,ResNet101,217,0.48203593492507935,"[217, 232, 231, 195, 264]"
01495_patch_shuffle_low.png,217,491,patch_shuffle,low,ResNet101,232,0.3707706332206726,"[232, 264, 217, 384, 231]"
01480_patch_shuffle_high.png,217,482,patch_shuffle,high,ConvNeXt,220,0.27963346242904663,"[220, 217, 218, 213, 216]"
01481_patch_shuffle_low.png,217,482,patch_shuffle,low,ConvNeXt,220,0.36754652857780457,"[220, 218, 217, 156, 216]"
01482_color_inversion_high.png,217,482,color_inversion,high,ConvNeXt,220,0.3852502405643463,"[220, 218, 256, 482, 247]"
01483_color_inversion_low.png,217,482,color_inversion,low,ConvNeXt,482,0.12348908931016922,"[482, 185, 186, 220, 226]"
01484_adain_high.png,217,491,adain,high,ConvNeXt,232,0.2804274260997772,"[232, 217, 231, 166, 162]"
01485_adain_low.png,217,491,adain,low,ConvNeXt,232,0.19180060923099518,"[232, 217, 166, 161, 162]"
01486_occlusion_high.png,217,-1,occlusion,high,ConvNeXt,166,0.11931222677230835,"[166, 161, 162, 232, 164]"
01487_occlusion_low.png,217,-1,occlusion,low,ConvNeXt,161,0.14229758083820343,"[161, 166, 232, 164, 162]"
01488_superimposition_high.png,217,491,superimposition,high,ConvNeXt,217,0.05700577050447464,"[217, 232, 166, 167, 162]"
01489_superimposition_low.png,217,491,superimposition,low,ConvNeXt,491,0.1730097532272339,"[491, 856, 777, 477, 634]"
01490_texture_shape_high.png,217,491,texture_shape,high,ConvNeXt,232,0.1726718693971634,"[232, 166, 217, 264, 161]"
01491_texture_shape_low.png,217,491,texture_shape,low,ConvNeXt,264,0.07145582884550095,"[264, 275, 227, 232, 244]"
01492_edge_conflict_high.png,217,491,edge_conflict,high,ConvNeXt,878,0.030627114698290825,"[878, 856, 820, 491, 477]"
01493_edge_conflict_low.png,217,491,edge_conflict,low,ConvNeXt,491,0.10929053276777267,"[491, 477, 856, 812, 820]"
01494_patch_shuffle_high.png,217,491,patch_shuffle,high,ConvNeXt,232,0.13394920527935028,"[232, 162, 161, 166, 264]"
01495_patch_shuffle_low.png,217,491,patch_shuffle,low,ConvNeXt,232,0.2832168936729431,"[232, 264, 166, 217, 162]"
01480_patch_shuffle_high.png,217,482,patch_shuffle,high,ViT-B/16,220,0.2520720064640045,"[220, 218, 217, 215, 216]"
01481_patch_shuffle_low.png,217,482,patch_shuffle,low,ViT-B/16,218,0.4941723346710205,"[218, 217, 220, 216, 215]"
01482_color_inversion_high.png,217,482,color_inversion,high,ViT-B/16,177,0.22767437994480133,"[177, 482, 778, 269, 270]"
01483_color_inversion_low.png,217,482,color_inversion,low,ViT-B/16,482,0.48279452323913574,"[482, 485, 233, 177, 226]"
01484_adain_high.png,217,491,adain,high,ViT-B/16,217,0.640838086605072,"[217, 232, 229, 220, 256]"
01485_adain_low.png,217,491,adain,low,ViT-B/16,217,0.696824312210083,"[217, 232, 220, 188, 229]"
01486_occlusion_high.png,217,-1,occlusion,high,ViT-B/16,217,0.5383676886558533,"[217, 232, 220, 162, 161]"
01487_occlusion_low.png,217,-1,occlusion,low,ViT-B/16,217,0.4862842857837677,"[217, 162, 232, 210, 161]"
01488_superimposition_high.png,217,491,superimposition,high,ViT-B/16,217,0.4092194736003876,"[217, 162, 220, 188, 218]"
01489_superimposition_low.png,217,491,superimposition,low,ViT-B/16,491,0.20970341563224792,"[491, 218, 477, 217, 634]"
01490_texture_shape_high.png,217,491,texture_shape,high,ViT-B/16,217,0.8048086166381836,"[217, 229, 232, 220, 256]"
01491_texture_shape_low.png,217,491,texture_shape,low,ViT-B/16,256,0.1153978705406189,"[256, 217, 220, 275, 219]"
01492_edge_conflict_high.png,217,491,edge_conflict,high,ViT-B/16,361,0.04401218518614769,"[361, 348, 126, 247, 349]"
01493_edge_conflict_low.png,217,491,edge_conflict,low,ViT-B/16,491,0.5800050497055054,"[491, 477, 747, 540, 777]"
01494_patch_shuffle_high.png,217,491,patch_shuffle,high,ViT-B/16,232,0.24576395750045776,"[232, 217, 188, 264, 162]"
01495_patch_shuffle_low.png,217,491,patch_shuffle,low,ViT-B/16,217,0.43680301308631897,"[217, 232, 220, 210, 188]"
01480_patch_shuffle_high.png,217,482,patch_shuffle,high,DeiT,217,0.2577827572822571,"[217, 220, 218, 215, 213]"
01481_patch_shuffle_low.png,217,482,patch_shuffle,low,DeiT,218,0.7259950637817383,"[218, 213, 217, 220, 212]"
01482_color_inversion_high.png,217,482,color_inversion,high,DeiT,220,0.24787800014019012,"[220, 217, 218, 891, 521]"
01483_color_inversion_low.png,217,482,color_inversion,low,DeiT,482,0.3225468099117279,"[482, 175, 229, 848, 228]"
01484_adain_high.png,217,491,adain,high,DeiT,256,0.08120010793209076,"[256, 161, 217, 166, 229]"
01485_adain_low.png,217,491,adain,low,DeiT,166,0.1359451413154602,"[166, 217, 161, 232, 220]"
01486_occlusion_high.png,217,-1,occlusion,high,DeiT,166,0.103783018887043,"[166, 232, 161, 164, 217]"
01487_occlusion_low.png,217,-1,occlusion,low,DeiT,264,0.2599901556968689,"[264, 217, 232, 220, 210]"
01488_superimposition_high.png,217,491,superimposition,high,DeiT,217,0.30541184544563293,"[217, 856, 220, 219, 634]"
01489_superimposition_low.png,217,491,superimposition,low,DeiT,491,0.2813810408115387,"[491, 634, 856, 217, 477]"
01490_texture_shape_high.png,217,491,texture_shape,high,DeiT,217,0.27175700664520264,"[217, 229, 220, 232, 256]"
01491_texture_shape_low.png,217,491,texture_shape,low,DeiT,345,0.41093480587005615,"[345, 229, 174, 227, 264]"
01492_edge_conflict_high.png,217,491,edge_conflict,high,DeiT,893,0.16372889280319214,"[893, 636, 111, 539, 423]"
01493_edge_conflict_low.png,217,491,edge_conflict,low,DeiT,477,0.24824762344360352,"[477, 423, 777, 491, 539]"
01494_patch_shuffle_high.png,217,491,patch_shuffle,high,DeiT,232,0.1696956604719162,"[232, 210, 166, 164, 264]"
01495_patch_shuffle_low.png,217,491,patch_shuffle,low,DeiT,264,0.24134686589241028,"[264, 232, 166, 210, 217]"
01480_patch_shuffle_high.png,217,482,patch_shuffle,high,CLIP,216,0.16592198610305786,"[216, 156, 218, 219, 220]"
01481_patch_shuffle_low.png,217,482,patch_shuffle,low,CLIP,156,0.5283380746841431,"[156, 219, 218, 247, 215]"
01482_color_inversion_high.png,217,482,color_inversion,high,CLIP,428,0.5743626356124878,"[428, 348, 164, 256, 439]"
01483_color_inversion_low.png,217,482,color_inversion,low,CLIP,859,0.5436047911643982,"[859, 428, 811, 651, 341]"
01484_adain_high.png,217,491,adain,high,CLIP,217,0.6074072122573853,"[217, 161, 200, 247, 229]"
01485_adain_low.png,217,491,adain,low,CLIP,217,0.7130120396614075,"[217, 161, 156, 200, 263]"
01486_occlusion_high.png,217,-1,occlusion,high,CLIP,217,0.21265174448490143,"[217, 161, 162, 361, 263]"
01487_occlusion_low.png,217,-1,occlusion,low,CLIP,161,0.8622502684593201,"[161, 217, 162, 263, 330]"
01488_superimposition_high.png,217,491,superimposition,high,CLIP,217,0.5741870999336243,"[217, 161, 200, 156, 219]"
01489_superimposition_low.png,217,491,superimposition,low,CLIP,491,0.2881354093551636,"[491, 587, 499, 596, 477]"
01490_texture_shape_high.png,217,491,texture_shape,high,CLIP,200,0.399557501077652,"[200, 217, 229, 247, 161]"
01491_texture_shape_low.png,217,491,texture_shape,low,CLIP,447,0.5386107563972473,"[447, 384, 195, 643, 439]"
01492_edge_conflict_high.png,217,491,edge_conflict,high,CLIP,756,0.11244552582502365,"[756, 744, 686, 562, 904]"
01493_edge_conflict_low.png,217,491,edge_conflict,low,CLIP,587,0.2476837933063507,"[587, 777, 477, 395, 471]"
01494_patch_shuffle_high.png,217,491,patch_shuffle,high,CLIP,217,0.7917001843452454,"[217, 241, 161, 162, 263]"
01495_patch_shuffle_low.png,217,491,patch_shuffle,low,CLIP,217,0.15888722240924835,"[217, 196, 232, 229, 188]"
01496_color_inversion_high.png,217,491,color_inversion,high,ResNet50,174,0.23239438235759735,"[174, 254, 384, 995, 284]"
01497_color_inversion_low.png,217,491,color_inversion,low,ResNet50,847,0.326437383890152,"[847, 586, 465, 595, 830]"
01498_adain_high.png,217,482,adain,high,ResNet50,310,0.6500937342643738,"[310, 314, 53, 302, 305]"
01499_adain_low.png,217,482,adain,low,ResNet50,120,0.2127847671508789,"[120, 217, 360, 310, 139]"
01500_occlusion_high.png,217,-1,occlusion,high,ResNet50,918,0.9928870797157288,"[918, 500, 646, 65, 743]"
01501_occlusion_low.png,217,-1,occlusion,low,ResNet50,918,0.8289677500724792,"[918, 646, 458, 919, 743]"
01502_superimposition_high.png,217,482,superimposition,high,ResNet50,913,0.17719432711601257,"[913, 481, 674, 492, 898]"
01503_superimposition_low.png,217,482,superimposition,low,ResNet50,482,0.5985429883003235,"[482, 481, 848, 485, 754]"
01504_texture_shape_high.png,217,482,texture_shape,high,ResNet50,337,0.08082334697246552,"[337, 904, 73, 977, 310]"
01505_texture_shape_low.png,217,482,texture_shape,low,ResNet50,904,0.9314627051353455,"[904, 73, 310, 905, 783]"
01506_edge_conflict_high.png,217,482,edge_conflict,high,ResNet50,784,0.46906089782714844,"[784, 563, 662, 418, 710]"
01507_edge_conflict_low.png,217,482,edge_conflict,low,ResNet50,482,0.28736957907676697,"[482, 481, 784, 848, 710]"
01508_patch_shuffle_high.png,217,482,patch_shuffle,high,ResNet50,120,0.11782333999872208,"[120, 646, 977, 139, 336]"
01509_patch_shuffle_low.png,217,482,patch_shuffle,low,ResNet50,458,0.1818602830171585,"[458, 640, 120, 977, 646]"
01510_color_inversion_high.png,217,482,color_inversion,high,ResNet50,482,0.13955152034759521,"[482, 481, 848, 674, 913]"
01511_color_inversion_low.png,217,482,color_inversion,low,ResNet50,482,0.6575016379356384,"[482, 848, 481, 485, 754]"
01496_color_inversion_high.png,217,491,color_inversion,high,ResNet101,995,0.6605684757232666,"[995, 599, 996, 349, 994]"
01497_color_inversion_low.png,217,491,color_inversion,low,ResNet101,847,0.28415581583976746,"[847, 586, 611, 465, 406]"
01498_adain_high.png,217,482,adain,high,ResNet101,189,0.18741539120674133,"[189, 217, 233, 199, 221]"
01499_adain_low.png,217,482,adain,low,ResNet101,217,0.3256547749042511,"[217, 264, 155, 356, 139]"
01500_occlusion_high.png,217,-1,occlusion,high,ResNet101,918,0.9540770649909973,"[918, 500, 483, 640, 458]"
01501_occlusion_low.png,217,-1,occlusion,low,ResNet101,233,0.21802523732185364,"[233, 500, 189, 229, 111]"
01502_superimposition_high.png,217,482,superimposition,high,ResNet101,674,0.47508832812309265,"[674, 913, 710, 481, 970]"
01503_superimposition_low.png,217,482,superimposition,low,ResNet101,482,0.48228999972343445,"[482, 848, 481, 710, 754]"
01504_texture_shape_high.png,217,482,texture_shape,high,ResNet101,978,0.17447327077388763,"[978, 360, 103, 49, 337]"
01505_texture_shape_low.png,217,482,texture_shape,low,ResNet101,904,0.8979833126068115,"[904, 270, 677, 905, 337]"
01506_edge_conflict_high.png,217,482,edge_conflict,high,ResNet101,784,0.7693800926208496,"[784, 833, 587, 405, 626]"
01507_edge_conflict_low.png,217,482,edge_conflict,low,ResNet101,481,0.4424322247505188,"[481, 482, 848, 784, 593]"
01508_patch_shuffle_high.png,217,482,patch_shuffle,high,ResNet101,120,0.05598340928554535,"[120, 150, 978, 646, 977]"
01509_patch_shuffle_low.png,217,482,patch_shuffle,low,ResNet101,640,0.04485064372420311,"[640, 646, 792, 978, 188]"
01510_color_inversion_high.png,217,482,color_inversion,high,ResNet101,674,0.31082457304000854,"[674, 481, 482, 492, 710]"
01511_color_inversion_low.png,217,482,color_inversion,low,ResNet101,481,0.4384067952632904,"[481, 482, 848, 710, 674]"
01496_color_inversion_high.png,217,491,color_inversion,high,ConvNeXt,161,0.06538963317871094,"[161, 164, 217, 232, 166]"
01497_color_inversion_low.png,217,491,color_inversion,low,ConvNeXt,491,0.10362401604652405,"[491, 665, 856, 994, 634]"
01498_adain_high.png,217,482,adain,high,ConvNeXt,217,0.06286963075399399,"[217, 357, 103, 198, 229]"
01499_adain_low.png,217,482,adain,low,ConvNeXt,217,0.25701063871383667,"[217, 189, 120, 229, 264]"
01500_occlusion_high.png,217,-1,occlusion,high,ConvNeXt,217,0.10574579238891602,"[217, 120, 177, 189, 229]"
01501_occlusion_low.png,217,-1,occlusion,low,ConvNeXt,217,0.16648167371749878,"[217, 189, 120, 229, 177]"
01502_superimposition_high.png,217,482,superimposition,high,ConvNeXt,120,0.0783526748418808,"[120, 139, 482, 848, 485]"
01503_superimposition_low.png,217,482,superimposition,low,ConvNeXt,482,0.48003950715065,"[482, 848, 485, 481, 754]"
01504_texture_shape_high.png,217,482,texture_shape,high,ConvNeXt,221,0.046468283981084824,"[221, 189, 177, 202, 217]"
01505_texture_shape_low.png,217,482,texture_shape,low,ConvNeXt,126,0.07096678763628006,"[126, 499, 492, 677, 587]"
01506_edge_conflict_high.png,217,482,edge_conflict,high,ConvNeXt,482,0.06237916275858879,"[482, 754, 662, 593, 485]"
01507_edge_conflict_low.png,217,482,edge_conflict,low,ConvNeXt,482,0.15651029348373413,"[482, 754, 848, 481, 485]"
01508_patch_shuffle_high.png,217,482,patch_shuffle,high,ConvNeXt,120,0.18002724647521973,"[120, 189, 217, 977, 221]"
01509_patch_shuffle_low.png,217,482,patch_shuffle,low,ConvNeXt,120,0.1461576670408249,"[120, 189, 217, 229, 188]"
01510_color_inversion_high.png,217,482,color_inversion,high,ConvNeXt,482,0.09108498692512512,"[482, 147, 848, 754, 120]"
01511_color_inversion_low.png,217,482,color_inversion,low,ConvNeXt,482,0.1965406984090805,"[482, 848, 754, 120, 147]"
01496_color_inversion_high.png,217,491,color_inversion,high,ViT-B/16,155,0.27475327253341675,"[155, 157, 152, 154, 263]"
01497_color_inversion_low.png,217,491,color_inversion,low,ViT-B/16,856,0.27741068601608276,"[856, 634, 866, 491, 595]"
01498_adain_high.png,217,482,adain,high,ViT-B/16,217,0.42312589287757874,"[217, 177, 232, 231, 170]"
01499_adain_low.png,217,482,adain,low,ViT-B/16,217,0.6155946850776672,"[217, 177, 232, 229, 196]"
01500_occlusion_high.png,217,-1,occlusion,high,ViT-B/16,170,0.09519577026367188,"[170, 177, 217, 198, 155]"
01501_occlusion_low.png,217,-1,occlusion,low,ViT-B/16,155,0.3394847810268402,"[155, 204, 217, 196, 177]"
01502_superimposition_high.png,217,482,superimposition,high,ViT-B/16,482,0.09647636860609055,"[482, 754, 848, 65, 662]"
01503_superimposition_low.png,217,482,superimposition,low,ViT-B/16,482,0.2615242004394531,"[482, 848, 50, 481, 485]"
01504_texture_shape_high.png,217,482,texture_shape,high,ViT-B/16,177,0.14318542182445526,"[177, 160, 204, 200, 276]"
01505_texture_shape_low.png,217,482,texture_shape,low,ViT-B/16,974,0.16569431126117706,"[974, 310, 78, 677, 73]"
01506_edge_conflict_high.png,217,482,edge_conflict,high,ViT-B/16,662,0.21718719601631165,"[662, 482, 491, 530, 754]"
01507_edge_conflict_low.png,217,482,edge_conflict,low,ViT-B/16,482,0.33960336446762085,"[482, 848, 481, 485, 111]"
01508_patch_shuffle_high.png,217,482,patch_shuffle,high,ViT-B/16,120,0.4047832489013672,"[120, 217, 155, 977, 199]"
01509_patch_shuffle_low.png,217,482,patch_shuffle,low,ViT-B/16,177,0.5308993458747864,"[177, 196, 198, 217, 197]"
01510_color_inversion_high.png,217,482,color_inversion,high,ViT-B/16,482,0.12011958658695221,"[482, 174, 250, 848, 754]"
01511_color_inversion_low.png,217,482,color_inversion,low,ViT-B/16,482,0.2980329692363739,"[482, 848, 481, 485, 116]"
01496_color_inversion_high.png,217,491,color_inversion,high,DeiT,161,0.2313644289970398,"[161, 162, 166, 217, 595]"
01497_color_inversion_low.png,217,491,color_inversion,low,DeiT,361,0.07215485721826553,"[361, 856, 264, 491, 634]"
01498_adain_high.png,217,482,adain,high,DeiT,264,0.17235571146011353,"[264, 177, 357, 170, 356]"
01499_adain_low.png,217,482,adain,low,DeiT,264,0.20131392776966095,"[264, 232, 217, 357, 361]"
01500_occlusion_high.png,217,-1,occlusion,high,DeiT,103,0.3898063600063324,"[103, 360, 150, 357, 337]"
01501_occlusion_low.png,217,-1,occlusion,low,DeiT,360,0.22830814123153687,"[360, 357, 356, 196, 359]"
01502_superimposition_high.png,217,482,superimposition,high,DeiT,482,0.18095913529396057,"[482, 848, 488, 58, 485]"
01503_superimposition_low.png,217,482,superimposition,low,DeiT,482,0.3335362672805786,"[482, 848, 34, 485, 481]"
01504_texture_shape_high.png,217,482,texture_shape,high,DeiT,103,0.16292516887187958,"[103, 357, 360, 356, 337]"
01505_texture_shape_low.png,217,482,texture_shape,low,DeiT,904,0.051892440766096115,"[904, 78, 126, 75, 302]"
01506_edge_conflict_high.png,217,482,edge_conflict,high,DeiT,482,0.17848359048366547,"[482, 848, 224, 485, 199]"
01507_edge_conflict_low.png,217,482,edge_conflict,low,DeiT,482,0.39929917454719543,"[482, 848, 485, 481, 224]"
01508_patch_shuffle_high.png,217,482,patch_shuffle,high,DeiT,120,0.08254208415746689,"[120, 977, 58, 978, 65]"
01509_patch_shuffle_low.png,217,482,patch_shuffle,low,DeiT,360,0.1026722639799118,"[360, 357, 177, 356, 196]"
01510_color_inversion_high.png,217,482,color_inversion,high,DeiT,482,0.18785707652568817,"[482, 848, 754, 485, 196]"
01511_color_inversion_low.png,217,482,color_inversion,low,DeiT,482,0.3615993559360504,"[482, 848, 485, 481, 754]"
01496_color_inversion_high.png,217,491,color_inversion,high,CLIP,997,0.21504734456539154,"[997, 447, 649, 392, 947]"
01497_color_inversion_low.png,217,491,color_inversion,low,CLIP,782,0.20221060514450073,"[782, 406, 587, 428, 611]"
01498_adain_high.png,217,482,adain,high,CLIP,20,0.29135164618492126,"[20, 103, 360, 150, 217]"
01499_adain_low.png,217,482,adain,low,CLIP,217,0.22294537723064423,"[217, 20, 156, 210, 221]"
01500_occlusion_high.png,217,-1,occlusion,high,CLIP,673,0.2961084842681885,"[673, 357, 106, 360, 356]"
01501_occlusion_low.png,217,-1,occlusion,low,CLIP,198,0.24378858506679535,"[198, 177, 196, 170, 210]"
01502_superimposition_high.png,217,482,superimposition,high,CLIP,412,0.247919961810112,"[412, 666, 744, 481, 709]"
01503_superimposition_low.png,217,482,superimposition,low,CLIP,709,0.6877908110618591,"[709, 593, 482, 767, 412]"
01504_texture_shape_high.png,217,482,texture_shape,high,CLIP,343,0.12944437563419342,"[343, 341, 385, 204, 331]"
01505_texture_shape_low.png,217,482,texture_shape,low,CLIP,782,0.33850225806236267,"[782, 330, 851, 751, 296]"
01506_edge_conflict_high.png,217,482,edge_conflict,high,CLIP,744,0.2999492287635803,"[744, 709, 481, 519, 492]"
01507_edge_conflict_low.png,217,482,edge_conflict,low,CLIP,709,0.7879177927970886,"[709, 481, 482, 593, 767]"
01508_patch_shuffle_high.png,217,482,patch_shuffle,high,CLIP,146,0.18816432356834412,"[146, 87, 666, 20, 23]"
01509_patch_shuffle_low.png,217,482,patch_shuffle,low,CLIP,666,0.5603444576263428,"[666, 137, 146, 23, 633]"
01510_color_inversion_high.png,217,482,color_inversion,high,CLIP,412,0.2538870871067047,"[412, 709, 492, 744, 519]"
01511_color_inversion_low.png,217,482,color_inversion,low,CLIP,709,0.8502032160758972,"[709, 412, 593, 481, 482]"
01512_adain_high.png,482,566,adain,high,ResNet50,688,0.3409825265407562,"[688, 754, 409, 482, 507]"
01513_adain_low.png,482,566,adain,low,ResNet50,688,0.22687743604183197,"[688, 482, 754, 848, 409]"
01514_occlusion_high.png,482,-1,occlusion,high,ResNet50,688,0.08383338898420334,"[688, 800, 848, 886, 507]"
01515_occlusion_low.png,482,-1,occlusion,low,ResNet50,848,0.4529474079608917,"[848, 482, 754, 632, 485]"
01516_superimposition_high.png,482,566,superimposition,high,ResNet50,635,0.2600044310092926,"[635, 482, 409, 848, 481]"
01517_superimposition_low.png,482,566,superimposition,low,ResNet50,522,0.10038764029741287,"[522, 456, 749, 389, 608]"
01518_texture_shape_high.png,482,566,texture_shape,high,ResNet50,820,0.13193994760513306,"[820, 577, 556, 494, 409]"
01519_texture_shape_low.png,482,566,texture_shape,low,ResNet50,971,0.5297789573669434,"[971, 577, 494, 820, 829]"
01520_edge_conflict_high.png,482,566,edge_conflict,high,ResNet50,712,0.22612959146499634,"[712, 107, 714, 546, 674]"
01521_edge_conflict_low.png,482,566,edge_conflict,low,ResNet50,712,0.11380911618471146,"[712, 514, 577, 728, 843]"
01522_patch_shuffle_high.png,482,566,patch_shuffle,high,ResNet50,848,0.35254040360450745,"[848, 482, 754, 485, 632]"
01523_patch_shuffle_low.png,482,566,patch_shuffle,low,ResNet50,759,0.3871510624885559,"[759, 447, 732, 878, 810]"
01524_color_inversion_high.png,482,566,color_inversion,high,ResNet50,528,0.47085899114608765,"[528, 481, 485, 848, 482]"
01525_color_inversion_low.png,482,566,color_inversion,low,ResNet50,843,0.2540353834629059,"[843, 456, 674, 395, 514]"
01526_adain_high.png,482,491,adain,high,ResNet50,848,0.5258222818374634,"[848, 482, 481, 485, 754]"
01527_adain_low.png,482,491,adain,low,ResNet50,848,0.5804486870765686,"[848, 482, 481, 485, 754]"
01512_adain_high.png,482,566,adain,high,ResNet101,485,0.2886184751987457,"[485, 848, 482, 754, 632]"
01513_adain_low.png,482,566,adain,low,ResNet101,485,0.3555774986743927,"[485, 848, 482, 754, 632]"
01514_occlusion_high.png,482,-1,occlusion,high,ResNet101,848,0.3280988931655884,"[848, 485, 482, 886, 754]"
01515_occlusion_low.png,482,-1,occlusion,low,ResNet101,848,0.49739503860473633,"[848, 482, 485, 754, 632]"
01516_superimposition_high.png,482,566,superimposition,high,ResNet101,848,0.07395340502262115,"[848, 482, 409, 861, 574]"
01517_superimposition_low.png,482,566,superimposition,low,ResNet101,630,0.11730482429265976,"[630, 739, 843, 389, 608]"
01518_texture_shape_high.png,482,566,texture_shape,high,ResNet101,771,0.29460737109184265,"[771, 482, 848, 507, 800]"
01519_texture_shape_low.png,482,566,texture_shape,low,ResNet101,787,0.33258581161499023,"[787, 577, 971, 494, 524]"
01520_edge_conflict_high.png,482,566,edge_conflict,high,ResNet101,107,0.11105455458164215,"[107, 739, 676, 653, 807]"
01521_edge_conflict_low.png,482,566,edge_conflict,low,ResNet101,739,0.3599221706390381,"[739, 843, 608, 514, 423]"
01522_patch_shuffle_high.png,482,566,patch_shuffle,high,ResNet101,848,0.6384686827659607,"[848, 482, 754, 485, 878]"
01523_patch_shuffle_low.png,482,566,patch_shuffle,low,ResNet101,878,0.2883383631706238,"[878, 848, 810, 482, 732]"
01524_color_inversion_high.png,482,566,color_inversion,high,ResNet101,729,0.2961355447769165,"[729, 551, 680, 549, 588]"
01525_color_inversion_low.png,482,566,color_inversion,low,ResNet101,774,0.31424444913864136,"[774, 843, 765, 459, 456]"
01526_adain_high.png,482,491,adain,high,ResNet101,848,0.45381495356559753,"[848, 482, 481, 485, 754]"
01527_adain_low.png,482,491,adain,low,ResNet101,848,0.46638190746307373,"[848, 482, 481, 485, 754]"
01512_adain_high.png,482,566,adain,high,ConvNeXt,482,0.33961689472198486,"[482, 485, 848, 754, 481]"
01513_adain_low.png,482,566,adain,low,ConvNeXt,482,0.39277172088623047,"[482, 485, 848, 754, 481]"
01514_occlusion_high.png,482,-1,occlusion,high,ConvNeXt,482,0.34576767683029175,"[482, 485, 848, 754, 481]"
01515_occlusion_low.png,482,-1,occlusion,low,ConvNeXt,482,0.5068752765655518,"[482, 485, 848, 754, 481]"
01516_superimposition_high.png,482,566,superimposition,high,ConvNeXt,482,0.22580280900001526,"[482, 485, 848, 522, 805]"
01517_superimposition_low.png,482,566,superimposition,low,ConvNeXt,513,0.17394809424877167,"[513, 566, 875, 456, 776]"
01518_texture_shape_high.png,482,566,texture_shape,high,ConvNeXt,482,0.37171900272369385,"[482, 848, 485, 754, 632]"
01519_texture_shape_low.png,482,566,texture_shape,low,ConvNeXt,461,0.298259973526001,"[461, 524, 787, 577, 469]"
01520_edge_conflict_high.png,482,566,edge_conflict,high,ConvNeXt,513,0.06726375222206116,"[513, 566, 507, 875, 848]"
01521_edge_conflict_low.png,482,566,edge_conflict,low,ConvNeXt,566,0.2740035653114319,"[566, 513, 875, 739, 776]"
01522_patch_shuffle_high.png,482,566,patch_shuffle,high,ConvNeXt,482,0.3253690302371979,"[482, 485, 848, 754, 481]"
01523_patch_shuffle_low.png,482,566,patch_shuffle,low,ConvNeXt,482,0.3485614061355591,"[482, 848, 485, 754, 481]"
01524_color_inversion_high.png,482,566,color_inversion,high,ConvNeXt,482,0.2142220288515091,"[482, 848, 485, 339, 766]"
01525_color_inversion_low.png,482,566,color_inversion,low,ConvNeXt,456,0.16384662687778473,"[456, 633, 763, 513, 729]"
01526_adain_high.png,482,491,adain,high,ConvNeXt,848,0.44258543848991394,"[848, 482, 481, 754, 485]"
01527_adain_low.png,482,491,adain,low,ConvNeXt,848,0.37695592641830444,"[848, 482, 481, 485, 754]"
01512_adain_high.png,482,566,adain,high,ViT-B/16,482,0.594954252243042,"[482, 485, 848, 754, 481]"
01513_adain_low.png,482,566,adain,low,ViT-B/16,482,0.5308337807655334,"[482, 485, 754, 848, 632]"
01514_occlusion_high.png,482,-1,occlusion,high,ViT-B/16,482,0.4990241527557373,"[482, 485, 754, 848, 632]"
01515_occlusion_low.png,482,-1,occlusion,low,ViT-B/16,482,0.37816616892814636,"[482, 485, 754, 848, 632]"
01516_superimposition_high.png,482,566,superimposition,high,ViT-B/16,482,0.4015718996524811,"[482, 485, 848, 754, 805]"
01517_superimposition_low.png,482,566,superimposition,low,ViT-B/16,566,0.38069066405296326,"[566, 395, 513, 843, 875]"
01518_texture_shape_high.png,482,566,texture_shape,high,ViT-B/16,482,0.4586251378059387,"[482, 485, 848, 754, 924]"
01519_texture_shape_low.png,482,566,texture_shape,low,ViT-B/16,556,0.334943950176239,"[556, 461, 787, 524, 469]"
01520_edge_conflict_high.png,482,566,edge_conflict,high,ViT-B/16,848,0.10227784514427185,"[848, 897, 482, 99, 754]"
01521_edge_conflict_low.png,482,566,edge_conflict,low,ViT-B/16,843,0.2933793365955353,"[843, 566, 395, 420, 513]"
01522_patch_shuffle_high.png,482,566,patch_shuffle,high,ViT-B/16,482,0.49754106998443604,"[482, 848, 485, 754, 481]"
01523_patch_shuffle_low.png,482,566,patch_shuffle,low,ViT-B/16,482,0.473499059677124,"[482, 485, 848, 754, 632]"
01524_color_inversion_high.png,482,566,color_inversion,high,ViT-B/16,482,0.38717710971832275,"[482, 848, 688, 481, 485]"
01525_color_inversion_low.png,482,566,color_inversion,low,ViT-B/16,566,0.4733211398124695,"[566, 513, 843, 875, 592]"
01526_adain_high.png,482,491,adain,high,ViT-B/16,482,0.48336878418922424,"[482, 848, 481, 754, 485]"
01527_adain_low.png,482,491,adain,low,ViT-B/16,482,0.48634782433509827,"[482, 848, 481, 754, 485]"
01512_adain_high.png,482,566,adain,high,DeiT,482,0.5056045651435852,"[482, 485, 848, 754, 632]"
01513_adain_low.png,482,566,adain,low,DeiT,482,0.5881417989730835,"[482, 485, 848, 754, 481]"
01514_occlusion_high.png,482,-1,occlusion,high,DeiT,482,0.30623942613601685,"[482, 485, 754, 848, 632]"
01515_occlusion_low.png,482,-1,occlusion,low,DeiT,482,0.5858974456787109,"[482, 485, 848, 754, 481]"
01516_superimposition_high.png,482,566,superimposition,high,DeiT,482,0.35227686166763306,"[482, 848, 485, 389, 754]"
01517_superimposition_low.png,482,566,superimposition,low,DeiT,566,0.4050579369068146,"[566, 513, 826, 608, 635]"
01518_texture_shape_high.png,482,566,texture_shape,high,DeiT,482,0.42507264018058777,"[482, 485, 848, 754, 632]"
01519_texture_shape_low.png,482,566,texture_shape,low,DeiT,771,0.3485873341560364,"[771, 482, 461, 688, 848]"
01520_edge_conflict_high.png,482,566,edge_conflict,high,DeiT,651,0.033738404512405396,"[651, 848, 482, 761, 921]"
01521_edge_conflict_low.png,482,566,edge_conflict,low,DeiT,513,0.16443829238414764,"[513, 566, 602, 843, 558]"
01522_patch_shuffle_high.png,482,566,patch_shuffle,high,DeiT,482,0.5556762218475342,"[482, 848, 485, 754, 481]"
01523_patch_shuffle_low.png,482,566,patch_shuffle,low,DeiT,482,0.4429645240306854,"[482, 848, 485, 754, 481]"
01524_color_inversion_high.png,482,566,color_inversion,high,DeiT,482,0.32082849740982056,"[482, 485, 848, 558, 843]"
01525_color_inversion_low.png,482,566,color_inversion,low,DeiT,485,0.0971422865986824,"[485, 848, 482, 513, 558]"
01526_adain_high.png,482,491,adain,high,DeiT,848,0.31500044465065,"[848, 482, 481, 754, 485]"
01527_adain_low.png,482,491,adain,low,DeiT,848,0.3600414991378784,"[848, 482, 481, 485, 754]"
01512_adain_high.png,482,566,adain,high,CLIP,754,0.6395869851112366,"[754, 485, 581, 685, 705]"
01513_adain_low.png,482,566,adain,low,CLIP,754,0.6004524827003479,"[754, 485, 581, 685, 705]"
01514_occlusion_high.png,482,-1,occlusion,high,CLIP,685,0.34976059198379517,"[685, 468, 782, 785, 581]"
01515_occlusion_low.png,482,-1,occlusion,low,CLIP,685,0.4748482406139374,"[685, 754, 485, 810, 468]"
01516_superimposition_high.png,482,566,superimposition,high,CLIP,685,0.2198238968849182,"[685, 782, 475, 468, 751]"
01517_superimposition_low.png,482,566,superimposition,low,CLIP,566,0.37886783480644226,"[566, 513, 776, 875, 843]"
01518_texture_shape_high.png,482,566,texture_shape,high,CLIP,485,0.6719002723693848,"[485, 754, 848, 482, 481]"
01519_texture_shape_low.png,482,566,texture_shape,low,CLIP,577,0.2280813604593277,"[577, 787, 993, 461, 469]"
01520_edge_conflict_high.png,482,566,edge_conflict,high,CLIP,993,0.09887534379959106,"[993, 684, 513, 420, 502]"
01521_edge_conflict_low.png,482,566,edge_conflict,low,CLIP,514,0.16941770911216736,"[514, 981, 589, 513, 138]"
01522_patch_shuffle_high.png,482,566,patch_shuffle,high,CLIP,685,0.1683690994977951,"[685, 754, 785, 823, 468]"
01523_patch_shuffle_low.png,482,566,patch_shuffle,low,CLIP,685,0.5141372680664062,"[685, 468, 785, 609, 705]"
01524_color_inversion_high.png,482,566,color_inversion,high,CLIP,481,0.5445420742034912,"[481, 482, 485, 848, 605]"
01525_color_inversion_low.png,482,566,color_inversion,low,CLIP,981,0.5413498282432556,"[981, 843, 513, 594, 875]"
01526_adain_high.png,482,491,adain,high,CLIP,482,0.4379178583621979,"[482, 848, 754, 662, 481]"
01527_adain_low.png,482,491,adain,low,CLIP,848,0.4908026158809662,"[848, 482, 754, 481, 662]"
01528_occlusion_high.png,482,-1,occlusion,high,ResNet50,598,0.2409774512052536,"[598, 632, 848, 482, 754]"
01529_occlusion_low.png,482,-1,occlusion,low,ResNet50,848,0.4877189099788666,"[848, 482, 485, 481, 754]"
01530_superimposition_high.png,482,491,superimposition,high,ResNet50,481,0.3653976619243622,"[481, 848, 482, 662, 485]"
01531_superimposition_low.png,482,491,superimposition,low,ResNet50,481,0.15092693269252777,"[481, 477, 662, 692, 419]"
01532_texture_shape_high.png,482,491,texture_shape,high,ResNet50,848,0.49374738335609436,"[848, 482, 481, 485, 754]"
01533_texture_shape_low.png,482,491,texture_shape,low,ResNet50,591,0.3691294193267822,"[591, 692, 735, 893, 611]"
01534_edge_conflict_high.png,482,491,edge_conflict,high,ResNet50,73,0.6025345921516418,"[73, 815, 75, 74, 76]"
01535_edge_conflict_low.png,482,491,edge_conflict,low,ResNet50,73,0.6092241406440735,"[73, 491, 75, 78, 76]"
01536_patch_shuffle_high.png,482,491,patch_shuffle,high,ResNet50,848,0.4355444014072418,"[848, 482, 481, 485, 754]"
01537_patch_shuffle_low.png,482,491,patch_shuffle,low,ResNet50,848,0.36575278639793396,"[848, 482, 481, 485, 742]"
01538_color_inversion_high.png,482,491,color_inversion,high,ResNet50,481,0.6963860392570496,"[481, 482, 674, 848, 662]"
01539_color_inversion_low.png,482,491,color_inversion,low,ResNet50,481,0.23620140552520752,"[481, 551, 692, 844, 662]"
01540_adain_high.png,482,571,adain,high,ResNet50,482,0.7513334155082703,"[482, 848, 485, 754, 662]"
01541_adain_low.png,482,571,adain,low,ResNet50,482,0.7948057651519775,"[482, 848, 485, 754, 530]"
01542_occlusion_high.png,482,-1,occlusion,high,ResNet50,482,0.355846107006073,"[482, 848, 485, 732, 531]"
01543_occlusion_low.png,482,-1,occlusion,low,ResNet50,482,0.6715429425239563,"[482, 848, 485, 754, 891]"
01528_occlusion_high.png,482,-1,occlusion,high,ResNet101,598,0.2930097281932831,"[598, 485, 848, 754, 632]"
01529_occlusion_low.png,482,-1,occlusion,low,ResNet101,485,0.33736518025398254,"[485, 848, 482, 754, 481]"
01530_superimposition_high.png,482,491,superimposition,high,ResNet101,481,0.3493814766407013,"[481, 848, 482, 662, 485]"
01531_superimposition_low.png,482,491,superimposition,low,ResNet101,491,0.48204854130744934,"[491, 623, 728, 499, 481]"
01532_texture_shape_high.png,482,491,texture_shape,high,ResNet101,848,0.45297104120254517,"[848, 482, 481, 485, 754]"
01533_texture_shape_low.png,482,491,texture_shape,low,ResNet101,971,0.33535531163215637,"[971, 692, 879, 611, 549]"
01534_edge_conflict_high.png,482,491,edge_conflict,high,ResNet101,491,0.37876176834106445,"[491, 75, 786, 73, 625]"
01535_edge_conflict_low.png,482,491,edge_conflict,low,ResNet101,491,0.8519090414047241,"[491, 73, 75, 78, 746]"
01536_patch_shuffle_high.png,482,491,patch_shuffle,high,ResNet101,848,0.4020647406578064,"[848, 482, 485, 481, 754]"
01537_patch_shuffle_low.png,482,491,patch_shuffle,low,ResNet101,848,0.198558509349823,"[848, 482, 764, 481, 485]"
01538_color_inversion_high.png,482,491,color_inversion,high,ResNet101,674,0.220297709107399,"[674, 481, 482, 921, 662]"
01539_color_inversion_low.png,482,491,color_inversion,low,ResNet101,446,0.10843631625175476,"[446, 921, 549, 481, 812]"
01540_adain_high.png,482,571,adain,high,ResNet101,482,0.8807994723320007,"[482, 848, 485, 632, 891]"
01541_adain_low.png,482,571,adain,low,ResNet101,482,0.891215443611145,"[482, 848, 485, 632, 754]"
01542_occlusion_high.png,482,-1,occlusion,high,ResNet101,632,0.22317814826965332,"[632, 482, 732, 485, 848]"
01543_occlusion_low.png,482,-1,occlusion,low,ResNet101,482,0.7436289191246033,"[482, 848, 485, 662, 891]"
01528_occlusion_high.png,482,-1,occlusion,high,ConvNeXt,482,0.3441019654273987,"[482, 848, 481, 485, 754]"
01529_occlusion_low.png,482,-1,occlusion,low,ConvNeXt,482,0.4287375509738922,"[482, 848, 481, 485, 754]"
01530_superimposition_high.png,482,491,superimposition,high,ConvNeXt,482,0.27144119143486023,"[482, 848, 481, 662, 510]"
01531_superimposition_low.png,482,491,superimposition,low,ConvNeXt,491,0.4315991699695587,"[491, 418, 481, 810, 446]"
01532_texture_shape_high.png,482,491,texture_shape,high,ConvNeXt,482,0.3296048939228058,"[482, 848, 481, 485, 754]"
01533_texture_shape_low.png,482,491,texture_shape,low,ConvNeXt,893,0.13858823478221893,"[893, 492, 674, 692, 481]"
01534_edge_conflict_high.png,482,491,edge_conflict,high,ConvNeXt,491,0.30413275957107544,"[491, 902, 593, 815, 726]"
01535_edge_conflict_low.png,482,491,edge_conflict,low,ConvNeXt,491,0.4441923499107361,"[491, 815, 458, 893, 73]"
01536_patch_shuffle_high.png,482,491,patch_shuffle,high,ConvNeXt,848,0.39617666602134705,"[848, 482, 481, 485, 754]"
01537_patch_shuffle_low.png,482,491,patch_shuffle,low,ConvNeXt,848,0.3285878896713257,"[848, 482, 481, 485, 754]"
01538_color_inversion_high.png,482,491,color_inversion,high,ConvNeXt,848,0.286314994096756,"[848, 482, 481, 662, 674]"
01539_color_inversion_low.png,482,491,color_inversion,low,ConvNeXt,491,0.33517351746559143,"[491, 662, 481, 446, 482]"
01540_adain_high.png,482,571,adain,high,ConvNeXt,482,0.7076048851013184,"[482, 848, 485, 481, 551]"
01541_adain_low.png,482,571,adain,low,ConvNeXt,482,0.7272870540618896,"[482, 848, 485, 481, 551]"
01542_occlusion_high.png,482,-1,occlusion,high,ConvNeXt,482,0.7093852162361145,"[482, 848, 485, 481, 754]"
01543_occlusion_low.png,482,-1,occlusion,low,ConvNeXt,482,0.7707597613334656,"[482, 848, 485, 481, 754]"
01528_occlusion_high.png,482,-1,occlusion,high,ViT-B/16,482,0.4778389036655426,"[482, 848, 481, 754, 485]"
01529_occlusion_low.png,482,-1,occlusion,low,ViT-B/16,482,0.4785959720611572,"[482, 848, 481, 754, 485]"
01530_superimposition_high.png,482,491,superimposition,high,ViT-B/16,482,0.5486275553703308,"[482, 848, 802, 754, 795]"
01531_superimposition_low.png,482,491,superimposition,low,ViT-B/16,491,0.7240778803825378,"[491, 482, 848, 485, 754]"
01532_texture_shape_high.png,482,491,texture_shape,high,ViT-B/16,482,0.43874675035476685,"[482, 848, 481, 754, 485]"
01533_texture_shape_low.png,482,491,texture_shape,low,ViT-B/16,492,0.17972178757190704,"[492, 674, 591, 662, 848]"
01534_edge_conflict_high.png,482,491,edge_conflict,high,ViT-B/16,791,0.39930135011672974,"[791, 491, 790, 401, 482]"
01535_edge_conflict_low.png,482,491,edge_conflict,low,ViT-B/16,491,0.6073839664459229,"[491, 401, 579, 791, 881]"
01536_patch_shuffle_high.png,482,491,patch_shuffle,high,ViT-B/16,848,0.4988498389720917,"[848, 482, 481, 754, 485]"
01537_patch_shuffle_low.png,482,491,patch_shuffle,low,ViT-B/16,848,0.4589247405529022,"[848, 482, 481, 485, 754]"
01538_color_inversion_high.png,482,491,color_inversion,high,ViT-B/16,482,0.5075737833976746,"[482, 848, 491, 595, 754]"
01539_color_inversion_low.png,482,491,color_inversion,low,ViT-B/16,491,0.5490084886550903,"[491, 482, 848, 485, 754]"
01540_adain_high.png,482,571,adain,high,ViT-B/16,482,0.6890352368354797,"[482, 848, 485, 481, 754]"
01541_adain_low.png,482,571,adain,low,ViT-B/16,482,0.6709536910057068,"[482, 485, 848, 481, 754]"
01542_occlusion_high.png,482,-1,occlusion,high,ViT-B/16,482,0.5850878953933716,"[482, 848, 485, 481, 754]"
01543_occlusion_low.png,482,-1,occlusion,low,ViT-B/16,482,0.694218635559082,"[482, 848, 485, 481, 754]"
01528_occlusion_high.png,482,-1,occlusion,high,DeiT,848,0.3650815188884735,"[848, 482, 481, 754, 485]"
01529_occlusion_low.png,482,-1,occlusion,low,DeiT,482,0.38898414373397827,"[482, 848, 481, 485, 754]"
01530_superimposition_high.png,482,491,superimposition,high,DeiT,482,0.4850217401981354,"[482, 848, 802, 481, 803]"
01531_superimposition_low.png,482,491,superimposition,low,DeiT,491,0.6602368950843811,"[491, 482, 481, 848, 754]"
01532_texture_shape_high.png,482,491,texture_shape,high,DeiT,848,0.3630734086036682,"[848, 482, 481, 485, 754]"
01533_texture_shape_low.png,482,491,texture_shape,low,DeiT,848,0.21071532368659973,"[848, 481, 482, 662, 753]"
01534_edge_conflict_high.png,482,491,edge_conflict,high,DeiT,791,0.3018967807292938,"[791, 491, 621, 595, 866]"
01535_edge_conflict_low.png,482,491,edge_conflict,low,DeiT,491,0.6859056353569031,"[491, 791, 815, 790, 401]"
01536_patch_shuffle_high.png,482,491,patch_shuffle,high,DeiT,848,0.4618024230003357,"[848, 482, 481, 438, 754]"
01537_patch_shuffle_low.png,482,491,patch_shuffle,low,DeiT,482,0.3784183859825134,"[482, 848, 481, 413, 763]"
01538_color_inversion_high.png,482,491,color_inversion,high,DeiT,482,0.4204454720020294,"[482, 848, 481, 802, 491]"
01539_color_inversion_low.png,482,491,color_inversion,low,DeiT,491,0.5499942302703857,"[491, 482, 848, 481, 754]"
01540_adain_high.png,482,571,adain,high,DeiT,482,0.7371985912322998,"[482, 848, 485, 481, 754]"
01541_adain_low.png,482,571,adain,low,DeiT,482,0.7405866980552673,"[482, 848, 485, 481, 754]"
01542_occlusion_high.png,482,-1,occlusion,high,DeiT,482,0.6640872359275818,"[482, 848, 485, 481, 754]"
01543_occlusion_low.png,482,-1,occlusion,low,DeiT,482,0.8148778676986694,"[482, 848, 485, 481, 754]"
01528_occlusion_high.png,482,-1,occlusion,high,CLIP,848,0.4685209393501282,"[848, 482, 481, 754, 662]"
01529_occlusion_low.png,482,-1,occlusion,low,CLIP,848,0.5330722332000732,"[848, 482, 481, 662, 754]"
01530_superimposition_high.png,482,491,superimposition,high,CLIP,662,0.6178141832351685,"[662, 481, 848, 482, 485]"
01531_superimposition_low.png,482,491,superimposition,low,CLIP,709,0.27295583486557007,"[709, 600, 517, 134, 748]"
01532_texture_shape_high.png,482,491,texture_shape,high,CLIP,482,0.4900706112384796,"[482, 848, 754, 481, 662]"
01533_texture_shape_low.png,482,491,texture_shape,low,CLIP,745,0.15823578834533691,"[745, 782, 533, 807, 688]"
01534_edge_conflict_high.png,482,491,edge_conflict,high,CLIP,621,0.11991796642541885,"[621, 486, 674, 573, 751]"
01535_edge_conflict_low.png,482,491,edge_conflict,low,CLIP,491,0.8500251770019531,"[491, 621, 882, 589, 740]"
01536_patch_shuffle_high.png,482,491,patch_shuffle,high,CLIP,848,0.6364015340805054,"[848, 482, 481, 662, 485]"
01537_patch_shuffle_low.png,482,491,patch_shuffle,low,CLIP,848,0.7040491104125977,"[848, 481, 482, 732, 662]"
01538_color_inversion_high.png,482,491,color_inversion,high,CLIP,481,0.585613489151001,"[481, 848, 482, 485, 662]"
01539_color_inversion_low.png,482,491,color_inversion,low,CLIP,674,0.3904482126235962,"[674, 481, 446, 74, 79]"
01540_adain_high.png,482,571,adain,high,CLIP,848,0.3698064684867859,"[848, 482, 485, 754, 68]"
01541_adain_low.png,482,571,adain,low,CLIP,848,0.39837631583213806,"[848, 482, 485, 754, 68]"
01542_occlusion_high.png,482,-1,occlusion,high,CLIP,848,0.5062685608863831,"[848, 482, 759, 761, 485]"
01543_occlusion_low.png,482,-1,occlusion,low,CLIP,848,0.4711698889732361,"[848, 482, 485, 754, 590]"
01544_superimposition_high.png,482,571,superimposition,high,ResNet50,848,0.1098460853099823,"[848, 482, 481, 811, 480]"
01545_superimposition_low.png,482,571,superimposition,low,ResNet50,571,0.3856612741947174,"[571, 480, 707, 419, 860]"
01546_texture_shape_high.png,482,571,texture_shape,high,ResNet50,714,0.08817663043737411,"[714, 402, 481, 482, 546]"
01547_texture_shape_low.png,482,571,texture_shape,low,ResNet50,611,0.12999585270881653,"[611, 836, 904, 899, 546]"
01548_edge_conflict_high.png,482,571,edge_conflict,high,ResNet50,707,0.16533561050891876,"[707, 674, 791, 877, 766]"
01549_edge_conflict_low.png,482,571,edge_conflict,low,ResNet50,707,0.22132283449172974,"[707, 571, 916, 886, 480]"
01550_patch_shuffle_high.png,482,571,patch_shuffle,high,ResNet50,482,0.31767433881759644,"[482, 848, 632, 732, 485]"
01551_patch_shuffle_low.png,482,571,patch_shuffle,low,ResNet50,482,0.33275291323661804,"[482, 742, 848, 485, 732]"
01552_color_inversion_high.png,482,571,color_inversion,high,ResNet50,438,0.15311387181282043,"[438, 766, 647, 812, 694]"
01553_color_inversion_low.png,482,571,color_inversion,low,ResNet50,571,0.45358821749687195,"[571, 480, 781, 707, 860]"
01554_adain_high.png,482,491,adain,high,ResNet50,482,0.42558470368385315,"[482, 485, 754, 662, 848]"
01555_adain_low.png,482,491,adain,low,ResNet50,482,0.552918553352356,"[482, 485, 754, 848, 481]"
01556_occlusion_high.png,482,-1,occlusion,high,ResNet50,485,0.2871169149875641,"[485, 482, 754, 848, 530]"
01557_occlusion_low.png,482,-1,occlusion,low,ResNet50,482,0.3601799011230469,"[482, 485, 754, 848, 530]"
01558_superimposition_high.png,482,491,superimposition,high,ResNet50,481,0.5592413544654846,"[481, 662, 482, 456, 848]"
01559_superimposition_low.png,482,491,superimposition,low,ResNet50,843,0.7479208111763,"[843, 456, 839, 645, 972]"
01544_superimposition_high.png,482,571,superimposition,high,ResNet101,438,0.03919610381126404,"[438, 766, 877, 453, 713]"
01545_superimposition_low.png,482,571,superimposition,low,ResNet101,571,0.8140742182731628,"[571, 707, 480, 675, 882]"
01546_texture_shape_high.png,482,571,texture_shape,high,ResNet101,868,0.30282899737358093,"[868, 556, 532, 889, 402]"
01547_texture_shape_low.png,482,571,texture_shape,low,ResNet101,904,0.5716663002967834,"[904, 562, 611, 889, 968]"
01548_edge_conflict_high.png,482,571,edge_conflict,high,ResNet101,877,0.18755663931369781,"[877, 421, 791, 790, 707]"
01549_edge_conflict_low.png,482,571,edge_conflict,low,ResNet101,571,0.5756878852844238,"[571, 707, 882, 480, 456]"
01550_patch_shuffle_high.png,482,571,patch_shuffle,high,ResNet101,482,0.24406832456588745,"[482, 848, 485, 632, 754]"
01551_patch_shuffle_low.png,482,571,patch_shuffle,low,ResNet101,482,0.4597565829753876,"[482, 848, 485, 754, 662]"
01552_color_inversion_high.png,482,571,color_inversion,high,ResNet101,419,0.11279991269111633,"[419, 510, 675, 438, 480]"
01553_color_inversion_low.png,482,571,color_inversion,low,ResNet101,571,0.8359318375587463,"[571, 707, 480, 675, 886]"
01554_adain_high.png,482,491,adain,high,ResNet101,754,0.544749915599823,"[754, 482, 485, 848, 481]"
01555_adain_low.png,482,491,adain,low,ResNet101,754,0.5296295285224915,"[754, 482, 485, 848, 481]"
01556_occlusion_high.png,482,-1,occlusion,high,ResNet101,530,0.5930677652359009,"[530, 754, 485, 662, 688]"
01557_occlusion_low.png,482,-1,occlusion,low,ResNet101,485,0.46884292364120483,"[485, 754, 482, 848, 530]"
01558_superimposition_high.png,482,491,superimposition,high,ResNet101,662,0.3872717320919037,"[662, 456, 481, 593, 482]"
01559_superimposition_low.png,482,491,superimposition,low,ResNet101,456,0.9323974251747131,"[456, 843, 645, 972, 724]"
01544_superimposition_high.png,482,571,superimposition,high,ConvNeXt,482,0.4460391700267792,"[482, 848, 481, 891, 747]"
01545_superimposition_low.png,482,571,superimposition,low,ConvNeXt,571,0.30174580216407776,"[571, 860, 675, 98, 148]"
01546_texture_shape_high.png,482,571,texture_shape,high,ConvNeXt,482,0.40873998403549194,"[482, 848, 606, 485, 901]"
01547_texture_shape_low.png,482,571,texture_shape,low,ConvNeXt,904,0.13740630447864532,"[904, 556, 577, 469, 633]"
01548_edge_conflict_high.png,482,571,edge_conflict,high,ConvNeXt,707,0.12995360791683197,"[707, 877, 686, 571, 791]"
01549_edge_conflict_low.png,482,571,edge_conflict,low,ConvNeXt,571,0.10157175362110138,"[571, 781, 782, 688, 815]"
01550_patch_shuffle_high.png,482,571,patch_shuffle,high,ConvNeXt,482,0.43115052580833435,"[482, 848, 485, 481, 891]"
01551_patch_shuffle_low.png,482,571,patch_shuffle,low,ConvNeXt,482,0.6526375412940979,"[482, 848, 485, 481, 754]"
01552_color_inversion_high.png,482,571,color_inversion,high,ConvNeXt,675,0.1338982880115509,"[675, 482, 838, 707, 480]"
01553_color_inversion_low.png,482,571,color_inversion,low,ConvNeXt,571,0.20436440408229828,"[571, 675, 727, 480, 574]"
01554_adain_high.png,482,491,adain,high,ConvNeXt,482,0.6305087208747864,"[482, 848, 481, 485, 754]"
01555_adain_low.png,482,491,adain,low,ConvNeXt,482,0.6660621762275696,"[482, 848, 481, 754, 485]"
01556_occlusion_high.png,482,-1,occlusion,high,ConvNeXt,482,0.6430588960647583,"[482, 848, 754, 481, 485]"
01557_occlusion_low.png,482,-1,occlusion,low,ConvNeXt,482,0.6719820499420166,"[482, 481, 848, 754, 485]"
01558_superimposition_high.png,482,491,superimposition,high,ConvNeXt,482,0.5055995583534241,"[482, 848, 754, 481, 485]"
01559_superimposition_low.png,482,491,superimposition,low,ConvNeXt,491,0.11252447962760925,"[491, 456, 645, 807, 733]"
01544_superimposition_high.png,482,571,superimposition,high,ViT-B/16,482,0.6545674800872803,"[482, 848, 571, 481, 544]"
01545_superimposition_low.png,482,571,superimposition,low,ViT-B/16,571,0.6465489268302917,"[571, 480, 707, 498, 886]"
01546_texture_shape_high.png,482,571,texture_shape,high,ViT-B/16,482,0.5137568116188049,"[482, 556, 647, 848, 904]"
01547_texture_shape_low.png,482,571,texture_shape,low,ViT-B/16,647,0.21127700805664062,"[647, 556, 712, 868, 438]"
01548_edge_conflict_high.png,482,571,edge_conflict,high,ViT-B/16,622,0.2490251362323761,"[622, 571, 891, 633, 567]"
01549_edge_conflict_low.png,482,571,edge_conflict,low,ViT-B/16,571,0.5214179158210754,"[571, 622, 633, 919, 759]"
01550_patch_shuffle_high.png,482,571,patch_shuffle,high,ViT-B/16,482,0.3850139379501343,"[482, 485, 848, 650, 589]"
01551_patch_shuffle_low.png,482,571,patch_shuffle,low,ViT-B/16,482,0.5764707922935486,"[482, 848, 485, 481, 754]"
01552_color_inversion_high.png,482,571,color_inversion,high,ViT-B/16,707,0.0875805914402008,"[707, 571, 482, 771, 480]"
01553_color_inversion_low.png,482,571,color_inversion,low,ViT-B/16,571,0.2131996750831604,"[571, 627, 707, 480, 651]"
01554_adain_high.png,482,491,adain,high,ViT-B/16,482,0.39921802282333374,"[482, 848, 485, 754, 530]"
01555_adain_low.png,482,491,adain,low,ViT-B/16,482,0.5988847613334656,"[482, 848, 485, 754, 530]"
01556_occlusion_high.png,482,-1,occlusion,high,ViT-B/16,482,0.36014533042907715,"[482, 754, 485, 848, 530]"
01557_occlusion_low.png,482,-1,occlusion,low,ViT-B/16,482,0.6356138586997986,"[482, 848, 754, 485, 481]"
01558_superimposition_high.png,482,491,superimposition,high,ViT-B/16,482,0.46929001808166504,"[482, 456, 843, 848, 365]"
01559_superimposition_low.png,482,491,superimposition,low,ViT-B/16,491,0.4754895865917206,"[491, 88, 810, 843, 482]"
01544_superimposition_high.png,482,571,superimposition,high,DeiT,482,0.714390754699707,"[482, 848, 662, 891, 485]"
01545_superimposition_low.png,482,571,superimposition,low,DeiT,571,0.6397402882575989,"[571, 480, 919, 482, 707]"
01546_texture_shape_high.png,482,571,texture_shape,high,DeiT,482,0.6037430167198181,"[482, 848, 591, 485, 556]"
01547_texture_shape_low.png,482,571,texture_shape,low,DeiT,647,0.5062658786773682,"[647, 438, 556, 904, 591]"
01548_edge_conflict_high.png,482,571,edge_conflict,high,DeiT,482,0.21130850911140442,"[482, 675, 712, 480, 567]"
01549_edge_conflict_low.png,482,571,edge_conflict,low,DeiT,571,0.273929238319397,"[571, 919, 480, 482, 707]"
01550_patch_shuffle_high.png,482,571,patch_shuffle,high,DeiT,482,0.5303372144699097,"[482, 848, 485, 754, 481]"
01551_patch_shuffle_low.png,482,571,patch_shuffle,low,DeiT,482,0.723127543926239,"[482, 848, 485, 481, 754]"
01552_color_inversion_high.png,482,571,color_inversion,high,DeiT,482,0.6463647484779358,"[482, 662, 848, 567, 485]"
01553_color_inversion_low.png,482,571,color_inversion,low,DeiT,571,0.2086692601442337,"[571, 482, 919, 480, 733]"
01554_adain_high.png,482,491,adain,high,DeiT,482,0.20805254578590393,"[482, 485, 848, 754, 530]"
01555_adain_low.png,482,491,adain,low,DeiT,482,0.25727134943008423,"[482, 485, 848, 754, 530]"
01556_occlusion_high.png,482,-1,occlusion,high,DeiT,482,0.2679164409637451,"[482, 485, 754, 848, 530]"
01557_occlusion_low.png,482,-1,occlusion,low,DeiT,482,0.34564855694770813,"[482, 485, 848, 754, 530]"
01558_superimposition_high.png,482,491,superimposition,high,DeiT,482,0.33321288228034973,"[482, 456, 754, 662, 848]"
01559_superimposition_low.png,482,491,superimposition,low,DeiT,482,0.12823443114757538,"[482, 456, 662, 491, 645]"
01544_superimposition_high.png,482,571,superimposition,high,CLIP,450,0.23819422721862793,"[450, 744, 553, 782, 768]"
01545_superimposition_low.png,482,571,superimposition,low,CLIP,571,0.998445451259613,"[571, 707, 704, 886, 781]"
01546_texture_shape_high.png,482,571,texture_shape,high,CLIP,848,0.4125571846961975,"[848, 485, 482, 754, 778]"
01547_texture_shape_low.png,482,571,texture_shape,low,CLIP,633,0.2680204510688782,"[633, 759, 808, 968, 758]"
01548_edge_conflict_high.png,482,571,edge_conflict,high,CLIP,571,0.9119585752487183,"[571, 886, 782, 637, 800]"
01549_edge_conflict_low.png,482,571,edge_conflict,low,CLIP,571,0.9764423966407776,"[571, 707, 886, 704, 480]"
01550_patch_shuffle_high.png,482,571,patch_shuffle,high,CLIP,485,0.47085580229759216,"[485, 848, 606, 475, 68]"
01551_patch_shuffle_low.png,482,571,patch_shuffle,low,CLIP,848,0.5924550294876099,"[848, 485, 482, 590, 761]"
01552_color_inversion_high.png,482,571,color_inversion,high,CLIP,782,0.22191175818443298,"[782, 692, 651, 637, 916]"
01553_color_inversion_low.png,482,571,color_inversion,low,CLIP,571,0.9826996326446533,"[571, 707, 704, 781, 637]"
01554_adain_high.png,482,491,adain,high,CLIP,848,0.3814115822315216,"[848, 530, 754, 531, 485]"
01555_adain_low.png,482,491,adain,low,CLIP,848,0.382013201713562,"[848, 530, 754, 485, 482]"
01556_occlusion_high.png,482,-1,occlusion,high,CLIP,530,0.592260479927063,"[530, 754, 848, 685, 531]"
01557_occlusion_low.png,482,-1,occlusion,low,CLIP,848,0.6199999451637268,"[848, 485, 530, 482, 754]"
01558_superimposition_high.png,482,491,superimposition,high,CLIP,810,0.38861149549484253,"[810, 664, 662, 782, 916]"
01559_superimposition_low.png,482,491,superimposition,low,CLIP,379,0.21315211057662964,"[379, 456, 381, 95, 491]"
01560_texture_shape_high.png,482,491,texture_shape,high,ResNet50,662,0.4009714126586914,"[662, 481, 754, 482, 593]"
01561_texture_shape_low.png,482,491,texture_shape,low,ResNet50,741,0.2884944975376129,"[741, 562, 611, 824, 971]"
01562_edge_conflict_high.png,482,491,edge_conflict,high,ResNet50,839,0.1104322299361229,"[839, 369, 807, 743, 517]"
01563_edge_conflict_low.png,482,491,edge_conflict,low,ResNet50,839,0.7019235491752625,"[839, 843, 456, 724, 871]"
01564_patch_shuffle_high.png,482,491,patch_shuffle,high,ResNet50,482,0.2031821608543396,"[482, 662, 916, 848, 590]"
01565_patch_shuffle_low.png,482,491,patch_shuffle,low,ResNet50,482,0.4041944444179535,"[482, 485, 848, 754, 481]"
01566_color_inversion_high.png,482,491,color_inversion,high,ResNet50,843,0.233502596616745,"[843, 769, 835, 419, 519]"
01567_color_inversion_low.png,482,491,color_inversion,low,ResNet50,843,0.6770850419998169,"[843, 456, 871, 839, 484]"
01568_adain_high.png,491,0,adain,high,ResNet50,634,0.8640604019165039,"[634, 646, 583, 642, 856]"
01569_adain_low.png,491,0,adain,low,ResNet50,634,0.796386182308197,"[634, 646, 807, 583, 642]"
01570_occlusion_high.png,491,-1,occlusion,high,ResNet50,646,0.7476460933685303,"[646, 410, 634, 449, 807]"
01571_occlusion_low.png,491,-1,occlusion,low,ResNet50,410,0.3358992040157318,"[410, 634, 583, 646, 412]"
01572_superimposition_high.png,491,0,superimposition,high,ResNet50,634,0.376288503408432,"[634, 410, 703, 583, 646]"
01573_superimposition_low.png,491,0,superimposition,low,ResNet50,996,0.21999379992485046,"[996, 0, 116, 36, 35]"
01574_texture_shape_high.png,491,0,texture_shape,high,ResNet50,634,0.9123125672340393,"[634, 807, 642, 583, 410]"
01575_texture_shape_low.png,491,0,texture_shape,low,ResNet50,703,0.20096229016780853,"[703, 847, 912, 449, 559]"
01560_texture_shape_high.png,482,491,texture_shape,high,ResNet101,593,0.5114709734916687,"[593, 662, 844, 481, 754]"
01561_texture_shape_low.png,482,491,texture_shape,low,ResNet101,562,0.2110050767660141,"[562, 611, 741, 971, 696]"
01562_edge_conflict_high.png,482,491,edge_conflict,high,ResNet101,733,0.0791577622294426,"[733, 807, 456, 671, 743]"
01563_edge_conflict_low.png,482,491,edge_conflict,low,ResNet101,456,0.5228191018104553,"[456, 733, 839, 491, 807]"
01564_patch_shuffle_high.png,482,491,patch_shuffle,high,ResNet101,754,0.4800647795200348,"[754, 848, 662, 482, 485]"
01565_patch_shuffle_low.png,482,491,patch_shuffle,low,ResNet101,485,0.3035227656364441,"[485, 754, 848, 482, 481]"
01566_color_inversion_high.png,482,491,color_inversion,high,ResNet101,769,0.14626476168632507,"[769, 419, 919, 871, 835]"
01567_color_inversion_low.png,482,491,color_inversion,low,ResNet101,456,0.7063373327255249,"[456, 843, 645, 807, 871]"
01568_adain_high.png,491,0,adain,high,ResNet101,634,0.8842912912368774,"[634, 410, 491, 519, 646]"
01569_adain_low.png,491,0,adain,low,ResNet101,634,0.8713228702545166,"[634, 410, 519, 491, 646]"
01570_occlusion_high.png,491,-1,occlusion,high,ResNet101,634,0.49398377537727356,"[634, 646, 410, 519, 860]"
01571_occlusion_low.png,491,-1,occlusion,low,ResNet101,634,0.5368577241897583,"[634, 519, 410, 478, 675]"
01572_superimposition_high.png,491,0,superimposition,high,ResNet101,410,0.5530214905738831,"[410, 634, 519, 491, 860]"
01573_superimposition_low.png,491,0,superimposition,low,ResNet101,0,0.8784885406494141,"[0, 36, 996, 997, 35]"
01574_texture_shape_high.png,491,0,texture_shape,high,ResNet101,634,0.9055441617965698,"[634, 519, 410, 491, 646]"
01575_texture_shape_low.png,491,0,texture_shape,low,ResNet101,634,0.8559156656265259,"[634, 586, 847, 410, 491]"
01560_texture_shape_high.png,482,491,texture_shape,high,ConvNeXt,482,0.40026330947875977,"[482, 848, 481, 754, 485]"
01561_texture_shape_low.png,482,491,texture_shape,low,ConvNeXt,798,0.041477955877780914,"[798, 492, 769, 519, 485]"
01562_edge_conflict_high.png,482,491,edge_conflict,high,ConvNeXt,781,0.11605507880449295,"[781, 491, 602, 456, 807]"
01563_edge_conflict_low.png,482,491,edge_conflict,low,ConvNeXt,491,0.05550718307495117,"[491, 456, 733, 807, 645]"
01564_patch_shuffle_high.png,482,491,patch_shuffle,high,ConvNeXt,482,0.3561844527721405,"[482, 848, 754, 485, 590]"
01565_patch_shuffle_low.png,482,491,patch_shuffle,low,ConvNeXt,482,0.5907028317451477,"[482, 481, 848, 754, 485]"
01566_color_inversion_high.png,482,491,color_inversion,high,ConvNeXt,481,0.13521254062652588,"[481, 798, 645, 491, 662]"
01567_color_inversion_low.png,482,491,color_inversion,low,ConvNeXt,491,0.14695344865322113,"[491, 456, 645, 843, 675]"
01568_adain_high.png,491,0,adain,high,ConvNeXt,634,0.5499418377876282,"[634, 491, 519, 410, 428]"
01569_adain_low.png,491,0,adain,low,ConvNeXt,634,0.5881831645965576,"[634, 491, 519, 410, 428]"
01570_occlusion_high.png,491,-1,occlusion,high,ConvNeXt,634,0.4519340395927429,"[634, 519, 410, 491, 912]"
01571_occlusion_low.png,491,-1,occlusion,low,ConvNeXt,634,0.4963681101799011,"[634, 410, 519, 491, 912]"
01572_superimposition_high.png,491,0,superimposition,high,ConvNeXt,634,0.20854581892490387,"[634, 410, 491, 519, 428]"
01573_superimposition_low.png,491,0,superimposition,low,ConvNeXt,0,0.38019171357154846,"[0, 559, 401, 765, 410]"
01574_texture_shape_high.png,491,0,texture_shape,high,ConvNeXt,634,0.5175773501396179,"[634, 491, 519, 410, 428]"
01575_texture_shape_low.png,491,0,texture_shape,low,ConvNeXt,634,0.27988383173942566,"[634, 519, 472, 642, 351]"
01560_texture_shape_high.png,482,491,texture_shape,high,ViT-B/16,662,0.17146196961402893,"[662, 754, 482, 848, 485]"
01561_texture_shape_low.png,482,491,texture_shape,low,ViT-B/16,320,0.27676090598106384,"[320, 319, 769, 318, 798]"
01562_edge_conflict_high.png,482,491,edge_conflict,high,ViT-B/16,491,0.4903761148452759,"[491, 815, 73, 602, 456]"
01563_edge_conflict_low.png,482,491,edge_conflict,low,ViT-B/16,491,0.35329145193099976,"[491, 456, 830, 602, 843]"
01564_patch_shuffle_high.png,482,491,patch_shuffle,high,ViT-B/16,482,0.36598700284957886,"[482, 485, 530, 848, 754]"
01565_patch_shuffle_low.png,482,491,patch_shuffle,low,ViT-B/16,482,0.5388710498809814,"[482, 848, 754, 485, 481]"
01566_color_inversion_high.png,482,491,color_inversion,high,ViT-B/16,419,0.0958864614367485,"[419, 456, 844, 662, 843]"
01567_color_inversion_low.png,482,491,color_inversion,low,ViT-B/16,798,0.25455015897750854,"[798, 674, 843, 491, 456]"
01568_adain_high.png,491,0,adain,high,ViT-B/16,634,0.6398226618766785,"[634, 646, 856, 519, 410]"
01569_adain_low.png,491,0,adain,low,ViT-B/16,634,0.5791093111038208,"[634, 646, 519, 856, 410]"
01570_occlusion_high.png,491,-1,occlusion,high,ViT-B/16,634,0.260974258184433,"[634, 410, 646, 519, 726]"
01571_occlusion_low.png,491,-1,occlusion,low,ViT-B/16,634,0.7003907561302185,"[634, 519, 675, 642, 856]"
01572_superimposition_high.png,491,0,superimposition,high,ViT-B/16,634,0.18626238405704498,"[634, 519, 410, 646, 642]"
01573_superimposition_low.png,491,0,superimposition,low,ViT-B/16,0,0.7487542033195496,"[0, 634, 856, 410, 401]"
01574_texture_shape_high.png,491,0,texture_shape,high,ViT-B/16,634,0.4932343363761902,"[634, 646, 912, 856, 858]"
01575_texture_shape_low.png,491,0,texture_shape,low,ViT-B/16,634,0.5121483206748962,"[634, 586, 690, 345, 603]"
01560_texture_shape_high.png,482,491,texture_shape,high,DeiT,482,0.25015196204185486,"[482, 754, 848, 485, 662]"
01561_texture_shape_low.png,482,491,texture_shape,low,DeiT,769,0.25193437933921814,"[769, 111, 405, 419, 662]"
01562_edge_conflict_high.png,482,491,edge_conflict,high,DeiT,482,0.22963674366474152,"[482, 848, 456, 754, 843]"
01563_edge_conflict_low.png,482,491,edge_conflict,low,DeiT,491,0.05821756273508072,"[491, 456, 733, 972, 843]"
01564_patch_shuffle_high.png,482,491,patch_shuffle,high,DeiT,482,0.28342822194099426,"[482, 485, 848, 754, 530]"
01565_patch_shuffle_low.png,482,491,patch_shuffle,low,DeiT,482,0.41314399242401123,"[482, 485, 848, 754, 481]"
01566_color_inversion_high.png,482,491,color_inversion,high,DeiT,482,0.2250048667192459,"[482, 662, 456, 481, 780]"
01567_color_inversion_low.png,482,491,color_inversion,low,DeiT,798,0.3596906065940857,"[798, 645, 491, 456, 843]"
01568_adain_high.png,491,0,adain,high,DeiT,634,0.7665696144104004,"[634, 410, 519, 856, 491]"
01569_adain_low.png,491,0,adain,low,DeiT,634,0.7532830238342285,"[634, 410, 519, 856, 491]"
01570_occlusion_high.png,491,-1,occlusion,high,DeiT,634,0.4839593768119812,"[634, 410, 519, 583, 726]"
01571_occlusion_low.png,491,-1,occlusion,low,DeiT,634,0.7830051183700562,"[634, 410, 519, 856, 491]"
01572_superimposition_high.png,491,0,superimposition,high,DeiT,634,0.5515192747116089,"[634, 996, 410, 0, 993]"
01573_superimposition_low.png,491,0,superimposition,low,DeiT,0,0.6297219395637512,"[0, 634, 449, 410, 401]"
01574_texture_shape_high.png,491,0,texture_shape,high,DeiT,634,0.7300295233726501,"[634, 410, 856, 847, 519]"
01575_texture_shape_low.png,491,0,texture_shape,low,DeiT,634,0.42271652817726135,"[634, 410, 586, 847, 856]"
01560_texture_shape_high.png,482,491,texture_shape,high,CLIP,848,0.5093505382537842,"[848, 754, 485, 530, 662]"
01561_texture_shape_low.png,482,491,texture_shape,low,CLIP,810,0.9589916467666626,"[810, 416, 782, 798, 642]"
01562_edge_conflict_high.png,482,491,edge_conflict,high,CLIP,843,0.227029487490654,"[843, 815, 602, 916, 494]"
01563_edge_conflict_low.png,482,491,edge_conflict,low,CLIP,456,0.19704920053482056,"[456, 602, 379, 491, 381]"
01564_patch_shuffle_high.png,482,491,patch_shuffle,high,CLIP,530,0.6266213059425354,"[530, 848, 485, 754, 531]"
01565_patch_shuffle_low.png,482,491,patch_shuffle,low,CLIP,848,0.6306990385055542,"[848, 530, 485, 754, 482]"
01566_color_inversion_high.png,482,491,color_inversion,high,CLIP,782,0.1590096801519394,"[782, 916, 800, 553, 416]"
01567_color_inversion_low.png,482,491,color_inversion,low,CLIP,645,0.534188985824585,"[645, 843, 456, 815, 21]"
01568_adain_high.png,491,0,adain,high,CLIP,642,0.7781691551208496,"[642, 410, 634, 519, 687]"
01569_adain_low.png,491,0,adain,low,CLIP,642,0.5859414935112,"[642, 410, 519, 634, 492]"
01570_occlusion_high.png,491,-1,occlusion,high,CLIP,410,0.6686579585075378,"[410, 519, 642, 646, 492]"
01571_occlusion_low.png,491,-1,occlusion,low,CLIP,634,0.21806025505065918,"[634, 410, 519, 492, 477]"
01572_superimposition_high.png,491,0,superimposition,high,CLIP,410,0.971489429473877,"[410, 634, 642, 595, 599]"
01573_superimposition_low.png,491,0,superimposition,low,CLIP,116,0.4675247073173523,"[116, 390, 0, 62, 394]"
01574_texture_shape_high.png,491,0,texture_shape,high,CLIP,410,0.5463142395019531,"[410, 642, 519, 634, 739]"
01575_texture_shape_low.png,491,0,texture_shape,low,CLIP,690,0.38624101877212524,"[690, 642, 428, 595, 516]"
01576_edge_conflict_high.png,491,0,edge_conflict,high,ResNet50,815,0.21537362039089203,"[815, 861, 412, 646, 73]"
01577_edge_conflict_low.png,491,0,edge_conflict,low,ResNet50,996,0.6023638248443604,"[996, 997, 36, 35, 995]"
01578_patch_shuffle_high.png,491,0,patch_shuffle,high,ResNet50,634,0.5131198167800903,"[634, 410, 491, 863, 401]"
01579_patch_shuffle_low.png,491,0,patch_shuffle,low,ResNet50,634,0.48711588978767395,"[634, 410, 646, 860, 583]"
01580_color_inversion_high.png,491,0,color_inversion,high,ResNet50,448,0.07430125027894974,"[448, 449, 703, 853, 858]"
01581_color_inversion_low.png,491,0,color_inversion,low,ResNet50,996,0.35669800639152527,"[996, 116, 972, 36, 936]"
01582_adain_high.png,491,569,adain,high,ResNet50,524,0.0999828577041626,"[524, 666, 491, 461, 469]"
01583_adain_low.png,491,569,adain,low,ResNet50,491,0.17362482845783234,"[491, 490, 524, 787, 469]"
01584_occlusion_high.png,491,-1,occlusion,high,ResNet50,160,0.24025824666023254,"[160, 851, 410, 598, 632]"
01585_occlusion_low.png,491,-1,occlusion,low,ResNet50,469,0.1122739240527153,"[469, 583, 524, 653, 666]"
01586_superimposition_high.png,491,569,superimposition,high,ResNet50,491,0.1918027400970459,"[491, 634, 856, 847, 490]"
01587_superimposition_low.png,491,569,superimposition,low,ResNet50,569,0.9983800649642944,"[569, 867, 586, 847, 864]"
01588_texture_shape_high.png,491,569,texture_shape,high,ResNet50,491,0.2836949825286865,"[491, 524, 653, 490, 634]"
01589_texture_shape_low.png,491,569,texture_shape,low,ResNet50,611,0.2655790448188782,"[611, 562, 756, 807, 469]"
01590_edge_conflict_high.png,491,569,edge_conflict,high,ResNet50,820,0.4992789924144745,"[820, 565, 425, 547, 705]"
01591_edge_conflict_low.png,491,569,edge_conflict,low,ResNet50,569,0.9853026866912842,"[569, 820, 547, 847, 867]"
01576_edge_conflict_high.png,491,0,edge_conflict,high,ResNet101,595,0.35869476199150085,"[595, 807, 556, 611, 634]"
01577_edge_conflict_low.png,491,0,edge_conflict,low,ResNet101,0,0.34913474321365356,"[0, 34, 996, 116, 741]"
01578_patch_shuffle_high.png,491,0,patch_shuffle,high,ResNet101,634,0.4078787863254547,"[634, 491, 410, 519, 582]"
01579_patch_shuffle_low.png,491,0,patch_shuffle,low,ResNet101,410,0.9081718325614929,"[410, 634, 582, 519, 491]"
01580_color_inversion_high.png,491,0,color_inversion,high,ResNet101,827,0.1521572470664978,"[827, 525, 297, 972, 406]"
01581_color_inversion_low.png,491,0,color_inversion,low,ResNet101,525,0.28285837173461914,"[525, 972, 996, 611, 921]"
01582_adain_high.png,491,569,adain,high,ResNet101,491,0.9533758163452148,"[491, 666, 428, 596, 621]"
01583_adain_low.png,491,569,adain,low,ResNet101,491,0.957623302936554,"[491, 666, 428, 787, 634]"
01584_occlusion_high.png,491,-1,occlusion,high,ResNet101,711,0.1044456735253334,"[711, 728, 851, 807, 438]"
01585_occlusion_low.png,491,-1,occlusion,low,ResNet101,487,0.10506702959537506,"[487, 708, 594, 63, 807]"
01586_superimposition_high.png,491,569,superimposition,high,ResNet101,491,0.43425607681274414,"[491, 456, 708, 524, 666]"
01587_superimposition_low.png,491,569,superimposition,low,ResNet101,569,0.9917044639587402,"[569, 517, 864, 586, 867]"
01588_texture_shape_high.png,491,569,texture_shape,high,ResNet101,491,0.9615690112113953,"[491, 634, 666, 63, 856]"
01589_texture_shape_low.png,491,569,texture_shape,low,ResNet101,611,0.45750558376312256,"[611, 562, 904, 971, 805]"
01590_edge_conflict_high.png,491,569,edge_conflict,high,ResNet101,820,0.34397321939468384,"[820, 847, 833, 471, 867]"
01591_edge_conflict_low.png,491,569,edge_conflict,low,ResNet101,569,0.9793478846549988,"[569, 867, 864, 517, 803]"
01576_edge_conflict_high.png,491,0,edge_conflict,high,ConvNeXt,0,0.06136982515454292,"[0, 63, 361, 68, 35]"
01577_edge_conflict_low.png,491,0,edge_conflict,low,ConvNeXt,0,0.4293235242366791,"[0, 612, 580, 390, 807]"
01578_patch_shuffle_high.png,491,0,patch_shuffle,high,ConvNeXt,634,0.5307061672210693,"[634, 491, 912, 519, 726]"
01579_patch_shuffle_low.png,491,0,patch_shuffle,low,ConvNeXt,634,0.39647820591926575,"[634, 491, 410, 912, 428]"
01580_color_inversion_high.png,491,0,color_inversion,high,ConvNeXt,634,0.16259416937828064,"[634, 410, 491, 519, 825]"
01581_color_inversion_low.png,491,0,color_inversion,low,ConvNeXt,0,0.2685156464576721,"[0, 477, 401, 687, 35]"
01582_adain_high.png,491,569,adain,high,ConvNeXt,491,0.902532696723938,"[491, 634, 708, 596, 740]"
01583_adain_low.png,491,569,adain,low,ConvNeXt,491,0.8929672241210938,"[491, 634, 708, 856, 163]"
01584_occlusion_high.png,491,-1,occlusion,high,ConvNeXt,491,0.8200640082359314,"[491, 634, 856, 428, 830]"
01585_occlusion_low.png,491,-1,occlusion,low,ConvNeXt,491,0.9112364053726196,"[491, 634, 856, 163, 708]"
01586_superimposition_high.png,491,569,superimposition,high,ConvNeXt,491,0.43688660860061646,"[491, 634, 160, 163, 856]"
01587_superimposition_low.png,491,569,superimposition,low,ConvNeXt,569,0.4004529118537903,"[569, 456, 491, 602, 645]"
01588_texture_shape_high.png,491,569,texture_shape,high,ConvNeXt,491,0.7244360446929932,"[491, 634, 163, 233, 211]"
01589_texture_shape_low.png,491,569,texture_shape,low,ConvNeXt,904,0.04654324799776077,"[904, 491, 168, 101, 653]"
01590_edge_conflict_high.png,491,569,edge_conflict,high,ConvNeXt,569,0.26822561025619507,"[569, 586, 547, 73, 665]"
01591_edge_conflict_low.png,491,569,edge_conflict,low,ConvNeXt,569,0.5748113989830017,"[569, 815, 73, 867, 803]"
01576_edge_conflict_high.png,491,0,edge_conflict,high,ViT-B/16,0,0.2533833682537079,"[0, 729, 559, 646, 843]"
01577_edge_conflict_low.png,491,0,edge_conflict,low,ViT-B/16,0,0.6308019161224365,"[0, 912, 791, 580, 425]"
01578_patch_shuffle_high.png,491,0,patch_shuffle,high,ViT-B/16,634,0.3192945420742035,"[634, 519, 675, 646, 881]"
01579_patch_shuffle_low.png,491,0,patch_shuffle,low,ViT-B/16,634,0.29650986194610596,"[634, 863, 646, 583, 519]"
01580_color_inversion_high.png,491,0,color_inversion,high,ViT-B/16,448,0.40098875761032104,"[448, 853, 477, 401, 637]"
01581_color_inversion_low.png,491,0,color_inversion,low,ViT-B/16,0,0.5651389360427856,"[0, 501, 414, 885, 997]"
01582_adain_high.png,491,569,adain,high,ViT-B/16,491,0.918182909488678,"[491, 469, 666, 653, 634]"
01583_adain_low.png,491,569,adain,low,ViT-B/16,491,0.9058334231376648,"[491, 469, 634, 666, 653]"
01584_occlusion_high.png,491,-1,occlusion,high,ViT-B/16,491,0.6804801821708679,"[491, 634, 856, 726, 740]"
01585_occlusion_low.png,491,-1,occlusion,low,ViT-B/16,491,0.864881157875061,"[491, 653, 634, 469, 233]"
01586_superimposition_high.png,491,569,superimposition,high,ViT-B/16,491,0.6209180355072021,"[491, 757, 456, 596, 654]"
01587_superimposition_low.png,491,569,superimposition,low,ViT-B/16,569,0.8152702450752258,"[569, 645, 469, 756, 160]"
01588_texture_shape_high.png,491,569,texture_shape,high,ViT-B/16,491,0.6066122055053711,"[491, 469, 225, 235, 255]"
01589_texture_shape_low.png,491,569,texture_shape,low,ViT-B/16,491,0.07692121714353561,"[491, 596, 163, 63, 993]"
01590_edge_conflict_high.png,491,569,edge_conflict,high,ViT-B/16,820,0.17143172025680542,"[820, 569, 612, 870, 856]"
01591_edge_conflict_low.png,491,569,edge_conflict,low,ViT-B/16,569,0.6346186995506287,"[569, 456, 345, 869, 413]"
01576_edge_conflict_high.png,491,0,edge_conflict,high,DeiT,0,0.2298726886510849,"[0, 646, 634, 743, 425]"
01577_edge_conflict_low.png,491,0,edge_conflict,low,DeiT,0,0.5114880800247192,"[0, 425, 559, 525, 428]"
01578_patch_shuffle_high.png,491,0,patch_shuffle,high,DeiT,634,0.7952013611793518,"[634, 912, 856, 410, 646]"
01579_patch_shuffle_low.png,491,0,patch_shuffle,low,DeiT,634,0.6859340667724609,"[634, 410, 912, 583, 491]"
01580_color_inversion_high.png,491,0,color_inversion,high,DeiT,634,0.631256103515625,"[634, 410, 491, 996, 856]"
01581_color_inversion_low.png,491,0,color_inversion,low,DeiT,0,0.48889675736427307,"[0, 410, 634, 912, 646]"
01582_adain_high.png,491,569,adain,high,DeiT,491,0.8871217966079712,"[491, 634, 469, 596, 666]"
01583_adain_low.png,491,569,adain,low,DeiT,491,0.854199230670929,"[491, 634, 596, 740, 830]"
01584_occlusion_high.png,491,-1,occlusion,high,DeiT,491,0.464367538690567,"[491, 634, 830, 740, 856]"
01585_occlusion_low.png,491,-1,occlusion,low,DeiT,491,0.8560370206832886,"[491, 634, 740, 596, 726]"
01586_superimposition_high.png,491,569,superimposition,high,DeiT,491,0.4103647768497467,"[491, 569, 666, 660, 541]"
01587_superimposition_low.png,491,569,superimposition,low,DeiT,569,0.7843719124794006,"[569, 645, 469, 522, 863]"
01588_texture_shape_high.png,491,569,texture_shape,high,DeiT,491,0.7284855842590332,"[491, 634, 469, 666, 596]"
01589_texture_shape_low.png,491,569,texture_shape,low,DeiT,739,0.14840640127658844,"[739, 163, 904, 167, 164]"
01590_edge_conflict_high.png,491,569,edge_conflict,high,DeiT,569,0.11915197968482971,"[569, 611, 646, 675, 820]"
01591_edge_conflict_low.png,491,569,edge_conflict,low,DeiT,569,0.68255215883255,"[569, 611, 646, 111, 640]"
01576_edge_conflict_high.png,491,0,edge_conflict,high,CLIP,562,0.7938413619995117,"[562, 525, 756, 974, 533]"
01577_edge_conflict_low.png,491,0,edge_conflict,low,CLIP,0,0.9968642592430115,"[0, 390, 62, 912, 58]"
01578_patch_shuffle_high.png,491,0,patch_shuffle,high,CLIP,634,0.31422117352485657,"[634, 491, 913, 410, 416]"
01579_patch_shuffle_low.png,491,0,patch_shuffle,low,CLIP,646,0.22257016599178314,"[646, 410, 642, 739, 634]"
01580_color_inversion_high.png,491,0,color_inversion,high,CLIP,884,0.21816521883010864,"[884, 562, 442, 500, 694]"
01581_color_inversion_low.png,491,0,color_inversion,low,CLIP,392,0.321133553981781,"[392, 500, 913, 669, 525]"
01582_adain_high.png,491,569,adain,high,CLIP,296,0.35425469279289246,"[296, 222, 341, 260, 208]"
01583_adain_low.png,491,569,adain,low,CLIP,491,0.14936132729053497,"[491, 296, 179, 341, 260]"
01584_occlusion_high.png,491,-1,occlusion,high,CLIP,260,0.2430204153060913,"[260, 296, 341, 345, 243]"
01585_occlusion_low.png,491,-1,occlusion,low,CLIP,341,0.2380327731370926,"[341, 345, 739, 596, 981]"
01586_superimposition_high.png,491,569,superimposition,high,CLIP,491,0.16581867635250092,"[491, 739, 634, 577, 458]"
01587_superimposition_low.png,491,569,superimposition,low,CLIP,569,0.9997628331184387,"[569, 847, 864, 856, 867]"
01588_texture_shape_high.png,491,569,texture_shape,high,CLIP,341,0.2577100992202759,"[341, 739, 296, 491, 863]"
01589_texture_shape_low.png,491,569,texture_shape,low,CLIP,822,0.36304378509521484,"[822, 427, 739, 469, 541]"
01590_edge_conflict_high.png,491,569,edge_conflict,high,CLIP,569,0.40941497683525085,"[569, 603, 820, 870, 856]"
01591_edge_conflict_low.png,491,569,edge_conflict,low,CLIP,569,0.9993963241577148,"[569, 867, 864, 463, 717]"
01592_patch_shuffle_high.png,491,569,patch_shuffle,high,ResNet50,634,0.4623921811580658,"[634, 410, 856, 469, 653]"
01593_patch_shuffle_low.png,491,569,patch_shuffle,low,ResNet50,491,0.2655121982097626,"[491, 410, 490, 634, 787]"
01594_color_inversion_high.png,491,569,color_inversion,high,ResNet50,691,0.2990070879459381,"[691, 830, 653, 899, 807]"
01595_color_inversion_low.png,491,569,color_inversion,low,ResNet50,569,0.9987395405769348,"[569, 517, 864, 847, 803]"
01596_adain_high.png,491,0,adain,high,ResNet50,491,0.9995309114456177,"[491, 473, 740, 512, 600]"
01597_adain_low.png,491,0,adain,low,ResNet50,491,0.998519241809845,"[491, 473, 740, 600, 512]"
01598_occlusion_high.png,491,-1,occlusion,high,ResNet50,419,0.05095053091645241,"[419, 892, 549, 600, 409]"
01599_occlusion_low.png,491,-1,occlusion,low,ResNet50,902,0.18712538480758667,"[902, 491, 633, 615, 600]"
01600_superimposition_high.png,491,0,superimposition,high,ResNet50,491,0.9796134233474731,"[491, 473, 633, 726, 691]"
01601_superimposition_low.png,491,0,superimposition,low,ResNet50,491,0.7281951904296875,"[491, 0, 389, 641, 955]"
01602_texture_shape_high.png,491,0,texture_shape,high,ResNet50,491,0.9884676337242126,"[491, 473, 584, 600, 777]"
01603_texture_shape_low.png,491,0,texture_shape,low,ResNet50,591,0.3568204641342163,"[591, 405, 749, 904, 5]"
01604_edge_conflict_high.png,491,0,edge_conflict,high,ResNet50,268,0.07734356820583344,"[268, 227, 714, 151, 456]"
01605_edge_conflict_low.png,491,0,edge_conflict,low,ResNet50,0,0.7348295450210571,"[0, 357, 5, 358, 268]"
01606_patch_shuffle_high.png,491,0,patch_shuffle,high,ResNet50,740,0.2971080243587494,"[740, 491, 535, 665, 600]"
01607_patch_shuffle_low.png,491,0,patch_shuffle,low,ResNet50,473,0.3242053687572479,"[473, 615, 633, 600, 596]"
01592_patch_shuffle_high.png,491,569,patch_shuffle,high,ResNet101,410,0.26004379987716675,"[410, 544, 491, 787, 490]"
01593_patch_shuffle_low.png,491,569,patch_shuffle,low,ResNet101,491,0.6031267642974854,"[491, 428, 410, 653, 588]"
01594_color_inversion_high.png,491,569,color_inversion,high,ResNet101,465,0.11648355424404144,"[465, 691, 570, 669, 830]"
01595_color_inversion_low.png,491,569,color_inversion,low,ResNet101,569,0.992224931716919,"[569, 517, 847, 586, 675]"
01596_adain_high.png,491,0,adain,high,ResNet101,491,0.9999988079071045,"[491, 740, 473, 512, 600]"
01597_adain_low.png,491,0,adain,low,ResNet101,491,0.9999916553497314,"[491, 473, 740, 512, 600]"
01598_occlusion_high.png,491,-1,occlusion,high,ResNet101,473,0.46326786279678345,"[473, 491, 512, 600, 740]"
01599_occlusion_low.png,491,-1,occlusion,low,ResNet101,473,0.46541643142700195,"[473, 600, 491, 512, 550]"
01600_superimposition_high.png,491,0,superimposition,high,ResNet101,491,0.9999920129776001,"[491, 473, 499, 726, 813]"
01601_superimposition_low.png,491,0,superimposition,low,ResNet101,0,0.4689777195453644,"[0, 122, 491, 389, 121]"
01602_texture_shape_high.png,491,0,texture_shape,high,ResNet101,491,0.9997565150260925,"[491, 473, 512, 726, 600]"
01603_texture_shape_low.png,491,0,texture_shape,low,ResNet101,78,0.2838553488254547,"[78, 904, 319, 75, 626]"
01604_edge_conflict_high.png,491,0,edge_conflict,high,ResNet101,5,0.23782411217689514,"[5, 51, 73, 319, 394]"
01605_edge_conflict_low.png,491,0,edge_conflict,low,ResNet101,0,0.9147986769676208,"[0, 389, 394, 5, 728]"
01606_patch_shuffle_high.png,491,0,patch_shuffle,high,ResNet101,491,0.3030089735984802,"[491, 740, 600, 473, 596]"
01607_patch_shuffle_low.png,491,0,patch_shuffle,low,ResNet101,491,0.6654025912284851,"[491, 473, 740, 726, 600]"
01592_patch_shuffle_high.png,491,569,patch_shuffle,high,ConvNeXt,491,0.7071270942687988,"[491, 163, 634, 856, 160]"
01593_patch_shuffle_low.png,491,569,patch_shuffle,low,ConvNeXt,491,0.8315673470497131,"[491, 856, 634, 163, 233]"
01594_color_inversion_high.png,491,569,color_inversion,high,ConvNeXt,491,0.3038361668586731,"[491, 461, 708, 524, 787]"
01595_color_inversion_low.png,491,569,color_inversion,low,ConvNeXt,569,0.2993738651275635,"[569, 867, 708, 14, 675]"
01596_adain_high.png,491,0,adain,high,ConvNeXt,491,0.8832880854606628,"[491, 512, 473, 600, 584]"
01597_adain_low.png,491,0,adain,low,ConvNeXt,491,0.8767070174217224,"[491, 512, 473, 600, 584]"
01598_occlusion_high.png,491,-1,occlusion,high,ConvNeXt,491,0.7445399761199951,"[491, 512, 600, 473, 795]"
01599_occlusion_low.png,491,-1,occlusion,low,ConvNeXt,491,0.8442689180374146,"[491, 512, 473, 584, 600]"
01600_superimposition_high.png,491,0,superimposition,high,ConvNeXt,491,0.5705272555351257,"[491, 0, 389, 395, 473]"
01601_superimposition_low.png,491,0,superimposition,low,ConvNeXt,491,0.5609498023986816,"[491, 0, 389, 499, 360]"
01602_texture_shape_high.png,491,0,texture_shape,high,ConvNeXt,491,0.6891547441482544,"[491, 473, 512, 600, 78]"
01603_texture_shape_low.png,491,0,texture_shape,low,ConvNeXt,491,0.22891353070735931,"[491, 957, 473, 885, 591]"
01604_edge_conflict_high.png,491,0,edge_conflict,high,ConvNeXt,0,0.21031124889850616,"[0, 623, 473, 491, 584]"
01605_edge_conflict_low.png,491,0,edge_conflict,low,ConvNeXt,0,0.21689274907112122,"[0, 319, 73, 389, 320]"
01606_patch_shuffle_high.png,491,0,patch_shuffle,high,ConvNeXt,491,0.728074848651886,"[491, 740, 512, 777, 477]"
01607_patch_shuffle_low.png,491,0,patch_shuffle,low,ConvNeXt,491,0.5886083841323853,"[491, 512, 473, 902, 623]"
01592_patch_shuffle_high.png,491,569,patch_shuffle,high,ViT-B/16,491,0.5837603211402893,"[491, 634, 163, 255, 160]"
01593_patch_shuffle_low.png,491,569,patch_shuffle,low,ViT-B/16,491,0.8805813193321228,"[491, 233, 634, 856, 653]"
01594_color_inversion_high.png,491,569,color_inversion,high,ViT-B/16,861,0.10687907040119171,"[861, 601, 820, 653, 660]"
01595_color_inversion_low.png,491,569,color_inversion,low,ViT-B/16,569,0.7008719444274902,"[569, 601, 689, 645, 899]"
01596_adain_high.png,491,0,adain,high,ViT-B/16,491,0.868145227432251,"[491, 623, 423, 464, 473]"
01597_adain_low.png,491,0,adain,low,ViT-B/16,491,0.8652395009994507,"[491, 423, 623, 464, 777]"
01598_occlusion_high.png,491,-1,occlusion,high,ViT-B/16,491,0.743807315826416,"[491, 623, 512, 777, 473]"
01599_occlusion_low.png,491,-1,occlusion,low,ViT-B/16,491,0.8242359161376953,"[491, 423, 623, 777, 512]"
01600_superimposition_high.png,491,0,superimposition,high,ViT-B/16,491,0.7023583054542542,"[491, 0, 389, 390, 1]"
01601_superimposition_low.png,491,0,superimposition,low,ViT-B/16,0,0.49419817328453064,"[0, 491, 623, 777, 473]"
01602_texture_shape_high.png,491,0,texture_shape,high,ViT-B/16,491,0.8169440627098083,"[491, 623, 464, 591, 904]"
01603_texture_shape_low.png,491,0,texture_shape,low,ViT-B/16,491,0.4552884101867676,"[491, 591, 584, 772, 78]"
01604_edge_conflict_high.png,491,0,edge_conflict,high,ViT-B/16,0,0.4360301196575165,"[0, 491, 473, 623, 512]"
01605_edge_conflict_low.png,491,0,edge_conflict,low,ViT-B/16,0,0.513206958770752,"[0, 491, 512, 623, 473]"
01606_patch_shuffle_high.png,491,0,patch_shuffle,high,ViT-B/16,491,0.7007054090499878,"[491, 740, 512, 777, 726]"
01607_patch_shuffle_low.png,491,0,patch_shuffle,low,ViT-B/16,491,0.7718567848205566,"[491, 777, 623, 512, 464]"
01592_patch_shuffle_high.png,491,569,patch_shuffle,high,DeiT,491,0.6336812973022461,"[491, 634, 856, 739, 830]"
01593_patch_shuffle_low.png,491,569,patch_shuffle,low,DeiT,491,0.7218004465103149,"[491, 634, 856, 740, 726]"
01594_color_inversion_high.png,491,569,color_inversion,high,DeiT,491,0.7238664031028748,"[491, 867, 660, 634, 569]"
01595_color_inversion_low.png,491,569,color_inversion,low,DeiT,569,0.6616859436035156,"[569, 216, 220, 160, 469]"
01596_adain_high.png,491,0,adain,high,DeiT,491,0.8515592813491821,"[491, 634, 740, 919, 50]"
01597_adain_low.png,491,0,adain,low,DeiT,491,0.8637878894805908,"[491, 634, 740, 50, 919]"
01598_occlusion_high.png,491,-1,occlusion,high,DeiT,491,0.8007827997207642,"[491, 596, 918, 512, 473]"
01599_occlusion_low.png,491,-1,occlusion,low,DeiT,491,0.8411391377449036,"[491, 919, 596, 740, 413]"
01600_superimposition_high.png,491,0,superimposition,high,DeiT,491,0.5649948716163635,"[491, 0, 389, 413, 596]"
01601_superimposition_low.png,491,0,superimposition,low,DeiT,0,0.6251739859580994,"[0, 491, 389, 473, 413]"
01602_texture_shape_high.png,491,0,texture_shape,high,DeiT,491,0.7700653076171875,"[491, 591, 885, 949, 78]"
01603_texture_shape_low.png,491,0,texture_shape,low,DeiT,491,0.6797129511833191,"[491, 591, 78, 949, 584]"
01604_edge_conflict_high.png,491,0,edge_conflict,high,DeiT,0,0.41475173830986023,"[0, 491, 473, 600, 596]"
01605_edge_conflict_low.png,491,0,edge_conflict,low,DeiT,0,0.6056622862815857,"[0, 491, 600, 488, 683]"
01606_patch_shuffle_high.png,491,0,patch_shuffle,high,DeiT,491,0.8718741536140442,"[491, 740, 512, 600, 473]"
01607_patch_shuffle_low.png,491,0,patch_shuffle,low,DeiT,491,0.8725442290306091,"[491, 596, 473, 512, 726]"
01592_patch_shuffle_high.png,491,569,patch_shuffle,high,CLIP,541,0.23976700007915497,"[541, 412, 469, 699, 739]"
01593_patch_shuffle_low.png,491,569,patch_shuffle,low,CLIP,341,0.2485543191432953,"[341, 345, 240, 195, 981]"
01594_color_inversion_high.png,491,569,color_inversion,high,CLIP,296,0.4492799639701843,"[296, 782, 608, 611, 970]"
01595_color_inversion_low.png,491,569,color_inversion,low,CLIP,569,0.998559296131134,"[569, 867, 675, 864, 717]"
01596_adain_high.png,491,0,adain,high,CLIP,491,0.9984524250030518,"[491, 499, 473, 68, 389]"
01597_adain_low.png,491,0,adain,low,CLIP,491,0.9994876384735107,"[491, 499, 473, 68, 389]"
01598_occlusion_high.png,491,-1,occlusion,high,CLIP,491,0.6926567554473877,"[491, 596, 499, 587, 512]"
01599_occlusion_low.png,491,-1,occlusion,low,CLIP,491,0.9745161533355713,"[491, 499, 596, 473, 813]"
01600_superimposition_high.png,491,0,superimposition,high,CLIP,491,0.9751111268997192,"[491, 499, 589, 596, 68]"
01601_superimposition_low.png,491,0,superimposition,low,CLIP,0,0.8483873605728149,"[0, 395, 394, 391, 33]"
01602_texture_shape_high.png,491,0,texture_shape,high,CLIP,491,0.9955377578735352,"[491, 499, 473, 596, 68]"
01603_texture_shape_low.png,491,0,texture_shape,low,CLIP,908,0.2209443897008896,"[908, 749, 499, 391, 623]"
01604_edge_conflict_high.png,491,0,edge_conflict,high,CLIP,0,0.5951220393180847,"[0, 395, 600, 103, 590]"
01605_edge_conflict_low.png,491,0,edge_conflict,low,CLIP,0,0.9944581985473633,"[0, 103, 395, 36, 380]"
01606_patch_shuffle_high.png,491,0,patch_shuffle,high,CLIP,491,0.9984048008918762,"[491, 499, 596, 589, 587]"
01607_patch_shuffle_low.png,491,0,patch_shuffle,low,CLIP,491,0.9693612456321716,"[491, 535, 456, 499, 473]"
01608_color_inversion_high.png,491,0,color_inversion,high,ResNet50,491,0.8966284394264221,"[491, 473, 769, 813, 795]"
01609_color_inversion_low.png,491,0,color_inversion,low,ResNet50,491,0.4511558711528778,"[491, 0, 955, 47, 443]"
01610_adain_high.png,491,701,adain,high,ResNet50,489,0.31687116622924805,"[489, 743, 354, 915, 603]"
01611_adain_low.png,491,701,adain,low,ResNet50,489,0.13261690735816956,"[489, 354, 634, 603, 743]"
01612_occlusion_high.png,491,-1,occlusion,high,ResNet50,634,0.17896094918251038,"[634, 646, 410, 807, 519]"
01613_occlusion_low.png,491,-1,occlusion,low,ResNet50,489,0.16302704811096191,"[489, 706, 410, 743, 912]"
01614_superimposition_high.png,491,701,superimposition,high,ResNet50,489,0.16441555321216583,"[489, 354, 634, 519, 912]"
01615_superimposition_low.png,491,701,superimposition,low,ResNet50,417,0.12114497274160385,"[417, 743, 701, 538, 599]"
01616_texture_shape_high.png,491,701,texture_shape,high,ResNet50,634,0.32342496514320374,"[634, 354, 410, 743, 912]"
01617_texture_shape_low.png,491,701,texture_shape,low,ResNet50,847,0.30122652649879456,"[847, 586, 410, 492, 599]"
01618_edge_conflict_high.png,491,701,edge_conflict,high,ResNet50,695,0.11838500201702118,"[695, 791, 743, 492, 888]"
01619_edge_conflict_low.png,491,701,edge_conflict,low,ResNet50,562,0.14863035082817078,"[562, 492, 408, 803, 833]"
01620_patch_shuffle_high.png,491,701,patch_shuffle,high,ResNet50,634,0.3436720073223114,"[634, 583, 912, 690, 561]"
01621_patch_shuffle_low.png,491,701,patch_shuffle,low,ResNet50,634,0.6468911170959473,"[634, 410, 519, 912, 807]"
01622_color_inversion_high.png,491,701,color_inversion,high,ResNet50,431,0.5168307423591614,"[431, 791, 355, 790, 516]"
01623_color_inversion_low.png,491,701,color_inversion,low,ResNet50,669,0.1337069571018219,"[669, 354, 431, 296, 355]"
01608_color_inversion_high.png,491,0,color_inversion,high,ResNet101,491,0.9998940229415894,"[491, 473, 499, 623, 726]"
01609_color_inversion_low.png,491,0,color_inversion,low,ResNet101,389,0.2630995512008667,"[389, 0, 680, 395, 499]"
01610_adain_high.png,491,701,adain,high,ResNet101,491,0.6867749691009521,"[491, 489, 981, 634, 743]"
01611_adain_low.png,491,701,adain,low,ResNet101,491,0.8698640465736389,"[491, 634, 354, 981, 489]"
01612_occlusion_high.png,491,-1,occlusion,high,ResNet101,807,0.13764674961566925,"[807, 538, 599, 598, 663]"
01613_occlusion_low.png,491,-1,occlusion,low,ResNet101,807,0.1963014155626297,"[807, 599, 410, 634, 556]"
01614_superimposition_high.png,491,701,superimposition,high,ResNet101,491,0.6359030604362488,"[491, 634, 354, 394, 410]"
01615_superimposition_low.png,491,701,superimposition,low,ResNet101,830,0.10710155963897705,"[830, 890, 751, 743, 701]"
01616_texture_shape_high.png,491,701,texture_shape,high,ResNet101,634,0.327938973903656,"[634, 491, 726, 354, 394]"
01617_texture_shape_low.png,491,701,texture_shape,low,ResNet101,847,0.2827109098434448,"[847, 586, 634, 569, 690]"
01618_edge_conflict_high.png,491,701,edge_conflict,high,ResNet101,556,0.13661104440689087,"[556, 743, 674, 888, 562]"
01619_edge_conflict_low.png,491,701,edge_conflict,low,ResNet101,392,0.15622954070568085,"[392, 11, 556, 296, 540]"
01620_patch_shuffle_high.png,491,701,patch_shuffle,high,ResNet101,410,0.5002309679985046,"[410, 634, 912, 706, 599]"
01621_patch_shuffle_low.png,491,701,patch_shuffle,low,ResNet101,634,0.5297208428382874,"[634, 410, 491, 726, 599]"
01622_color_inversion_high.png,491,701,color_inversion,high,ResNet101,296,0.13114744424819946,"[296, 489, 148, 899, 270]"
01623_color_inversion_low.png,491,701,color_inversion,low,ResNet101,489,0.2630888819694519,"[489, 556, 751, 899, 728]"
01608_color_inversion_high.png,491,0,color_inversion,high,ConvNeXt,491,0.6505942344665527,"[491, 0, 389, 473, 103]"
01609_color_inversion_low.png,491,0,color_inversion,low,ConvNeXt,491,0.407296746969223,"[491, 0, 389, 623, 499]"
01610_adain_high.png,491,701,adain,high,ConvNeXt,491,0.3158985674381256,"[491, 634, 864, 981, 912]"
01611_adain_low.png,491,701,adain,low,ConvNeXt,491,0.7610063552856445,"[491, 634, 912, 981, 743]"
01612_occlusion_high.png,491,-1,occlusion,high,ConvNeXt,634,0.41470766067504883,"[634, 491, 587, 912, 981]"
01613_occlusion_low.png,491,-1,occlusion,low,ConvNeXt,491,0.647218644618988,"[491, 634, 912, 519, 726]"
01614_superimposition_high.png,491,701,superimposition,high,ConvNeXt,491,0.5966611504554749,"[491, 634, 912, 981, 743]"
01615_superimposition_low.png,491,701,superimposition,low,ConvNeXt,912,0.08721967786550522,"[912, 981, 354, 743, 491]"
01616_texture_shape_high.png,491,701,texture_shape,high,ConvNeXt,491,0.6735990643501282,"[491, 634, 912, 981, 354]"
01617_texture_shape_low.png,491,701,texture_shape,low,ConvNeXt,912,0.02534651570022106,"[912, 634, 573, 743, 690]"
01618_edge_conflict_high.png,491,701,edge_conflict,high,ConvNeXt,492,0.04638328775763512,"[492, 556, 626, 526, 759]"
01619_edge_conflict_low.png,491,701,edge_conflict,low,ConvNeXt,492,0.058132465928792953,"[492, 701, 126, 556, 73]"
01620_patch_shuffle_high.png,491,701,patch_shuffle,high,ConvNeXt,491,0.2585488259792328,"[491, 634, 912, 743, 726]"
01621_patch_shuffle_low.png,491,701,patch_shuffle,low,ConvNeXt,634,0.18848741054534912,"[634, 491, 912, 273, 274]"
01622_color_inversion_high.png,491,701,color_inversion,high,ConvNeXt,491,0.09407706558704376,"[491, 981, 634, 912, 877]"
01623_color_inversion_low.png,491,701,color_inversion,low,ConvNeXt,743,0.06521321833133698,"[743, 912, 981, 556, 977]"
01608_color_inversion_high.png,491,0,color_inversion,high,ViT-B/16,491,0.5918843150138855,"[491, 0, 623, 473, 389]"
01609_color_inversion_low.png,491,0,color_inversion,low,ViT-B/16,0,0.5223344564437866,"[0, 491, 473, 623, 740]"
01610_adain_high.png,491,701,adain,high,ViT-B/16,491,0.8280779719352722,"[491, 634, 354, 355, 167]"
01611_adain_low.png,491,701,adain,low,ViT-B/16,491,0.7972428202629089,"[491, 634, 726, 556, 354]"
01612_occlusion_high.png,491,-1,occlusion,high,ViT-B/16,491,0.6393936276435852,"[491, 634, 556, 726, 912]"
01613_occlusion_low.png,491,-1,occlusion,low,ViT-B/16,491,0.4519523084163666,"[491, 634, 354, 556, 596]"
01614_superimposition_high.png,491,701,superimposition,high,ViT-B/16,491,0.7308186888694763,"[491, 634, 726, 556, 599]"
01615_superimposition_low.png,491,701,superimposition,low,ViT-B/16,701,0.6554446220397949,"[701, 634, 417, 583, 802]"
01616_texture_shape_high.png,491,701,texture_shape,high,ViT-B/16,491,0.6537928581237793,"[491, 634, 556, 726, 596]"
01617_texture_shape_low.png,491,701,texture_shape,low,ViT-B/16,690,0.07532370090484619,"[690, 726, 350, 345, 634]"
01618_edge_conflict_high.png,491,701,edge_conflict,high,ViT-B/16,556,0.30746644735336304,"[556, 786, 492, 583, 707]"
01619_edge_conflict_low.png,491,701,edge_conflict,low,ViT-B/16,701,0.2542347013950348,"[701, 556, 492, 417, 795]"
01620_patch_shuffle_high.png,491,701,patch_shuffle,high,ViT-B/16,491,0.6338303685188293,"[491, 634, 413, 556, 561]"
01621_patch_shuffle_low.png,491,701,patch_shuffle,low,ViT-B/16,634,0.46159273386001587,"[634, 491, 726, 410, 596]"
01622_color_inversion_high.png,491,701,color_inversion,high,ViT-B/16,150,0.06606818735599518,"[150, 412, 489, 145, 144]"
01623_color_inversion_low.png,491,701,color_inversion,low,ViT-B/16,701,0.2759431302547455,"[701, 984, 746, 728, 417]"
01608_color_inversion_high.png,491,0,color_inversion,high,DeiT,491,0.5568628907203674,"[491, 0, 389, 955, 413]"
01609_color_inversion_low.png,491,0,color_inversion,low,DeiT,0,0.5526925921440125,"[0, 491, 389, 955, 596]"
01610_adain_high.png,491,701,adain,high,DeiT,491,0.5785115957260132,"[491, 981, 634, 519, 412]"
01611_adain_low.png,491,701,adain,low,DeiT,491,0.5456730723381042,"[491, 634, 412, 632, 556]"
01612_occlusion_high.png,491,-1,occlusion,high,DeiT,491,0.3143257200717926,"[491, 634, 599, 410, 726]"
01613_occlusion_low.png,491,-1,occlusion,low,DeiT,491,0.46077853441238403,"[491, 634, 912, 596, 519]"
01614_superimposition_high.png,491,701,superimposition,high,DeiT,634,0.3441471755504608,"[634, 491, 412, 556, 519]"
01615_superimposition_low.png,491,701,superimposition,low,DeiT,701,0.6521406173706055,"[701, 634, 417, 877, 491]"
01616_texture_shape_high.png,491,701,texture_shape,high,DeiT,634,0.5207419991493225,"[634, 491, 632, 412, 556]"
01617_texture_shape_low.png,491,701,texture_shape,low,DeiT,853,0.022024529054760933,"[853, 588, 492, 890, 489]"
01618_edge_conflict_high.png,491,701,edge_conflict,high,DeiT,556,0.29069650173187256,"[556, 492, 526, 626, 88]"
01619_edge_conflict_low.png,491,701,edge_conflict,low,DeiT,701,0.6458786129951477,"[701, 492, 556, 827, 493]"
01620_patch_shuffle_high.png,491,701,patch_shuffle,high,DeiT,89,0.3088184893131256,"[89, 491, 634, 912, 257]"
01621_patch_shuffle_low.png,491,701,patch_shuffle,low,DeiT,491,0.3868805766105652,"[491, 634, 519, 912, 410]"
01622_color_inversion_high.png,491,701,color_inversion,high,DeiT,491,0.3901973366737366,"[491, 634, 981, 89, 573]"
01623_color_inversion_low.png,491,701,color_inversion,low,DeiT,701,0.34753867983818054,"[701, 417, 981, 429, 556]"
01608_color_inversion_high.png,491,0,color_inversion,high,CLIP,491,0.7062728404998779,"[491, 499, 589, 623, 68]"
01609_color_inversion_low.png,491,0,color_inversion,low,CLIP,33,0.20046289265155792,"[33, 394, 36, 103, 86]"
01610_adain_high.png,491,701,adain,high,CLIP,410,0.3498765528202057,"[410, 981, 519, 766, 376]"
01611_adain_low.png,491,701,adain,low,CLIP,23,0.16751305758953094,"[23, 981, 144, 138, 410]"
01612_occlusion_high.png,491,-1,occlusion,high,CLIP,410,0.25779199600219727,"[410, 587, 490, 553, 782]"
01613_occlusion_low.png,491,-1,occlusion,low,CLIP,7,0.16873525083065033,"[7, 410, 981, 912, 587]"
01614_superimposition_high.png,491,701,superimposition,high,CLIP,89,0.5011874437332153,"[89, 981, 410, 173, 491]"
01615_superimposition_low.png,491,701,superimposition,low,CLIP,981,0.34741148352622986,"[981, 912, 489, 60, 843]"
01616_texture_shape_high.png,491,701,texture_shape,high,CLIP,144,0.15284165740013123,"[144, 23, 138, 99, 376]"
01617_texture_shape_low.png,491,701,texture_shape,low,CLIP,489,0.28412097692489624,"[489, 904, 912, 782, 669]"
01618_edge_conflict_high.png,491,701,edge_conflict,high,CLIP,242,0.1304822713136673,"[242, 669, 751, 782, 519]"
01619_edge_conflict_low.png,491,701,edge_conflict,low,CLIP,782,0.22522805631160736,"[782, 417, 664, 993, 744]"
01620_patch_shuffle_high.png,491,701,patch_shuffle,high,CLIP,912,0.39313939213752747,"[912, 410, 89, 7, 489]"
01621_patch_shuffle_low.png,491,701,patch_shuffle,low,CLIP,410,0.6269083619117737,"[410, 912, 489, 877, 378]"
01622_color_inversion_high.png,491,701,color_inversion,high,CLIP,145,0.2687847912311554,"[145, 89, 489, 904, 728]"
01623_color_inversion_low.png,491,701,color_inversion,low,CLIP,489,0.19582310318946838,"[489, 88, 145, 89, 87]"
01624_adain_high.png,497,217,adain,high,ResNet50,497,0.5631378293037415,"[497, 483, 698, 663, 743]"
01625_adain_low.png,497,217,adain,low,ResNet50,497,0.7222440242767334,"[497, 663, 483, 406, 884]"
01626_occlusion_high.png,497,-1,occlusion,high,ResNet50,483,0.5523021817207336,"[483, 743, 497, 425, 646]"
01627_occlusion_low.png,497,-1,occlusion,low,ResNet50,497,0.6305413842201233,"[497, 663, 483, 884, 743]"
01628_superimposition_high.png,497,217,superimposition,high,ResNet50,497,0.45457592606544495,"[497, 663, 884, 743, 483]"
01629_superimposition_low.png,497,217,superimposition,low,ResNet50,195,0.20213252305984497,"[195, 676, 246, 180, 217]"
01630_texture_shape_high.png,497,217,texture_shape,high,ResNet50,497,0.5264670252799988,"[497, 663, 406, 884, 483]"
01631_texture_shape_low.png,497,217,texture_shape,low,ResNet50,663,0.17970384657382965,"[663, 904, 441, 743, 855]"
01632_edge_conflict_high.png,497,217,edge_conflict,high,ResNet50,695,0.4366559088230133,"[695, 904, 743, 791, 646]"
01633_edge_conflict_low.png,497,217,edge_conflict,low,ResNet50,217,0.2681102752685547,"[217, 676, 73, 195, 75]"
01634_patch_shuffle_high.png,497,217,patch_shuffle,high,ResNet50,497,0.6084973216056824,"[497, 406, 483, 884, 698]"
01635_patch_shuffle_low.png,497,217,patch_shuffle,low,ResNet50,497,0.5013071894645691,"[497, 406, 483, 884, 698]"
01636_color_inversion_high.png,497,217,color_inversion,high,ResNet50,497,0.3460932672023773,"[497, 562, 406, 483, 698]"
01637_color_inversion_low.png,497,217,color_inversion,low,ResNet50,247,0.07182250916957855,"[247, 249, 537, 246, 888]"
01638_adain_high.png,497,491,adain,high,ResNet50,497,0.4569932222366333,"[497, 442, 483, 698, 449]"
01639_adain_low.png,497,491,adain,low,ResNet50,497,0.4559359550476074,"[497, 442, 483, 698, 663]"
01624_adain_high.png,497,217,adain,high,ResNet101,497,0.3801817297935486,"[497, 406, 483, 884, 698]"
01625_adain_low.png,497,217,adain,low,ResNet101,497,0.5841593742370605,"[497, 406, 483, 884, 663]"
01626_occlusion_high.png,497,-1,occlusion,high,ResNet101,483,0.7440810203552246,"[483, 497, 663, 698, 538]"
01627_occlusion_low.png,497,-1,occlusion,low,ResNet101,497,0.7420415282249451,"[497, 483, 406, 663, 698]"
01628_superimposition_high.png,497,217,superimposition,high,ResNet101,497,0.46946004033088684,"[497, 406, 483, 884, 576]"
01629_superimposition_low.png,497,217,superimposition,low,ResNet101,180,0.23844744265079498,"[180, 246, 172, 179, 537]"
01630_texture_shape_high.png,497,217,texture_shape,high,ResNet101,497,0.4083540141582489,"[497, 483, 406, 663, 698]"
01631_texture_shape_low.png,497,217,texture_shape,low,ResNet101,608,0.3072846531867981,"[608, 972, 663, 464, 655]"
01632_edge_conflict_high.png,497,217,edge_conflict,high,ResNet101,695,0.1831723302602768,"[695, 562, 618, 576, 100]"
01633_edge_conflict_low.png,497,217,edge_conflict,low,ResNet101,217,0.5843256115913391,"[217, 210, 180, 216, 215]"
01634_patch_shuffle_high.png,497,217,patch_shuffle,high,ResNet101,497,0.7895373106002808,"[497, 406, 663, 483, 884]"
01635_patch_shuffle_low.png,497,217,patch_shuffle,low,ResNet101,497,0.5027859210968018,"[497, 483, 663, 406, 698]"
01636_color_inversion_high.png,497,217,color_inversion,high,ResNet101,562,0.8371455669403076,"[562, 497, 716, 483, 525]"
01637_color_inversion_low.png,497,217,color_inversion,low,ResNet101,537,0.6252992153167725,"[537, 248, 250, 249, 195]"
01638_adain_high.png,497,491,adain,high,ResNet101,497,0.5890669822692871,"[497, 442, 483, 698, 663]"
01639_adain_low.png,497,491,adain,low,ResNet101,497,0.4185630977153778,"[497, 442, 483, 698, 663]"
01624_adain_high.png,497,217,adain,high,ConvNeXt,743,0.15980567038059235,"[743, 497, 406, 663, 698]"
01625_adain_low.png,497,217,adain,low,ConvNeXt,743,0.2732371687889099,"[743, 497, 406, 663, 698]"
01626_occlusion_high.png,497,-1,occlusion,high,ConvNeXt,497,0.29689109325408936,"[497, 743, 663, 406, 884]"
01627_occlusion_low.png,497,-1,occlusion,low,ConvNeXt,497,0.32233700156211853,"[497, 743, 663, 406, 884]"
01628_superimposition_high.png,497,217,superimposition,high,ConvNeXt,743,0.14521478116512299,"[743, 406, 497, 663, 698]"
01629_superimposition_low.png,497,217,superimposition,low,ConvNeXt,406,0.07477906346321106,"[406, 743, 217, 884, 708]"
01630_texture_shape_high.png,497,217,texture_shape,high,ConvNeXt,497,0.2317553609609604,"[497, 406, 663, 743, 698]"
01631_texture_shape_low.png,497,217,texture_shape,low,ConvNeXt,741,0.06013910099864006,"[741, 663, 855, 427, 497]"
01632_edge_conflict_high.png,497,217,edge_conflict,high,ConvNeXt,904,0.05612562224268913,"[904, 741, 646, 753, 451]"
01633_edge_conflict_low.png,497,217,edge_conflict,low,ConvNeXt,458,0.1964234560728073,"[458, 741, 904, 640, 217]"
01634_patch_shuffle_high.png,497,217,patch_shuffle,high,ConvNeXt,497,0.14959901571273804,"[497, 743, 663, 406, 884]"
01635_patch_shuffle_low.png,497,217,patch_shuffle,low,ConvNeXt,497,0.386770099401474,"[497, 663, 483, 743, 406]"
01636_color_inversion_high.png,497,217,color_inversion,high,ConvNeXt,406,0.12668129801750183,"[406, 562, 497, 698, 576]"
01637_color_inversion_low.png,497,217,color_inversion,low,ConvNeXt,406,0.12284939736127853,"[406, 562, 497, 583, 217]"
01638_adain_high.png,497,491,adain,high,ConvNeXt,497,0.4144066274166107,"[497, 442, 663, 912, 884]"
01639_adain_low.png,497,491,adain,low,ConvNeXt,497,0.3366658091545105,"[497, 442, 663, 912, 884]"
01624_adain_high.png,497,217,adain,high,ViT-B/16,406,0.4843895733356476,"[406, 497, 884, 663, 857]"
01625_adain_low.png,497,217,adain,low,ViT-B/16,406,0.4231968820095062,"[406, 497, 884, 663, 687]"
01626_occlusion_high.png,497,-1,occlusion,high,ViT-B/16,497,0.4371910095214844,"[497, 884, 406, 663, 687]"
01627_occlusion_low.png,497,-1,occlusion,low,ViT-B/16,497,0.4156840145587921,"[497, 406, 884, 663, 687]"
01628_superimposition_high.png,497,217,superimposition,high,ViT-B/16,406,0.35082119703292847,"[406, 497, 884, 73, 663]"
01629_superimposition_low.png,497,217,superimposition,low,ViT-B/16,217,0.3376694321632385,"[217, 497, 663, 884, 406]"
01630_texture_shape_high.png,497,217,texture_shape,high,ViT-B/16,497,0.40983134508132935,"[497, 406, 884, 663, 483]"
01631_texture_shape_low.png,497,217,texture_shape,low,ViT-B/16,406,0.1995832771062851,"[406, 497, 483, 663, 884]"
01632_edge_conflict_high.png,497,217,edge_conflict,high,ViT-B/16,636,0.4093784689903259,"[636, 748, 741, 695, 492]"
01633_edge_conflict_low.png,497,217,edge_conflict,low,ViT-B/16,451,0.46023452281951904,"[451, 217, 636, 748, 195]"
01634_patch_shuffle_high.png,497,217,patch_shuffle,high,ViT-B/16,497,0.5514239072799683,"[497, 406, 884, 663, 698]"
01635_patch_shuffle_low.png,497,217,patch_shuffle,low,ViT-B/16,497,0.5174849629402161,"[497, 406, 884, 663, 687]"
01636_color_inversion_high.png,497,217,color_inversion,high,ViT-B/16,562,0.7961528301239014,"[562, 497, 698, 668, 406]"
01637_color_inversion_low.png,497,217,color_inversion,low,ViT-B/16,537,0.39892885088920593,"[537, 248, 250, 264, 406]"
01638_adain_high.png,497,491,adain,high,ViT-B/16,497,0.7244821786880493,"[497, 442, 449, 884, 698]"
01639_adain_low.png,497,491,adain,low,ViT-B/16,497,0.652500331401825,"[497, 442, 698, 884, 449]"
01624_adain_high.png,497,217,adain,high,DeiT,663,0.1733633428812027,"[663, 698, 497, 884, 406]"
01625_adain_low.png,497,217,adain,low,DeiT,663,0.2650054693222046,"[663, 698, 497, 884, 406]"
01626_occlusion_high.png,497,-1,occlusion,high,DeiT,698,0.42618146538734436,"[698, 663, 483, 743, 497]"
01627_occlusion_low.png,497,-1,occlusion,low,DeiT,663,0.4485354721546173,"[663, 698, 497, 884, 483]"
01628_superimposition_high.png,497,217,superimposition,high,DeiT,663,0.181926891207695,"[663, 497, 698, 73, 139]"
01629_superimposition_low.png,497,217,superimposition,low,DeiT,217,0.7166993618011475,"[217, 698, 663, 884, 497]"
01630_texture_shape_high.png,497,217,texture_shape,high,DeiT,663,0.36499926447868347,"[663, 698, 497, 884, 483]"
01631_texture_shape_low.png,497,217,texture_shape,low,DeiT,741,0.3654820919036865,"[741, 663, 608, 885, 698]"
01632_edge_conflict_high.png,497,217,edge_conflict,high,DeiT,451,0.3238861858844757,"[451, 741, 921, 446, 893]"
01633_edge_conflict_low.png,497,217,edge_conflict,low,DeiT,217,0.6438530087471008,"[217, 741, 771, 492, 539]"
01634_patch_shuffle_high.png,497,217,patch_shuffle,high,DeiT,698,0.27725884318351746,"[698, 663, 497, 483, 884]"
01635_patch_shuffle_low.png,497,217,patch_shuffle,low,DeiT,698,0.35530439019203186,"[698, 663, 497, 483, 884]"
01636_color_inversion_high.png,497,217,color_inversion,high,DeiT,663,0.21716730296611786,"[663, 698, 884, 497, 406]"
01637_color_inversion_low.png,497,217,color_inversion,low,DeiT,217,0.23335742950439453,"[217, 663, 884, 873, 698]"
01638_adain_high.png,497,491,adain,high,DeiT,497,0.6250299215316772,"[497, 442, 663, 483, 698]"
01639_adain_low.png,497,491,adain,low,DeiT,497,0.5670473575592041,"[497, 442, 663, 912, 698]"
01624_adain_high.png,497,217,adain,high,CLIP,881,0.2710552513599396,"[881, 263, 406, 497, 663]"
01625_adain_low.png,497,217,adain,low,CLIP,881,0.2705032229423523,"[881, 663, 406, 497, 263]"
01626_occlusion_high.png,497,-1,occlusion,high,CLIP,782,0.7755588889122009,"[782, 483, 881, 663, 497]"
01627_occlusion_low.png,497,-1,occlusion,low,CLIP,881,0.33523547649383545,"[881, 663, 497, 263, 572]"
01628_superimposition_high.png,497,217,superimposition,high,CLIP,881,0.4707109332084656,"[881, 406, 782, 857, 663]"
01629_superimposition_low.png,497,217,superimposition,low,CLIP,247,0.4389675259590149,"[247, 195, 217, 161, 240]"
01630_texture_shape_high.png,497,217,texture_shape,high,CLIP,881,0.2356170266866684,"[881, 663, 406, 497, 263]"
01631_texture_shape_low.png,497,217,texture_shape,low,CLIP,663,0.1659209281206131,"[663, 782, 483, 888, 556]"
01632_edge_conflict_high.png,497,217,edge_conflict,high,CLIP,782,0.22348657250404358,"[782, 904, 562, 789, 646]"
01633_edge_conflict_low.png,497,217,edge_conflict,low,CLIP,217,0.5663089752197266,"[217, 247, 232, 212, 152]"
01634_patch_shuffle_high.png,497,217,patch_shuffle,high,CLIP,663,0.34073418378829956,"[663, 483, 497, 263, 881]"
01635_patch_shuffle_low.png,497,217,patch_shuffle,low,CLIP,663,0.4857363700866699,"[663, 483, 698, 687, 825]"
01636_color_inversion_high.png,497,217,color_inversion,high,CLIP,497,0.19269010424613953,"[497, 881, 562, 904, 406]"
01637_color_inversion_low.png,497,217,color_inversion,low,CLIP,247,0.637313961982727,"[247, 537, 250, 249, 232]"
01638_adain_high.png,497,491,adain,high,CLIP,497,0.9650006890296936,"[497, 224, 255, 263, 663]"
01639_adain_low.png,497,491,adain,low,CLIP,497,0.9676415920257568,"[497, 224, 255, 263, 663]"
01640_occlusion_high.png,497,-1,occlusion,high,ResNet50,920,0.11710667610168457,"[920, 483, 646, 497, 442]"
01641_occlusion_low.png,497,-1,occlusion,low,ResNet50,442,0.3753069043159485,"[442, 497, 483, 663, 698]"
01642_superimposition_high.png,497,491,superimposition,high,ResNet50,497,0.41669148206710815,"[497, 663, 442, 611, 483]"
01643_superimposition_low.png,497,491,superimposition,low,ResNet50,611,0.4531305432319641,"[611, 921, 741, 646, 916]"
01644_texture_shape_high.png,497,491,texture_shape,high,ResNet50,497,0.9095114469528198,"[497, 483, 663, 698, 442]"
01645_texture_shape_low.png,497,491,texture_shape,low,ResNet50,497,0.9455807209014893,"[497, 483, 663, 406, 884]"
01646_edge_conflict_high.png,497,491,edge_conflict,high,ResNet50,904,0.1695929318666458,"[904, 912, 489, 807, 815]"
01647_edge_conflict_low.png,497,491,edge_conflict,low,ResNet50,851,0.192542165517807,"[851, 916, 611, 782, 664]"
01648_patch_shuffle_high.png,497,491,patch_shuffle,high,ResNet50,497,0.44094476103782654,"[497, 442, 483, 698, 663]"
01649_patch_shuffle_low.png,497,491,patch_shuffle,low,ResNet50,442,0.3202579617500305,"[442, 497, 483, 858, 698]"
01650_color_inversion_high.png,497,491,color_inversion,high,ResNet50,497,0.3447105586528778,"[497, 741, 406, 611, 663]"
01651_color_inversion_low.png,497,491,color_inversion,low,ResNet50,611,0.9735251069068909,"[611, 921, 917, 741, 549]"
01652_adain_high.png,497,571,adain,high,ResNet50,497,0.839458167552948,"[497, 663, 483, 698, 406]"
01653_adain_low.png,497,571,adain,low,ResNet50,497,0.8826161623001099,"[497, 663, 483, 406, 698]"
01654_occlusion_high.png,497,-1,occlusion,high,ResNet50,743,0.3091694414615631,"[743, 483, 646, 425, 716]"
01655_occlusion_low.png,497,-1,occlusion,low,ResNet50,497,0.604903519153595,"[497, 483, 663, 698, 406]"
01640_occlusion_high.png,497,-1,occlusion,high,ResNet101,442,0.2065645158290863,"[442, 483, 497, 920, 698]"
01641_occlusion_low.png,497,-1,occlusion,low,ResNet101,442,0.33518365025520325,"[442, 497, 483, 698, 663]"
01642_superimposition_high.png,497,491,superimposition,high,ResNet101,497,0.34815195202827454,"[497, 663, 442, 483, 698]"
01643_superimposition_low.png,497,491,superimposition,low,ResNet101,646,0.3217209577560425,"[646, 442, 853, 611, 921]"
01644_texture_shape_high.png,497,491,texture_shape,high,ResNet101,497,0.9217870831489563,"[497, 483, 442, 663, 698]"
01645_texture_shape_low.png,497,491,texture_shape,low,ResNet101,794,0.9361159205436707,"[794, 497, 406, 741, 562]"
01646_edge_conflict_high.png,497,491,edge_conflict,high,ResNet101,904,0.15353789925575256,"[904, 611, 556, 233, 877]"
01647_edge_conflict_low.png,497,491,edge_conflict,low,ResNet101,491,0.2165331095457077,"[491, 611, 646, 664, 782]"
01648_patch_shuffle_high.png,497,491,patch_shuffle,high,ResNet101,442,0.27107781171798706,"[442, 483, 497, 698, 663]"
01649_patch_shuffle_low.png,497,491,patch_shuffle,low,ResNet101,497,0.3605630695819855,"[497, 483, 442, 698, 576]"
01650_color_inversion_high.png,497,491,color_inversion,high,ResNet101,611,0.246827632188797,"[611, 406, 741, 794, 497]"
01651_color_inversion_low.png,497,491,color_inversion,low,ResNet101,611,0.8961676955223083,"[611, 921, 741, 904, 807]"
01652_adain_high.png,497,571,adain,high,ResNet101,497,0.7827555537223816,"[497, 483, 406, 663, 884]"
01653_adain_low.png,497,571,adain,low,ResNet101,497,0.8077366352081299,"[497, 483, 406, 663, 884]"
01654_occlusion_high.png,497,-1,occlusion,high,ResNet101,497,0.14384596049785614,"[497, 483, 409, 892, 562]"
01655_occlusion_low.png,497,-1,occlusion,low,ResNet101,497,0.6357574462890625,"[497, 483, 698, 663, 406]"
01640_occlusion_high.png,497,-1,occlusion,high,ConvNeXt,442,0.31651005148887634,"[442, 497, 663, 912, 698]"
01641_occlusion_low.png,497,-1,occlusion,low,ConvNeXt,442,0.3375508785247803,"[442, 497, 663, 912, 884]"
01642_superimposition_high.png,497,491,superimposition,high,ConvNeXt,556,0.2345970869064331,"[556, 497, 442, 663, 912]"
01643_superimposition_low.png,497,491,superimposition,low,ConvNeXt,851,0.1259276121854782,"[851, 921, 664, 442, 782]"
01644_texture_shape_high.png,497,491,texture_shape,high,ConvNeXt,497,0.30882614850997925,"[497, 663, 442, 698, 884]"
01645_texture_shape_low.png,497,491,texture_shape,low,ConvNeXt,663,0.10666880756616592,"[663, 497, 741, 483, 698]"
01646_edge_conflict_high.png,497,491,edge_conflict,high,ConvNeXt,664,0.2503998875617981,"[664, 446, 904, 921, 851]"
01647_edge_conflict_low.png,497,491,edge_conflict,low,ConvNeXt,664,0.351809024810791,"[664, 851, 491, 782, 921]"
01648_patch_shuffle_high.png,497,491,patch_shuffle,high,ConvNeXt,442,0.19368089735507965,"[442, 497, 663, 698, 912]"
01649_patch_shuffle_low.png,497,491,patch_shuffle,low,ConvNeXt,442,0.24028585851192474,"[442, 497, 663, 698, 912]"
01650_color_inversion_high.png,497,491,color_inversion,high,ConvNeXt,556,0.09685260057449341,"[556, 497, 446, 442, 663]"
01651_color_inversion_low.png,497,491,color_inversion,low,ConvNeXt,921,0.2013598084449768,"[921, 446, 664, 782, 892]"
01652_adain_high.png,497,571,adain,high,ConvNeXt,497,0.4002326726913452,"[497, 483, 698, 406, 663]"
01653_adain_low.png,497,571,adain,low,ConvNeXt,497,0.37316927313804626,"[497, 483, 406, 743, 698]"
01654_occlusion_high.png,497,-1,occlusion,high,ConvNeXt,743,0.23716485500335693,"[743, 497, 663, 406, 698]"
01655_occlusion_low.png,497,-1,occlusion,low,ConvNeXt,497,0.3161841332912445,"[497, 743, 406, 663, 884]"
01640_occlusion_high.png,497,-1,occlusion,high,ViT-B/16,442,0.3019051253795624,"[442, 497, 912, 663, 449]"
01641_occlusion_low.png,497,-1,occlusion,low,ViT-B/16,497,0.4257151484489441,"[497, 442, 698, 663, 884]"
01642_superimposition_high.png,497,491,superimposition,high,ViT-B/16,497,0.18035034835338593,"[497, 522, 449, 698, 442]"
01643_superimposition_low.png,497,491,superimposition,low,ViT-B/16,979,0.07709468901157379,"[979, 491, 428, 972, 449]"
01644_texture_shape_high.png,497,491,texture_shape,high,ViT-B/16,497,0.4303537607192993,"[497, 663, 442, 698, 483]"
01645_texture_shape_low.png,497,491,texture_shape,low,ViT-B/16,483,0.16814099252223969,"[483, 698, 497, 794, 663]"
01646_edge_conflict_high.png,497,491,edge_conflict,high,ViT-B/16,646,0.08818110823631287,"[646, 497, 743, 912, 483]"
01647_edge_conflict_low.png,497,491,edge_conflict,low,ViT-B/16,912,0.06104019284248352,"[912, 664, 491, 216, 979]"
01648_patch_shuffle_high.png,497,491,patch_shuffle,high,ViT-B/16,497,0.35211849212646484,"[497, 442, 698, 646, 483]"
01649_patch_shuffle_low.png,497,491,patch_shuffle,low,ViT-B/16,497,0.4164639413356781,"[497, 442, 698, 483, 663]"
01650_color_inversion_high.png,497,491,color_inversion,high,ViT-B/16,497,0.309702605009079,"[497, 663, 491, 880, 671]"
01651_color_inversion_low.png,497,491,color_inversion,low,ViT-B/16,491,0.13614925742149353,"[491, 428, 669, 562, 621]"
01652_adain_high.png,497,571,adain,high,ViT-B/16,497,0.42699021100997925,"[497, 406, 884, 663, 483]"
01653_adain_low.png,497,571,adain,low,ViT-B/16,497,0.4585225582122803,"[497, 406, 884, 663, 483]"
01654_occlusion_high.png,497,-1,occlusion,high,ViT-B/16,663,0.19735367596149445,"[663, 884, 743, 497, 406]"
01655_occlusion_low.png,497,-1,occlusion,low,ViT-B/16,497,0.5451120138168335,"[497, 406, 884, 663, 687]"
01640_occlusion_high.png,497,-1,occlusion,high,DeiT,497,0.3566165864467621,"[497, 442, 663, 912, 698]"
01641_occlusion_low.png,497,-1,occlusion,low,DeiT,497,0.44436803460121155,"[497, 442, 663, 698, 483]"
01642_superimposition_high.png,497,491,superimposition,high,DeiT,497,0.2041776180267334,"[497, 663, 698, 442, 483]"
01643_superimposition_low.png,497,491,superimposition,low,DeiT,491,0.10451024770736694,"[491, 341, 483, 830, 698]"
01644_texture_shape_high.png,497,491,texture_shape,high,DeiT,497,0.5381593704223633,"[497, 663, 442, 698, 483]"
01645_texture_shape_low.png,497,491,texture_shape,low,DeiT,794,0.23000827431678772,"[794, 741, 483, 921, 497]"
01646_edge_conflict_high.png,497,491,edge_conflict,high,DeiT,815,0.13619697093963623,"[815, 646, 904, 491, 73]"
01647_edge_conflict_low.png,497,491,edge_conflict,low,DeiT,664,0.07092306762933731,"[664, 491, 341, 462, 342]"
01648_patch_shuffle_high.png,497,491,patch_shuffle,high,DeiT,497,0.547549843788147,"[497, 442, 663, 483, 698]"
01649_patch_shuffle_low.png,497,491,patch_shuffle,low,DeiT,497,0.5011436939239502,"[497, 442, 483, 663, 698]"
01650_color_inversion_high.png,497,491,color_inversion,high,DeiT,497,0.2654099464416504,"[497, 442, 698, 663, 101]"
01651_color_inversion_low.png,497,491,color_inversion,low,DeiT,698,0.0949322059750557,"[698, 491, 483, 577, 663]"
01652_adain_high.png,497,571,adain,high,DeiT,698,0.276017963886261,"[698, 497, 663, 884, 483]"
01653_adain_low.png,497,571,adain,low,DeiT,497,0.2928086221218109,"[497, 698, 663, 884, 406]"
01654_occlusion_high.png,497,-1,occlusion,high,DeiT,698,0.18388795852661133,"[698, 663, 743, 497, 884]"
01655_occlusion_low.png,497,-1,occlusion,low,DeiT,663,0.2859518826007843,"[663, 698, 497, 743, 884]"
01640_occlusion_high.png,497,-1,occlusion,high,CLIP,497,0.6964802145957947,"[497, 255, 263, 224, 663]"
01641_occlusion_low.png,497,-1,occlusion,low,CLIP,497,0.8163980841636658,"[497, 224, 255, 263, 442]"
01642_superimposition_high.png,497,491,superimposition,high,CLIP,497,0.9246241450309753,"[497, 255, 663, 224, 442]"
01643_superimposition_low.png,497,491,superimposition,low,CLIP,971,0.2209315448999405,"[971, 444, 634, 491, 843]"
01644_texture_shape_high.png,497,491,texture_shape,high,CLIP,497,0.9691709876060486,"[497, 263, 663, 442, 255]"
01645_texture_shape_low.png,497,491,texture_shape,low,CLIP,497,0.939533531665802,"[497, 782, 663, 538, 553]"
01646_edge_conflict_high.png,497,491,edge_conflict,high,CLIP,904,0.5892466902732849,"[904, 669, 815, 608, 782]"
01647_edge_conflict_low.png,497,491,edge_conflict,low,CLIP,904,0.16611798107624054,"[904, 912, 611, 580, 782]"
01648_patch_shuffle_high.png,497,491,patch_shuffle,high,CLIP,497,0.8356582522392273,"[497, 224, 263, 663, 255]"
01649_patch_shuffle_low.png,497,491,patch_shuffle,low,CLIP,497,0.786004364490509,"[497, 263, 224, 663, 255]"
01650_color_inversion_high.png,497,491,color_inversion,high,CLIP,497,0.6921851634979248,"[497, 611, 263, 591, 663]"
01651_color_inversion_low.png,497,491,color_inversion,low,CLIP,904,0.5545114874839783,"[904, 971, 782, 611, 669]"
01652_adain_high.png,497,571,adain,high,CLIP,881,0.4009522497653961,"[881, 497, 663, 263, 687]"
01653_adain_low.png,497,571,adain,low,CLIP,881,0.3636658489704132,"[881, 663, 497, 263, 873]"
01654_occlusion_high.png,497,-1,occlusion,high,CLIP,782,0.7600265741348267,"[782, 646, 918, 553, 789]"
01655_occlusion_low.png,497,-1,occlusion,low,CLIP,782,0.2969960868358612,"[782, 497, 881, 663, 572]"
01656_superimposition_high.png,497,571,superimposition,high,ResNet50,741,0.46273091435432434,"[741, 663, 698, 406, 497]"
01657_superimposition_low.png,497,571,superimposition,low,ResNet50,571,0.5288937091827393,"[571, 781, 530, 685, 826]"
01658_texture_shape_high.png,497,571,texture_shape,high,ResNet50,663,0.6911574006080627,"[663, 884, 698, 497, 406]"
01659_texture_shape_low.png,497,571,texture_shape,low,ResNet50,904,0.4858643412590027,"[904, 556, 741, 698, 562]"
01660_edge_conflict_high.png,497,571,edge_conflict,high,ResNet50,741,0.8299028873443604,"[741, 800, 611, 781, 921]"
01661_edge_conflict_low.png,497,571,edge_conflict,low,ResNet50,781,0.9739463925361633,"[781, 530, 531, 826, 800]"
01662_patch_shuffle_high.png,497,571,patch_shuffle,high,ResNet50,497,0.7126654982566833,"[497, 663, 406, 483, 884]"
01663_patch_shuffle_low.png,497,571,patch_shuffle,low,ResNet50,497,0.23698076605796814,"[497, 576, 624, 698, 454]"
01664_color_inversion_high.png,497,571,color_inversion,high,ResNet50,921,0.16299596428871155,"[921, 917, 626, 741, 743]"
01665_color_inversion_low.png,497,571,color_inversion,low,ResNet50,781,0.8954128623008728,"[781, 571, 921, 481, 446]"
01666_adain_high.png,497,217,adain,high,ResNet50,442,0.5412313342094421,"[442, 497, 663, 409, 437]"
01667_adain_low.png,497,217,adain,low,ResNet50,442,0.5421014428138733,"[442, 497, 663, 409, 538]"
01668_occlusion_high.png,497,-1,occlusion,high,ResNet50,497,0.6593109369277954,"[497, 442, 646, 437, 920]"
01669_occlusion_low.png,497,-1,occlusion,low,ResNet50,497,0.6004878282546997,"[497, 442, 663, 437, 483]"
01670_superimposition_high.png,497,217,superimposition,high,ResNet50,442,0.8972727060317993,"[442, 497, 663, 884, 409]"
01671_superimposition_low.png,497,217,superimposition,low,ResNet50,217,0.3677619695663452,"[217, 215, 220, 238, 210]"
01656_superimposition_high.png,497,571,superimposition,high,ResNet101,406,0.3800423741340637,"[406, 663, 497, 741, 884]"
01657_superimposition_low.png,497,571,superimposition,low,ResNet101,571,0.8763771057128906,"[571, 781, 886, 860, 561]"
01658_texture_shape_high.png,497,571,texture_shape,high,ResNet101,698,0.38732945919036865,"[698, 663, 483, 497, 406]"
01659_texture_shape_low.png,497,571,texture_shape,low,ResNet101,904,0.6507152915000916,"[904, 611, 741, 562, 476]"
01660_edge_conflict_high.png,497,571,edge_conflict,high,ResNet101,741,0.6992843747138977,"[741, 611, 921, 453, 794]"
01661_edge_conflict_low.png,497,571,edge_conflict,low,ResNet101,741,0.169416606426239,"[741, 781, 446, 611, 921]"
01662_patch_shuffle_high.png,497,571,patch_shuffle,high,ResNet101,497,0.46560418605804443,"[497, 483, 663, 698, 406]"
01663_patch_shuffle_low.png,497,571,patch_shuffle,low,ResNet101,483,0.3726651072502136,"[483, 497, 698, 663, 406]"
01664_color_inversion_high.png,497,571,color_inversion,high,ResNet101,794,0.08746825903654099,"[794, 663, 921, 562, 406]"
01665_color_inversion_low.png,497,571,color_inversion,low,ResNet101,781,0.6051299571990967,"[781, 571, 886, 860, 921]"
01666_adain_high.png,497,217,adain,high,ResNet101,497,0.6077393293380737,"[497, 442, 663, 483, 437]"
01667_adain_low.png,497,217,adain,low,ResNet101,497,0.6052730679512024,"[497, 442, 663, 483, 437]"
01668_occlusion_high.png,497,-1,occlusion,high,ResNet101,497,0.43488809466362,"[497, 437, 442, 657, 682]"
01669_occlusion_low.png,497,-1,occlusion,low,ResNet101,497,0.789235532283783,"[497, 442, 663, 437, 538]"
01670_superimposition_high.png,497,217,superimposition,high,ResNet101,442,0.29596322774887085,"[442, 497, 437, 358, 356]"
01671_superimposition_low.png,497,217,superimposition,low,ResNet101,217,0.3072220981121063,"[217, 210, 215, 220, 216]"
01656_superimposition_high.png,497,571,superimposition,high,ConvNeXt,406,0.08912232518196106,"[406, 743, 904, 481, 453]"
01657_superimposition_low.png,497,571,superimposition,low,ConvNeXt,571,0.2675991356372833,"[571, 530, 781, 608, 921]"
01658_texture_shape_high.png,497,571,texture_shape,high,ConvNeXt,663,0.1948738396167755,"[663, 698, 743, 884, 497]"
01659_texture_shape_low.png,497,571,texture_shape,low,ConvNeXt,741,0.21486684679985046,"[741, 663, 904, 591, 885]"
01660_edge_conflict_high.png,497,571,edge_conflict,high,ConvNeXt,453,0.05508488416671753,"[453, 741, 530, 921, 646]"
01661_edge_conflict_low.png,497,571,edge_conflict,low,ConvNeXt,530,0.19193023443222046,"[530, 781, 844, 611, 571]"
01662_patch_shuffle_high.png,497,571,patch_shuffle,high,ConvNeXt,497,0.37621092796325684,"[497, 743, 663, 406, 884]"
01663_patch_shuffle_low.png,497,571,patch_shuffle,low,ConvNeXt,743,0.4923771619796753,"[743, 497, 483, 663, 698]"
01664_color_inversion_high.png,497,571,color_inversion,high,ConvNeXt,753,0.12104055285453796,"[753, 904, 556, 921, 811]"
01665_color_inversion_low.png,497,571,color_inversion,low,ConvNeXt,921,0.11611820757389069,"[921, 844, 446, 781, 481]"
01666_adain_high.png,497,217,adain,high,ConvNeXt,663,0.6278036236763,"[663, 442, 497, 698, 668]"
01667_adain_low.png,497,217,adain,low,ConvNeXt,663,0.5835703015327454,"[663, 442, 497, 698, 668]"
01668_occlusion_high.png,497,-1,occlusion,high,ConvNeXt,663,0.40014317631721497,"[663, 442, 668, 497, 437]"
01669_occlusion_low.png,497,-1,occlusion,low,ConvNeXt,663,0.4315316677093506,"[663, 442, 497, 698, 668]"
01670_superimposition_high.png,497,217,superimposition,high,ConvNeXt,663,0.17825086414813995,"[663, 217, 442, 220, 497]"
01671_superimposition_low.png,497,217,superimposition,low,ConvNeXt,217,0.1541634052991867,"[217, 220, 215, 216, 210]"
01656_superimposition_high.png,497,571,superimposition,high,ViT-B/16,497,0.5015237331390381,"[497, 406, 884, 663, 800]"
01657_superimposition_low.png,497,571,superimposition,low,ViT-B/16,571,0.5335371494293213,"[571, 888, 501, 826, 884]"
01658_texture_shape_high.png,497,571,texture_shape,high,ViT-B/16,406,0.25238656997680664,"[406, 884, 663, 497, 741]"
01659_texture_shape_low.png,497,571,texture_shape,low,ViT-B/16,663,0.262484610080719,"[663, 904, 741, 884, 406]"
01660_edge_conflict_high.png,497,571,edge_conflict,high,ViT-B/16,741,0.27646327018737793,"[741, 921, 893, 453, 781]"
01661_edge_conflict_low.png,497,571,edge_conflict,low,ViT-B/16,571,0.5277969837188721,"[571, 530, 781, 826, 426]"
01662_patch_shuffle_high.png,497,571,patch_shuffle,high,ViT-B/16,497,0.5867114663124084,"[497, 406, 884, 663, 687]"
01663_patch_shuffle_low.png,497,571,patch_shuffle,low,ViT-B/16,497,0.6727960109710693,"[497, 406, 884, 698, 663]"
01664_color_inversion_high.png,497,571,color_inversion,high,ViT-B/16,562,0.6375683546066284,"[562, 497, 530, 406, 698]"
01665_color_inversion_low.png,497,571,color_inversion,low,ViT-B/16,571,0.5285881161689758,"[571, 562, 826, 716, 530]"
01666_adain_high.png,497,217,adain,high,ViT-B/16,663,0.5772732496261597,"[663, 497, 442, 974, 977]"
01667_adain_low.png,497,217,adain,low,ViT-B/16,663,0.617292046546936,"[663, 497, 442, 974, 698]"
01668_occlusion_high.png,497,-1,occlusion,high,ViT-B/16,663,0.18019244074821472,"[663, 974, 497, 442, 978]"
01669_occlusion_low.png,497,-1,occlusion,low,ViT-B/16,663,0.5791810154914856,"[663, 497, 442, 698, 483]"
01670_superimposition_high.png,497,217,superimposition,high,ViT-B/16,663,0.31130748987197876,"[663, 497, 217, 210, 442]"
01671_superimposition_low.png,497,217,superimposition,low,ViT-B/16,217,0.5339990258216858,"[217, 497, 442, 663, 220]"
01656_superimposition_high.png,497,571,superimposition,high,DeiT,698,0.1936100572347641,"[698, 663, 497, 530, 781]"
01657_superimposition_low.png,497,571,superimposition,low,DeiT,571,0.3838188648223877,"[571, 530, 781, 826, 888]"
01658_texture_shape_high.png,497,571,texture_shape,high,DeiT,663,0.3545199930667877,"[663, 698, 884, 497, 741]"
01659_texture_shape_low.png,497,571,texture_shape,low,DeiT,904,0.4879932701587677,"[904, 698, 741, 556, 591]"
01660_edge_conflict_high.png,497,571,edge_conflict,high,DeiT,781,0.2255529910326004,"[781, 741, 921, 530, 771]"
01661_edge_conflict_low.png,497,571,edge_conflict,low,DeiT,530,0.14067013561725616,"[530, 781, 741, 571, 778]"
01662_patch_shuffle_high.png,497,571,patch_shuffle,high,DeiT,497,0.2140382081270218,"[497, 663, 698, 884, 483]"
01663_patch_shuffle_low.png,497,571,patch_shuffle,low,DeiT,663,0.48028841614723206,"[663, 698, 497, 483, 884]"
01664_color_inversion_high.png,497,571,color_inversion,high,DeiT,698,0.363532155752182,"[698, 685, 663, 530, 497]"
01665_color_inversion_low.png,497,571,color_inversion,low,DeiT,571,0.21286842226982117,"[571, 530, 826, 562, 781]"
01666_adain_high.png,497,217,adain,high,DeiT,442,0.5882884860038757,"[442, 663, 497, 698, 437]"
01667_adain_low.png,497,217,adain,low,DeiT,442,0.46376338601112366,"[442, 663, 497, 698, 437]"
01668_occlusion_high.png,497,-1,occlusion,high,DeiT,437,0.22179453074932098,"[437, 442, 663, 497, 483]"
01669_occlusion_low.png,497,-1,occlusion,low,DeiT,442,0.4618209898471832,"[442, 663, 497, 437, 698]"
01670_superimposition_high.png,497,217,superimposition,high,DeiT,442,0.2281230390071869,"[442, 497, 663, 217, 215]"
01671_superimposition_low.png,497,217,superimposition,low,DeiT,217,0.29296889901161194,"[217, 538, 497, 220, 668]"
01656_superimposition_high.png,497,571,superimposition,high,CLIP,663,0.5284373164176941,"[663, 687, 782, 497, 873]"
01657_superimposition_low.png,497,571,superimposition,low,CLIP,571,0.9975570440292358,"[571, 781, 707, 886, 530]"
01658_texture_shape_high.png,497,571,texture_shape,high,CLIP,663,0.28107139468193054,"[663, 881, 497, 782, 687]"
01659_texture_shape_low.png,497,571,texture_shape,low,CLIP,782,0.8192186951637268,"[782, 904, 819, 562, 476]"
01660_edge_conflict_high.png,497,571,edge_conflict,high,CLIP,904,0.3556082248687744,"[904, 782, 800, 854, 564]"
01661_edge_conflict_low.png,497,571,edge_conflict,low,CLIP,571,0.995023250579834,"[571, 530, 886, 704, 480]"
01662_patch_shuffle_high.png,497,571,patch_shuffle,high,CLIP,881,0.3202664852142334,"[881, 663, 497, 263, 483]"
01663_patch_shuffle_low.png,497,571,patch_shuffle,low,CLIP,881,0.29357510805130005,"[881, 497, 873, 687, 663]"
01664_color_inversion_high.png,497,571,color_inversion,high,CLIP,454,0.2132032960653305,"[454, 800, 480, 881, 879]"
01665_color_inversion_low.png,497,571,color_inversion,low,CLIP,571,0.9917917251586914,"[571, 480, 886, 707, 530]"
01666_adain_high.png,497,217,adain,high,CLIP,497,0.9683848023414612,"[497, 442, 663, 832, 263]"
01667_adain_low.png,497,217,adain,low,CLIP,497,0.9781072735786438,"[497, 442, 663, 263, 832]"
01668_occlusion_high.png,497,-1,occlusion,high,CLIP,497,0.6310101747512817,"[497, 832, 668, 663, 442]"
01669_occlusion_low.png,497,-1,occlusion,low,CLIP,497,0.8808825016021729,"[497, 442, 663, 263, 832]"
01670_superimposition_high.png,497,217,superimposition,high,CLIP,263,0.5266639590263367,"[263, 497, 663, 383, 227]"
01671_superimposition_low.png,497,217,superimposition,low,CLIP,217,0.6042240858078003,"[217, 156, 247, 263, 152]"
01672_texture_shape_high.png,497,217,texture_shape,high,ResNet50,497,0.40918371081352234,"[497, 663, 442, 483, 437]"
01673_texture_shape_low.png,497,217,texture_shape,low,ResNet50,497,0.5772666335105896,"[497, 663, 483, 442, 698]"
01674_edge_conflict_high.png,497,217,edge_conflict,high,ResNet50,217,0.18788215517997742,"[217, 211, 215, 208, 216]"
01675_edge_conflict_low.png,497,217,edge_conflict,low,ResNet50,215,0.646548330783844,"[215, 217, 210, 211, 216]"
01676_patch_shuffle_high.png,497,217,patch_shuffle,high,ResNet50,497,0.5038192868232727,"[497, 442, 663, 437, 668]"
01677_patch_shuffle_low.png,497,217,patch_shuffle,low,ResNet50,497,0.6441569328308105,"[497, 442, 483, 437, 663]"
01678_color_inversion_high.png,497,217,color_inversion,high,ResNet50,497,0.329814612865448,"[497, 442, 663, 668, 408]"
01679_color_inversion_low.png,497,217,color_inversion,low,ResNet50,215,0.21224360167980194,"[215, 220, 217, 210, 162]"
01680_adain_high.png,566,571,adain,high,ResNet50,566,0.9994961023330688,"[566, 513, 875, 776, 476]"
01681_adain_low.png,566,571,adain,low,ResNet50,566,0.9992444515228271,"[566, 513, 875, 776, 683]"
01682_occlusion_high.png,566,-1,occlusion,high,ResNet50,566,0.27744537591934204,"[566, 583, 776, 614, 695]"
01683_occlusion_low.png,566,-1,occlusion,low,ResNet50,566,0.3044270873069763,"[566, 513, 875, 683, 776]"
01684_superimposition_high.png,566,571,superimposition,high,ResNet50,566,0.8628612756729126,"[566, 420, 476, 904, 121]"
01685_superimposition_low.png,566,571,superimposition,low,ResNet50,905,0.141557976603508,"[905, 904, 634, 743, 580]"
01686_texture_shape_high.png,566,571,texture_shape,high,ResNet50,566,0.9953038692474365,"[566, 476, 513, 776, 875]"
01687_texture_shape_low.png,566,571,texture_shape,low,ResNet50,611,0.8690862059593201,"[611, 904, 562, 794, 971]"
01672_texture_shape_high.png,497,217,texture_shape,high,ResNet101,497,0.8118038773536682,"[497, 663, 442, 483, 884]"
01673_texture_shape_low.png,497,217,texture_shape,low,ResNet101,497,0.7738167643547058,"[497, 663, 483, 442, 538]"
01674_edge_conflict_high.png,497,217,edge_conflict,high,ResNet101,216,0.2072913497686386,"[216, 217, 215, 220, 173]"
01675_edge_conflict_low.png,497,217,edge_conflict,low,ResNet101,210,0.47845253348350525,"[210, 217, 215, 220, 216]"
01676_patch_shuffle_high.png,497,217,patch_shuffle,high,ResNet101,497,0.30772480368614197,"[497, 442, 437, 668, 663]"
01677_patch_shuffle_low.png,497,217,patch_shuffle,low,ResNet101,497,0.7594185471534729,"[497, 442, 437, 663, 483]"
01678_color_inversion_high.png,497,217,color_inversion,high,ResNet101,356,0.3816731870174408,"[356, 497, 408, 586, 691]"
01679_color_inversion_low.png,497,217,color_inversion,low,ResNet101,465,0.1995537132024765,"[465, 220, 210, 442, 887]"
01680_adain_high.png,566,571,adain,high,ResNet101,566,0.9992197751998901,"[566, 513, 476, 875, 683]"
01681_adain_low.png,566,571,adain,low,ResNet101,566,0.9993693232536316,"[566, 513, 875, 683, 776]"
01682_occlusion_high.png,566,-1,occlusion,high,ResNet101,711,0.12474318593740463,"[711, 465, 887, 513, 614]"
01683_occlusion_low.png,566,-1,occlusion,low,ResNet101,566,0.7058852910995483,"[566, 513, 776, 875, 123]"
01684_superimposition_high.png,566,571,superimposition,high,ResNet101,566,0.47316309809684753,"[566, 476, 580, 887, 776]"
01685_superimposition_low.png,566,571,superimposition,low,ResNet101,634,0.6417616605758667,"[634, 580, 831, 905, 904]"
01686_texture_shape_high.png,566,571,texture_shape,high,ResNet101,566,0.9999474287033081,"[566, 513, 875, 476, 683]"
01687_texture_shape_low.png,566,571,texture_shape,low,ResNet101,971,0.6159905791282654,"[971, 611, 904, 566, 794]"
01672_texture_shape_high.png,497,217,texture_shape,high,ConvNeXt,663,0.4666211009025574,"[663, 497, 442, 80, 974]"
01673_texture_shape_low.png,497,217,texture_shape,low,ConvNeXt,663,0.23915733397006989,"[663, 497, 80, 83, 442]"
01674_edge_conflict_high.png,497,217,edge_conflict,high,ConvNeXt,497,0.13111938536167145,"[497, 217, 215, 220, 210]"
01675_edge_conflict_low.png,497,217,edge_conflict,low,ConvNeXt,217,0.12808039784431458,"[217, 215, 216, 220, 152]"
01676_patch_shuffle_high.png,497,217,patch_shuffle,high,ConvNeXt,442,0.3557713031768799,"[442, 663, 497, 668, 698]"
01677_patch_shuffle_low.png,497,217,patch_shuffle,low,ConvNeXt,663,0.15829205513000488,"[663, 442, 497, 405, 668]"
01678_color_inversion_high.png,497,217,color_inversion,high,ConvNeXt,217,0.09927003085613251,"[217, 663, 210, 220, 442]"
01679_color_inversion_low.png,497,217,color_inversion,low,ConvNeXt,210,0.14334067702293396,"[210, 220, 215, 217, 442]"
01680_adain_high.png,566,571,adain,high,ConvNeXt,566,0.7113319039344788,"[566, 432, 683, 513, 875]"
01681_adain_low.png,566,571,adain,low,ConvNeXt,566,0.7011058926582336,"[566, 432, 683, 513, 875]"
01682_occlusion_high.png,566,-1,occlusion,high,ConvNeXt,566,0.6635221838951111,"[566, 875, 513, 743, 122]"
01683_occlusion_low.png,566,-1,occlusion,low,ConvNeXt,566,0.7266218662261963,"[566, 432, 683, 513, 875]"
01684_superimposition_high.png,566,571,superimposition,high,ConvNeXt,566,0.3088531196117401,"[566, 683, 799, 564, 432]"
01685_superimposition_low.png,566,571,superimposition,low,ConvNeXt,571,0.36533740162849426,"[571, 743, 789, 905, 660]"
01686_texture_shape_high.png,566,571,texture_shape,high,ConvNeXt,566,0.4467777907848358,"[566, 432, 683, 743, 799]"
01687_texture_shape_low.png,566,571,texture_shape,low,ConvNeXt,566,0.11141737550497055,"[566, 904, 741, 556, 565]"
01672_texture_shape_high.png,497,217,texture_shape,high,ViT-B/16,663,0.6126095056533813,"[663, 497, 442, 974, 884]"
01673_texture_shape_low.png,497,217,texture_shape,low,ViT-B/16,663,0.48401907086372375,"[663, 497, 442, 80, 483]"
01674_edge_conflict_high.png,497,217,edge_conflict,high,ViT-B/16,497,0.47389957308769226,"[497, 217, 215, 663, 210]"
01675_edge_conflict_low.png,497,217,edge_conflict,low,ViT-B/16,217,0.39756304025650024,"[217, 497, 437, 442, 215]"
01676_patch_shuffle_high.png,497,217,patch_shuffle,high,ViT-B/16,663,0.3420875370502472,"[663, 497, 442, 698, 668]"
01677_patch_shuffle_low.png,497,217,patch_shuffle,low,ViT-B/16,497,0.4116230309009552,"[497, 663, 442, 405, 974]"
01678_color_inversion_high.png,497,217,color_inversion,high,ViT-B/16,497,0.19011354446411133,"[497, 210, 663, 442, 217]"
01679_color_inversion_low.png,497,217,color_inversion,low,ViT-B/16,217,0.2781482934951782,"[217, 215, 437, 497, 442]"
01680_adain_high.png,566,571,adain,high,ViT-B/16,566,0.8753936290740967,"[566, 875, 683, 476, 432]"
01681_adain_low.png,566,571,adain,low,ViT-B/16,566,0.870424211025238,"[566, 875, 683, 432, 776]"
01682_occlusion_high.png,566,-1,occlusion,high,ViT-B/16,566,0.830351710319519,"[566, 683, 432, 118, 875]"
01683_occlusion_low.png,566,-1,occlusion,low,ViT-B/16,566,0.8712116479873657,"[566, 683, 875, 118, 432]"
01684_superimposition_high.png,566,571,superimposition,high,ViT-B/16,566,0.7048329710960388,"[566, 762, 555, 683, 705]"
01685_superimposition_low.png,566,571,superimposition,low,ViT-B/16,571,0.43666085600852966,"[571, 776, 594, 683, 558]"
01686_texture_shape_high.png,566,571,texture_shape,high,ViT-B/16,566,0.745815098285675,"[566, 118, 683, 717, 776]"
01687_texture_shape_low.png,566,571,texture_shape,low,ViT-B/16,887,0.22692275047302246,"[887, 128, 566, 63, 143]"
01672_texture_shape_high.png,497,217,texture_shape,high,DeiT,442,0.296978622674942,"[442, 497, 663, 483, 698]"
01673_texture_shape_low.png,497,217,texture_shape,low,DeiT,663,0.29048797488212585,"[663, 483, 497, 442, 437]"
01674_edge_conflict_high.png,497,217,edge_conflict,high,DeiT,497,0.38621973991394043,"[497, 442, 217, 215, 663]"
01675_edge_conflict_low.png,497,217,edge_conflict,low,DeiT,497,0.28333228826522827,"[497, 217, 538, 442, 220]"
01676_patch_shuffle_high.png,497,217,patch_shuffle,high,DeiT,442,0.2102946639060974,"[442, 663, 698, 668, 497]"
01677_patch_shuffle_low.png,497,217,patch_shuffle,low,DeiT,442,0.5614441633224487,"[442, 497, 663, 437, 483]"
01678_color_inversion_high.png,497,217,color_inversion,high,DeiT,442,0.45663559436798096,"[442, 663, 497, 210, 217]"
01679_color_inversion_low.png,497,217,color_inversion,low,DeiT,442,0.2177206575870514,"[442, 217, 663, 497, 215]"
01680_adain_high.png,566,571,adain,high,DeiT,566,0.8410625457763672,"[566, 875, 683, 432, 513]"
01681_adain_low.png,566,571,adain,low,DeiT,566,0.8082855939865112,"[566, 875, 513, 683, 432]"
01682_occlusion_high.png,566,-1,occlusion,high,DeiT,566,0.6446767449378967,"[566, 513, 776, 683, 118]"
01683_occlusion_low.png,566,-1,occlusion,low,DeiT,566,0.6587367057800293,"[566, 743, 776, 683, 875]"
01684_superimposition_high.png,566,571,superimposition,high,DeiT,566,0.6455716490745544,"[566, 598, 817, 762, 875]"
01685_superimposition_low.png,566,571,superimposition,low,DeiT,571,0.5134007930755615,"[571, 743, 413, 566, 432]"
01686_texture_shape_high.png,566,571,texture_shape,high,DeiT,566,0.7645483613014221,"[566, 875, 513, 856, 595]"
01687_texture_shape_low.png,566,571,texture_shape,low,DeiT,566,0.29127615690231323,"[566, 128, 904, 141, 887]"
01672_texture_shape_high.png,497,217,texture_shape,high,CLIP,497,0.977064847946167,"[497, 442, 663, 263, 538]"
01673_texture_shape_low.png,497,217,texture_shape,low,CLIP,497,0.648770809173584,"[497, 538, 663, 832, 483]"
01674_edge_conflict_high.png,497,217,edge_conflict,high,CLIP,247,0.7890162467956543,"[247, 263, 497, 256, 168]"
01675_edge_conflict_low.png,497,217,edge_conflict,low,CLIP,247,0.6953021287918091,"[247, 217, 218, 215, 156]"
01676_patch_shuffle_high.png,497,217,patch_shuffle,high,CLIP,663,0.2521563768386841,"[663, 442, 263, 497, 483]"
01677_patch_shuffle_low.png,497,217,patch_shuffle,low,CLIP,497,0.8724120259284973,"[497, 442, 663, 682, 832]"
01678_color_inversion_high.png,497,217,color_inversion,high,CLIP,263,0.6595504283905029,"[263, 497, 247, 256, 885]"
01679_color_inversion_low.png,497,217,color_inversion,low,CLIP,285,0.3674531877040863,"[285, 676, 263, 283, 247]"
01680_adain_high.png,566,571,adain,high,CLIP,566,0.4681636691093445,"[566, 458, 776, 513, 699]"
01681_adain_low.png,566,571,adain,low,CLIP,566,0.7181887030601501,"[566, 458, 776, 513, 875]"
01682_occlusion_high.png,566,-1,occlusion,high,CLIP,699,0.6026274561882019,"[699, 776, 683, 458, 782]"
01683_occlusion_low.png,566,-1,occlusion,low,CLIP,699,0.3065795600414276,"[699, 458, 776, 566, 875]"
01684_superimposition_high.png,566,571,superimposition,high,CLIP,566,0.2549894452095032,"[566, 928, 932, 965, 699]"
01685_superimposition_low.png,566,571,superimposition,low,CLIP,982,0.675635814666748,"[982, 401, 776, 962, 402]"
01686_texture_shape_high.png,566,571,texture_shape,high,CLIP,776,0.3064693510532379,"[776, 566, 458, 513, 875]"
01687_texture_shape_low.png,566,571,texture_shape,low,CLIP,782,0.44300374388694763,"[782, 608, 612, 851, 697]"
01688_edge_conflict_high.png,566,571,edge_conflict,high,ResNet50,476,0.16598646342754364,"[476, 904, 815, 694, 337]"
01689_edge_conflict_low.png,566,571,edge_conflict,low,ResNet50,791,0.10758713632822037,"[791, 743, 401, 580, 781]"
01690_patch_shuffle_high.png,566,571,patch_shuffle,high,ResNet50,456,0.4906405508518219,"[456, 476, 558, 743, 762]"
01691_patch_shuffle_low.png,566,571,patch_shuffle,low,ResNet50,566,0.960536003112793,"[566, 513, 476, 875, 762]"
01692_color_inversion_high.png,566,571,color_inversion,high,ResNet50,476,0.9815263152122498,"[476, 459, 865, 788, 669]"
01693_color_inversion_low.png,566,571,color_inversion,low,ResNet50,562,0.21946479380130768,"[562, 905, 669, 750, 476]"
01694_adain_high.png,566,569,adain,high,ResNet50,819,0.24412469565868378,"[819, 971, 513, 697, 875]"
01695_adain_low.png,566,569,adain,low,ResNet50,875,0.23156164586544037,"[875, 566, 822, 819, 513]"
01696_occlusion_high.png,566,-1,occlusion,high,ResNet50,822,0.13470366597175598,"[822, 566, 579, 875, 683]"
01697_occlusion_low.png,566,-1,occlusion,low,ResNet50,566,0.23226213455200195,"[566, 875, 614, 822, 819]"
01698_superimposition_high.png,566,569,superimposition,high,ResNet50,862,0.12713126838207245,"[862, 819, 822, 727, 807]"
01699_superimposition_low.png,566,569,superimposition,low,ResNet50,569,0.8378188610076904,"[569, 675, 867, 864, 803]"
01700_texture_shape_high.png,566,569,texture_shape,high,ResNet50,819,0.2845149040222168,"[819, 416, 602, 615, 865]"
01701_texture_shape_low.png,566,569,texture_shape,low,ResNet50,611,0.4501514434814453,"[611, 904, 865, 562, 664]"
01702_edge_conflict_high.png,566,569,edge_conflict,high,ResNet50,569,0.6661766767501831,"[569, 803, 867, 675, 864]"
01703_edge_conflict_low.png,566,569,edge_conflict,low,ResNet50,569,0.7933867573738098,"[569, 675, 803, 867, 864]"
01688_edge_conflict_high.png,566,571,edge_conflict,high,ResNet101,476,0.05948912352323532,"[476, 580, 743, 728, 456]"
01689_edge_conflict_low.png,566,571,edge_conflict,low,ResNet101,595,0.18702350556850433,"[595, 634, 519, 856, 491]"
01690_patch_shuffle_high.png,566,571,patch_shuffle,high,ResNet101,476,0.6799540519714355,"[476, 456, 887, 776, 566]"
01691_patch_shuffle_low.png,566,571,patch_shuffle,low,ResNet101,566,0.3377617299556732,"[566, 762, 652, 887, 456]"
01692_color_inversion_high.png,566,571,color_inversion,high,ResNet101,476,0.9620106816291809,"[476, 865, 917, 669, 793]"
01693_color_inversion_low.png,566,571,color_inversion,low,ResNet101,669,0.12078411132097244,"[669, 904, 580, 847, 634]"
01694_adain_high.png,566,569,adain,high,ResNet101,819,0.5072014331817627,"[819, 566, 542, 818, 971]"
01695_adain_low.png,566,569,adain,low,ResNet101,819,0.36287567019462585,"[819, 542, 650, 683, 432]"
01696_occlusion_high.png,566,-1,occlusion,high,ResNet101,632,0.24788913130760193,"[632, 819, 776, 598, 650]"
01697_occlusion_low.png,566,-1,occlusion,low,ResNet101,819,0.42274340987205505,"[819, 683, 650, 432, 585]"
01698_superimposition_high.png,566,569,superimposition,high,ResNet101,822,0.16811084747314453,"[822, 614, 819, 865, 569]"
01699_superimposition_low.png,566,569,superimposition,low,ResNet101,569,0.633610188961029,"[569, 867, 675, 864, 803]"
01700_texture_shape_high.png,566,569,texture_shape,high,ResNet101,865,0.4255843162536621,"[865, 819, 602, 416, 615]"
01701_texture_shape_low.png,566,569,texture_shape,low,ResNet101,904,0.6609949469566345,"[904, 865, 611, 132, 971]"
01702_edge_conflict_high.png,566,569,edge_conflict,high,ResNet101,803,0.490743488073349,"[803, 867, 569, 517, 864]"
01703_edge_conflict_low.png,566,569,edge_conflict,low,ResNet101,569,0.5483149290084839,"[569, 867, 803, 675, 517]"
01688_edge_conflict_high.png,566,571,edge_conflict,high,ConvNeXt,575,0.0391724556684494,"[575, 405, 404, 476, 895]"
01689_edge_conflict_low.png,566,571,edge_conflict,low,ConvNeXt,571,0.1479613035917282,"[571, 660, 160, 611, 595]"
01690_patch_shuffle_high.png,566,571,patch_shuffle,high,ConvNeXt,566,0.4191282093524933,"[566, 743, 683, 875, 776]"
01691_patch_shuffle_low.png,566,571,patch_shuffle,low,ConvNeXt,566,0.42331963777542114,"[566, 743, 887, 683, 465]"
01692_color_inversion_high.png,566,571,color_inversion,high,ConvNeXt,566,0.2568538188934326,"[566, 860, 683, 799, 743]"
01693_color_inversion_low.png,566,571,color_inversion,low,ConvNeXt,571,0.06413354724645615,"[571, 743, 660, 408, 831]"
01694_adain_high.png,566,569,adain,high,ConvNeXt,566,0.09980228543281555,"[566, 822, 650, 542, 432]"
01695_adain_low.png,566,569,adain,low,ConvNeXt,566,0.22558613121509552,"[566, 822, 650, 610, 602]"
01696_occlusion_high.png,566,-1,occlusion,high,ConvNeXt,566,0.15075097978115082,"[566, 610, 641, 822, 432]"
01697_occlusion_low.png,566,-1,occlusion,low,ConvNeXt,566,0.31503868103027344,"[566, 602, 822, 641, 610]"
01698_superimposition_high.png,566,569,superimposition,high,ConvNeXt,641,0.1470828652381897,"[641, 569, 542, 822, 610]"
01699_superimposition_low.png,566,569,superimposition,low,ConvNeXt,569,0.22453099489212036,"[569, 867, 444, 491, 675]"
01700_texture_shape_high.png,566,569,texture_shape,high,ConvNeXt,608,0.07069005817174911,"[608, 819, 650, 566, 971]"
01701_texture_shape_low.png,566,569,texture_shape,low,ConvNeXt,904,0.13727250695228577,"[904, 456, 851, 129, 132]"
01702_edge_conflict_high.png,566,569,edge_conflict,high,ConvNeXt,569,0.1700224131345749,"[569, 815, 73, 803, 74]"
01703_edge_conflict_low.png,566,569,edge_conflict,low,ConvNeXt,569,0.2789101302623749,"[569, 815, 73, 563, 803]"
01688_edge_conflict_high.png,566,571,edge_conflict,high,ViT-B/16,787,0.052659690380096436,"[787, 968, 695, 772, 600]"
01689_edge_conflict_low.png,566,571,edge_conflict,low,ViT-B/16,571,0.6366546154022217,"[571, 135, 772, 815, 546]"
01690_patch_shuffle_high.png,566,571,patch_shuffle,high,ViT-B/16,566,0.4303858280181885,"[566, 743, 776, 683, 762]"
01691_patch_shuffle_low.png,566,571,patch_shuffle,low,ViT-B/16,566,0.8966915607452393,"[566, 875, 683, 476, 887]"
01692_color_inversion_high.png,566,571,color_inversion,high,ViT-B/16,461,0.05776084214448929,"[461, 887, 524, 558, 857]"
01693_color_inversion_low.png,566,571,color_inversion,low,ViT-B/16,571,0.13568098843097687,"[571, 546, 840, 402, 609]"
01694_adain_high.png,566,569,adain,high,ViT-B/16,432,0.3555700182914734,"[432, 566, 819, 875, 776]"
01695_adain_low.png,566,569,adain,low,ViT-B/16,638,0.2468058466911316,"[638, 566, 461, 819, 513]"
01696_occlusion_high.png,566,-1,occlusion,high,ViT-B/16,566,0.4699251651763916,"[566, 432, 875, 683, 513]"
01697_occlusion_low.png,566,-1,occlusion,low,ViT-B/16,566,0.2807523310184479,"[566, 513, 875, 638, 819]"
01698_superimposition_high.png,566,569,superimposition,high,ViT-B/16,569,0.3853265941143036,"[569, 641, 543, 650, 513]"
01699_superimposition_low.png,566,569,superimposition,low,ViT-B/16,569,0.7581320405006409,"[569, 803, 880, 870, 555]"
01700_texture_shape_high.png,566,569,texture_shape,high,ViT-B/16,819,0.11722061038017273,"[819, 513, 650, 566, 641]"
01701_texture_shape_low.png,566,569,texture_shape,low,ViT-B/16,611,0.08237196505069733,"[611, 904, 851, 433, 842]"
01702_edge_conflict_high.png,566,569,edge_conflict,high,ViT-B/16,569,0.35649600625038147,"[569, 549, 921, 922, 803]"
01703_edge_conflict_low.png,566,569,edge_conflict,low,ViT-B/16,569,0.6112399101257324,"[569, 549, 921, 776, 513]"
01688_edge_conflict_high.png,566,571,edge_conflict,high,DeiT,82,0.10220999270677567,"[82, 856, 815, 86, 83]"
01689_edge_conflict_low.png,566,571,edge_conflict,low,DeiT,815,0.2506994903087616,"[815, 571, 791, 401, 402]"
01690_patch_shuffle_high.png,566,571,patch_shuffle,high,DeiT,566,0.3829997777938843,"[566, 513, 743, 875, 776]"
01691_patch_shuffle_low.png,566,571,patch_shuffle,low,DeiT,566,0.6805742383003235,"[566, 887, 743, 476, 683]"
01692_color_inversion_high.png,566,571,color_inversion,high,DeiT,566,0.5537209510803223,"[566, 757, 660, 867, 480]"
01693_color_inversion_low.png,566,571,color_inversion,low,DeiT,566,0.20112784206867218,"[566, 595, 776, 558, 856]"
01694_adain_high.png,566,569,adain,high,DeiT,819,0.23838874697685242,"[819, 731, 513, 650, 641]"
01695_adain_low.png,566,569,adain,low,DeiT,819,0.1871056854724884,"[819, 880, 610, 638, 577]"
01696_occlusion_high.png,566,-1,occlusion,high,DeiT,880,0.2742505967617035,"[880, 819, 513, 416, 638]"
01697_occlusion_low.png,566,-1,occlusion,low,DeiT,819,0.16779384016990662,"[819, 577, 513, 610, 638]"
01698_superimposition_high.png,566,569,superimposition,high,DeiT,569,0.22003841400146484,"[569, 675, 819, 660, 867]"
01699_superimposition_low.png,566,569,superimposition,low,DeiT,569,0.5426247715950012,"[569, 803, 675, 683, 971]"
01700_texture_shape_high.png,566,569,texture_shape,high,DeiT,819,0.11291223019361496,"[819, 880, 650, 876, 566]"
01701_texture_shape_low.png,566,569,texture_shape,low,DeiT,904,0.1905110776424408,"[904, 611, 456, 865, 917]"
01702_edge_conflict_high.png,566,569,edge_conflict,high,DeiT,569,0.2966977059841156,"[569, 868, 815, 675, 776]"
01703_edge_conflict_low.png,566,569,edge_conflict,low,DeiT,569,0.40696269273757935,"[569, 803, 549, 868, 517]"
01688_edge_conflict_high.png,566,571,edge_conflict,high,CLIP,603,0.5459023118019104,"[603, 476, 870, 690, 444]"
01689_edge_conflict_low.png,566,571,edge_conflict,low,CLIP,962,0.45032715797424316,"[962, 608, 401, 224, 714]"
01690_patch_shuffle_high.png,566,571,patch_shuffle,high,CLIP,776,0.3480437695980072,"[776, 699, 965, 766, 843]"
01691_patch_shuffle_low.png,566,571,patch_shuffle,low,CLIP,699,0.22514289617538452,"[699, 766, 932, 982, 415]"
01692_color_inversion_high.png,566,571,color_inversion,high,CLIP,612,0.21028082072734833,"[612, 608, 743, 904, 669]"
01693_color_inversion_low.png,566,571,color_inversion,low,CLIP,962,0.3044802248477936,"[962, 608, 982, 594, 885]"
01694_adain_high.png,566,569,adain,high,CLIP,993,0.20975497364997864,"[993, 68, 458, 412, 389]"
01695_adain_low.png,566,569,adain,low,CLIP,68,0.23502172529697418,"[68, 458, 60, 862, 714]"
01696_occlusion_high.png,566,-1,occlusion,high,CLIP,810,0.5062480568885803,"[810, 60, 613, 862, 782]"
01697_occlusion_low.png,566,-1,occlusion,low,CLIP,68,0.17616257071495056,"[68, 810, 458, 993, 708]"
01698_superimposition_high.png,566,569,superimposition,high,CLIP,675,0.41884908080101013,"[675, 569, 751, 970, 971]"
01699_superimposition_low.png,566,569,superimposition,low,CLIP,569,0.982280969619751,"[569, 867, 224, 864, 555]"
01700_texture_shape_high.png,566,569,texture_shape,high,CLIP,458,0.13160619139671326,"[458, 971, 168, 737, 782]"
01701_texture_shape_low.png,566,569,texture_shape,low,CLIP,782,0.5327686667442322,"[782, 971, 851, 107, 775]"
01702_edge_conflict_high.png,566,569,edge_conflict,high,CLIP,569,0.9906228184700012,"[569, 867, 675, 553, 803]"
01703_edge_conflict_low.png,566,569,edge_conflict,low,CLIP,569,0.9931407570838928,"[569, 867, 993, 224, 803]"
01704_patch_shuffle_high.png,566,569,patch_shuffle,high,ResNet50,917,0.18839867413043976,"[917, 788, 615, 638, 819]"
01705_patch_shuffle_low.png,566,569,patch_shuffle,low,ResNet50,560,0.17938588559627533,"[560, 518, 433, 461, 615]"
01706_color_inversion_high.png,566,569,color_inversion,high,ResNet50,669,0.4585875868797302,"[669, 532, 762, 802, 728]"
01707_color_inversion_low.png,566,569,color_inversion,low,ResNet50,569,0.9151554107666016,"[569, 675, 867, 864, 803]"
01708_adain_high.png,566,571,adain,high,ResNet50,819,0.14712807536125183,"[819, 697, 513, 875, 566]"
01709_adain_low.png,566,571,adain,low,ResNet50,566,0.4081152379512787,"[566, 875, 513, 819, 822]"
01710_occlusion_high.png,566,-1,occlusion,high,ResNet50,819,0.15614771842956543,"[819, 875, 822, 416, 566]"
01711_occlusion_low.png,566,-1,occlusion,low,ResNet50,566,0.37444400787353516,"[566, 875, 513, 971, 818]"
01712_superimposition_high.png,566,571,superimposition,high,ResNet50,860,0.09229888021945953,"[860, 416, 702, 571, 865]"
01713_superimposition_low.png,566,571,superimposition,low,ResNet50,571,0.9997997879981995,"[571, 848, 778, 860, 482]"
01714_texture_shape_high.png,566,571,texture_shape,high,ResNet50,416,0.5543394088745117,"[416, 602, 971, 702, 890]"
01715_texture_shape_low.png,566,571,texture_shape,low,ResNet50,904,0.5733569860458374,"[904, 865, 971, 611, 794]"
01716_edge_conflict_high.png,566,571,edge_conflict,high,ResNet50,696,0.1717814803123474,"[696, 637, 674, 593, 710]"
01717_edge_conflict_low.png,566,571,edge_conflict,low,ResNet50,571,0.9799715280532837,"[571, 848, 754, 482, 778]"
01718_patch_shuffle_high.png,566,571,patch_shuffle,high,ResNet50,615,0.21271410584449768,"[615, 917, 450, 638, 459]"
01719_patch_shuffle_low.png,566,571,patch_shuffle,low,ResNet50,638,0.13604463636875153,"[638, 819, 615, 461, 459]"
01704_patch_shuffle_high.png,566,569,patch_shuffle,high,ResNet101,401,0.0625545084476471,"[401, 683, 432, 465, 819]"
01705_patch_shuffle_low.png,566,569,patch_shuffle,low,ResNet101,461,0.3446311950683594,"[461, 465, 524, 490, 652]"
01706_color_inversion_high.png,566,569,color_inversion,high,ResNet101,617,0.2657977342605591,"[617, 532, 691, 896, 794]"
01707_color_inversion_low.png,566,569,color_inversion,low,ResNet101,569,0.9144846796989441,"[569, 803, 867, 675, 517]"
01708_adain_high.png,566,571,adain,high,ResNet101,819,0.20532317459583282,"[819, 461, 566, 865, 971]"
01709_adain_low.png,566,571,adain,low,ResNet101,819,0.2645712196826935,"[819, 542, 641, 566, 865]"
01710_occlusion_high.png,566,-1,occlusion,high,ResNet101,819,0.21511220932006836,"[819, 745, 650, 747, 632]"
01711_occlusion_low.png,566,-1,occlusion,low,ResNet101,819,0.12189281731843948,"[819, 542, 862, 614, 615]"
01712_superimposition_high.png,566,571,superimposition,high,ResNet101,702,0.15990985929965973,"[702, 422, 602, 647, 865]"
01713_superimposition_low.png,566,571,superimposition,low,ResNet101,571,0.9990600943565369,"[571, 886, 778, 860, 637]"
01714_texture_shape_high.png,566,571,texture_shape,high,ResNet101,602,0.37789061665534973,"[602, 865, 416, 890, 702]"
01715_texture_shape_low.png,566,571,texture_shape,low,ResNet101,904,0.9153574109077454,"[904, 865, 562, 476, 611]"
01716_edge_conflict_high.png,566,571,edge_conflict,high,ResNet101,571,0.601055383682251,"[571, 412, 886, 637, 651]"
01717_edge_conflict_low.png,566,571,edge_conflict,low,ResNet101,571,0.9971998929977417,"[571, 886, 637, 778, 530]"
01718_patch_shuffle_high.png,566,571,patch_shuffle,high,ResNet101,459,0.0836690217256546,"[459, 638, 652, 819, 655]"
01719_patch_shuffle_low.png,566,571,patch_shuffle,low,ResNet101,615,0.16539441049098969,"[615, 465, 865, 819, 655]"
01704_patch_shuffle_high.png,566,569,patch_shuffle,high,ConvNeXt,638,0.04788471385836601,"[638, 399, 822, 641, 610]"
01705_patch_shuffle_low.png,566,569,patch_shuffle,low,ConvNeXt,566,0.12556539475917816,"[566, 610, 641, 399, 822]"
01706_color_inversion_high.png,566,569,color_inversion,high,ConvNeXt,569,0.2981998920440674,"[569, 543, 731, 610, 641]"
01707_color_inversion_low.png,566,569,color_inversion,low,ConvNeXt,569,0.5394172668457031,"[569, 610, 444, 880, 675]"
01708_adain_high.png,566,571,adain,high,ConvNeXt,566,0.09543883055448532,"[566, 650, 822, 542, 641]"
01709_adain_low.png,566,571,adain,low,ConvNeXt,566,0.22676903009414673,"[566, 822, 610, 650, 641]"
01710_occlusion_high.png,566,-1,occlusion,high,ConvNeXt,422,0.08067244291305542,"[422, 602, 399, 610, 542]"
01711_occlusion_low.png,566,-1,occlusion,low,ConvNeXt,566,0.3385965824127197,"[566, 422, 650, 610, 602]"
01712_superimposition_high.png,566,571,superimposition,high,ConvNeXt,771,0.06481584161520004,"[771, 543, 602, 416, 571]"
01713_superimposition_low.png,566,571,superimposition,low,ConvNeXt,571,0.7215332388877869,"[571, 419, 617, 588, 593]"
01714_texture_shape_high.png,566,571,texture_shape,high,ConvNeXt,416,0.09001630544662476,"[416, 602, 862, 819, 971]"
01715_texture_shape_low.png,566,571,texture_shape,low,ConvNeXt,904,0.090120829641819,"[904, 565, 741, 73, 132]"
01716_edge_conflict_high.png,566,571,edge_conflict,high,ConvNeXt,571,0.39261457324028015,"[571, 771, 519, 848, 50]"
01717_edge_conflict_low.png,566,571,edge_conflict,low,ConvNeXt,571,0.8035442233085632,"[571, 771, 419, 798, 593]"
01718_patch_shuffle_high.png,566,571,patch_shuffle,high,ConvNeXt,627,0.09533156454563141,"[627, 399, 638, 422, 822]"
01719_patch_shuffle_low.png,566,571,patch_shuffle,low,ConvNeXt,610,0.15467588603496552,"[610, 822, 638, 450, 566]"
01704_patch_shuffle_high.png,566,569,patch_shuffle,high,ViT-B/16,638,0.34537461400032043,"[638, 819, 615, 422, 518]"
01705_patch_shuffle_low.png,566,569,patch_shuffle,low,ViT-B/16,566,0.24672304093837738,"[566, 513, 880, 875, 638]"
01706_color_inversion_high.png,566,569,color_inversion,high,ViT-B/16,569,0.3823520839214325,"[569, 606, 584, 892, 691]"
01707_color_inversion_low.png,566,569,color_inversion,low,ViT-B/16,569,0.5862589478492737,"[569, 803, 153, 850, 861]"
01708_adain_high.png,566,571,adain,high,ViT-B/16,432,0.3703283965587616,"[432, 819, 566, 776, 875]"
01709_adain_low.png,566,571,adain,low,ViT-B/16,566,0.2007930427789688,"[566, 638, 432, 819, 461]"
01710_occlusion_high.png,566,-1,occlusion,high,ViT-B/16,638,0.13901108503341675,"[638, 819, 566, 399, 610]"
01711_occlusion_low.png,566,-1,occlusion,low,ViT-B/16,566,0.3332573175430298,"[566, 513, 875, 638, 819]"
01712_superimposition_high.png,566,571,superimposition,high,ViT-B/16,571,0.4083821773529053,"[571, 638, 593, 641, 880]"
01713_superimposition_low.png,566,571,superimposition,low,ViT-B/16,571,0.6285633444786072,"[571, 843, 416, 890, 430]"
01714_texture_shape_high.png,566,571,texture_shape,high,ViT-B/16,566,0.08564164489507675,"[566, 862, 416, 513, 558]"
01715_texture_shape_low.png,566,571,texture_shape,low,ViT-B/16,904,0.49796217679977417,"[904, 565, 492, 77, 905]"
01716_edge_conflict_high.png,566,571,edge_conflict,high,ViT-B/16,571,0.44914665818214417,"[571, 132, 337, 50, 131]"
01717_edge_conflict_low.png,566,571,edge_conflict,low,ViT-B/16,571,0.55101478099823,"[571, 847, 481, 921, 586]"
01718_patch_shuffle_high.png,566,571,patch_shuffle,high,ViT-B/16,638,0.1962529867887497,"[638, 880, 444, 615, 819]"
01719_patch_shuffle_low.png,566,571,patch_shuffle,low,ViT-B/16,819,0.1158098429441452,"[819, 513, 461, 638, 422]"
01704_patch_shuffle_high.png,566,569,patch_shuffle,high,DeiT,615,0.08641421794891357,"[615, 638, 819, 880, 450]"
01705_patch_shuffle_low.png,566,569,patch_shuffle,low,DeiT,615,0.22837413847446442,"[615, 880, 638, 461, 416]"
01706_color_inversion_high.png,566,569,color_inversion,high,DeiT,569,0.3137301504611969,"[569, 577, 819, 610, 880]"
01707_color_inversion_low.png,566,569,color_inversion,low,DeiT,569,0.4923833906650543,"[569, 803, 870, 675, 880]"
01708_adain_high.png,566,571,adain,high,DeiT,819,0.1934773027896881,"[819, 432, 461, 546, 731]"
01709_adain_low.png,566,571,adain,low,DeiT,819,0.1339438110589981,"[819, 461, 880, 641, 566]"
01710_occlusion_high.png,566,-1,occlusion,high,DeiT,577,0.09943076223134995,"[577, 422, 747, 461, 880]"
01711_occlusion_low.png,566,-1,occlusion,low,DeiT,577,0.1316101849079132,"[577, 513, 819, 971, 875]"
01712_superimposition_high.png,566,571,superimposition,high,DeiT,571,0.19760218262672424,"[571, 577, 819, 778, 880]"
01713_superimposition_low.png,566,571,superimposition,low,DeiT,571,0.5972573161125183,"[571, 890, 819, 702, 430]"
01714_texture_shape_high.png,566,571,texture_shape,high,DeiT,416,0.17546555399894714,"[416, 880, 865, 602, 430]"
01715_texture_shape_low.png,566,571,texture_shape,low,DeiT,904,0.5867553949356079,"[904, 556, 492, 73, 905]"
01716_edge_conflict_high.png,566,571,edge_conflict,high,DeiT,571,0.4440600574016571,"[571, 425, 815, 868, 549]"
01717_edge_conflict_low.png,566,571,edge_conflict,low,DeiT,571,0.6276444792747498,"[571, 794, 591, 619, 778]"
01718_patch_shuffle_high.png,566,571,patch_shuffle,high,DeiT,615,0.2951657474040985,"[615, 880, 638, 655, 822]"
01719_patch_shuffle_low.png,566,571,patch_shuffle,low,DeiT,819,0.1795053780078888,"[819, 880, 638, 610, 615]"
01704_patch_shuffle_high.png,566,569,patch_shuffle,high,CLIP,810,0.18107308447360992,"[810, 68, 714, 60, 885]"
01705_patch_shuffle_low.png,566,569,patch_shuffle,low,CLIP,862,0.10222191363573074,"[862, 613, 810, 68, 993]"
01706_color_inversion_high.png,566,569,color_inversion,high,CLIP,751,0.10965362936258316,"[751, 971, 993, 612, 27]"
01707_color_inversion_low.png,566,569,color_inversion,low,CLIP,569,0.9952558875083923,"[569, 803, 864, 517, 134]"
01708_adain_high.png,566,571,adain,high,CLIP,68,0.30567410588264465,"[68, 993, 458, 389, 412]"
01709_adain_low.png,566,571,adain,low,CLIP,68,0.26359128952026367,"[68, 458, 389, 714, 993]"
01710_occlusion_high.png,566,-1,occlusion,high,CLIP,810,0.3509354293346405,"[810, 68, 714, 993, 602]"
01711_occlusion_low.png,566,-1,occlusion,low,CLIP,60,0.10330872982740402,"[60, 862, 810, 458, 68]"
01712_superimposition_high.png,566,571,superimposition,high,CLIP,886,0.28014615178108215,"[886, 707, 577, 480, 916]"
01713_superimposition_low.png,566,571,superimposition,low,CLIP,571,0.9265965223312378,"[571, 707, 637, 487, 704]"
01714_texture_shape_high.png,566,571,texture_shape,high,CLIP,782,0.3362656533718109,"[782, 971, 725, 476, 612]"
01715_texture_shape_low.png,566,571,texture_shape,low,CLIP,782,0.7448874115943909,"[782, 851, 664, 476, 810]"
01716_edge_conflict_high.png,566,571,edge_conflict,high,CLIP,480,0.23911665380001068,"[480, 886, 605, 707, 571]"
01717_edge_conflict_low.png,566,571,edge_conflict,low,CLIP,571,0.8799357414245605,"[571, 707, 637, 480, 704]"
01718_patch_shuffle_high.png,566,571,patch_shuffle,high,CLIP,60,0.43347257375717163,"[60, 68, 714, 810, 993]"
01719_patch_shuffle_low.png,566,571,patch_shuffle,low,CLIP,810,0.19735121726989746,"[810, 97, 68, 60, 723]"
01720_color_inversion_high.png,566,571,color_inversion,high,ResNet50,786,0.23700660467147827,"[786, 794, 606, 760, 691]"
01721_color_inversion_low.png,566,571,color_inversion,low,ResNet50,571,0.998816967010498,"[571, 481, 482, 848, 886]"
01722_adain_high.png,566,574,adain,high,ResNet50,476,0.531369149684906,"[476, 857, 887, 406, 800]"
01723_adain_low.png,566,574,adain,low,ResNet50,857,0.6959112882614136,"[857, 476, 800, 854, 687]"
01724_occlusion_high.png,566,-1,occlusion,high,ResNet50,762,0.1518322229385376,"[762, 819, 854, 498, 776]"
01725_occlusion_low.png,566,-1,occlusion,low,ResNet50,776,0.17318274080753326,"[776, 819, 401, 546, 854]"
01726_superimposition_high.png,566,574,superimposition,high,ResNet50,857,0.25209522247314453,"[857, 577, 854, 476, 556]"
01727_superimposition_low.png,566,574,superimposition,low,ResNet50,417,0.1279006004333496,"[417, 722, 641, 574, 890]"
01728_texture_shape_high.png,566,574,texture_shape,high,ResNet50,857,0.34811604022979736,"[857, 476, 854, 406, 800]"
01729_texture_shape_low.png,566,574,texture_shape,low,ResNet50,562,0.22383658587932587,"[562, 406, 921, 857, 611]"
01730_edge_conflict_high.png,566,574,edge_conflict,high,ResNet50,695,0.18717890977859497,"[695, 714, 611, 892, 861]"
01731_edge_conflict_low.png,566,574,edge_conflict,low,ResNet50,714,0.36909154057502747,"[714, 455, 574, 641, 712]"
01732_patch_shuffle_high.png,566,574,patch_shuffle,high,ResNet50,854,0.4902852475643158,"[854, 401, 762, 486, 819]"
01733_patch_shuffle_low.png,566,574,patch_shuffle,low,ResNet50,857,0.18478402495384216,"[857, 854, 762, 583, 819]"
01734_color_inversion_high.png,566,574,color_inversion,high,ResNet50,793,0.5692270994186401,"[793, 794, 591, 669, 434]"
01735_color_inversion_low.png,566,574,color_inversion,low,ResNet50,793,0.09177127480506897,"[793, 429, 883, 729, 899]"
01720_color_inversion_high.png,566,571,color_inversion,high,ResNet101,728,0.20101003348827362,"[728, 760, 794, 899, 897]"
01721_color_inversion_low.png,566,571,color_inversion,low,ResNet101,571,0.994151771068573,"[571, 886, 637, 412, 704]"
01722_adain_high.png,566,574,adain,high,ResNet101,566,0.24669045209884644,"[566, 776, 857, 513, 401]"
01723_adain_low.png,566,574,adain,low,ResNet101,566,0.46852320432662964,"[566, 401, 776, 432, 857]"
01724_occlusion_high.png,566,-1,occlusion,high,ResNet101,598,0.5255614519119263,"[598, 566, 548, 854, 860]"
01725_occlusion_low.png,566,-1,occlusion,low,ResNet101,854,0.13782386481761932,"[854, 819, 556, 401, 776]"
01726_superimposition_high.png,566,574,superimposition,high,ResNet101,857,0.25174522399902344,"[857, 854, 420, 594, 401]"
01727_superimposition_low.png,566,574,superimposition,low,ResNet101,417,0.2672865688800812,"[417, 574, 728, 722, 729]"
01728_texture_shape_high.png,566,574,texture_shape,high,ResNet101,566,0.5459080338478088,"[566, 776, 432, 683, 401]"
01729_texture_shape_low.png,566,574,texture_shape,low,ResNet101,819,0.14461585879325867,"[819, 611, 851, 562, 917]"
01730_edge_conflict_high.png,566,574,edge_conflict,high,ResNet101,611,0.6349804401397705,"[611, 807, 892, 861, 674]"
01731_edge_conflict_low.png,566,574,edge_conflict,low,ResNet101,722,0.3922348618507385,"[722, 714, 861, 417, 574]"
01732_patch_shuffle_high.png,566,574,patch_shuffle,high,ResNet101,881,0.3370428681373596,"[881, 827, 854, 579, 556]"
01733_patch_shuffle_low.png,566,574,patch_shuffle,low,ResNet101,860,0.4671923518180847,"[860, 857, 762, 687, 800]"
01734_color_inversion_high.png,566,574,color_inversion,high,ResNet101,883,0.272320419549942,"[883, 794, 899, 898, 669]"
01735_color_inversion_low.png,566,574,color_inversion,low,ResNet101,417,0.11935698986053467,"[417, 728, 502, 999, 883]"
01720_color_inversion_high.png,566,571,color_inversion,high,ConvNeXt,610,0.06412460654973984,"[610, 571, 481, 766, 543]"
01721_color_inversion_low.png,566,571,color_inversion,low,ConvNeXt,571,0.6094740629196167,"[571, 236, 234, 237, 238]"
01722_adain_high.png,566,574,adain,high,ConvNeXt,566,0.09679566323757172,"[566, 875, 432, 776, 558]"
01723_adain_low.png,566,574,adain,low,ConvNeXt,566,0.13388150930404663,"[566, 558, 583, 857, 875]"
01724_occlusion_high.png,566,-1,occlusion,high,ConvNeXt,857,0.18173086643218994,"[857, 854, 558, 827, 566]"
01725_occlusion_low.png,566,-1,occlusion,low,ConvNeXt,857,0.11351656168699265,"[857, 566, 558, 854, 556]"
01726_superimposition_high.png,566,574,superimposition,high,ConvNeXt,574,0.1231633871793747,"[574, 566, 854, 577, 776]"
01727_superimposition_low.png,566,574,superimposition,low,ConvNeXt,574,0.2747039794921875,"[574, 881, 406, 722, 854]"
01728_texture_shape_high.png,566,574,texture_shape,high,ConvNeXt,566,0.18813185393810272,"[566, 857, 558, 577, 583]"
01729_texture_shape_low.png,566,574,texture_shape,low,ConvNeXt,971,0.02370586432516575,"[971, 840, 579, 495, 583]"
01730_edge_conflict_high.png,566,574,edge_conflict,high,ConvNeXt,635,0.06685522943735123,"[635, 722, 641, 409, 714]"
01731_edge_conflict_low.png,566,574,edge_conflict,low,ConvNeXt,722,0.1771424263715744,"[722, 574, 455, 429, 718]"
01732_patch_shuffle_high.png,566,574,patch_shuffle,high,ConvNeXt,854,0.17264901101589203,"[854, 857, 827, 583, 420]"
01733_patch_shuffle_low.png,566,574,patch_shuffle,low,ConvNeXt,583,0.15071000158786774,"[583, 857, 854, 406, 881]"
01734_color_inversion_high.png,566,574,color_inversion,high,ConvNeXt,577,0.2450002282857895,"[577, 583, 594, 566, 857]"
01735_color_inversion_low.png,566,574,color_inversion,low,ConvNeXt,574,0.28585803508758545,"[574, 894, 147, 148, 722]"
01720_color_inversion_high.png,566,571,color_inversion,high,ViT-B/16,571,0.6177605986595154,"[571, 701, 591, 584, 868]"
01721_color_inversion_low.png,566,571,color_inversion,low,ViT-B/16,571,0.637169599533081,"[571, 395, 394, 2, 895]"
01722_adain_high.png,566,574,adain,high,ViT-B/16,566,0.5364724397659302,"[566, 776, 594, 432, 683]"
01723_adain_low.png,566,574,adain,low,ViT-B/16,566,0.5846477746963501,"[566, 776, 875, 854, 513]"
01724_occlusion_high.png,566,-1,occlusion,high,ViT-B/16,566,0.19916903972625732,"[566, 854, 857, 513, 875]"
01725_occlusion_low.png,566,-1,occlusion,low,ViT-B/16,566,0.5874723196029663,"[566, 776, 513, 875, 854]"
01726_superimposition_high.png,566,574,superimposition,high,ViT-B/16,854,0.1435704529285431,"[854, 857, 776, 566, 513]"
01727_superimposition_low.png,566,574,superimposition,low,ViT-B/16,574,0.4885943531990051,"[574, 857, 854, 486, 594]"
01728_texture_shape_high.png,566,574,texture_shape,high,ViT-B/16,566,0.5226742625236511,"[566, 857, 854, 683, 776]"
01729_texture_shape_low.png,566,574,texture_shape,low,ViT-B/16,857,0.21128351986408234,"[857, 854, 579, 552, 594]"
01730_edge_conflict_high.png,566,574,edge_conflict,high,ViT-B/16,424,0.07434901595115662,"[424, 523, 722, 574, 401]"
01731_edge_conflict_low.png,566,574,edge_conflict,low,ViT-B/16,574,0.46705111861228943,"[574, 722, 833, 724, 900]"
01732_patch_shuffle_high.png,566,574,patch_shuffle,high,ViT-B/16,566,0.24666190147399902,"[566, 857, 854, 875, 776]"
01733_patch_shuffle_low.png,566,574,patch_shuffle,low,ViT-B/16,583,0.6023712754249573,"[583, 857, 854, 594, 556]"
01734_color_inversion_high.png,566,574,color_inversion,high,ViT-B/16,574,0.10952016711235046,"[574, 765, 857, 659, 868]"
01735_color_inversion_low.png,566,574,color_inversion,low,ViT-B/16,574,0.49769917130470276,"[574, 484, 871, 914, 780]"
01720_color_inversion_high.png,566,571,color_inversion,high,DeiT,577,0.15780791640281677,"[577, 822, 481, 482, 862]"
01721_color_inversion_low.png,566,571,color_inversion,low,DeiT,571,0.45172250270843506,"[571, 862, 819, 982, 578]"
01722_adain_high.png,566,574,adain,high,DeiT,854,0.5218971371650696,"[854, 857, 498, 762, 819]"
01723_adain_low.png,566,574,adain,low,DeiT,854,0.7984132170677185,"[854, 857, 498, 762, 819]"
01724_occlusion_high.png,566,-1,occlusion,high,DeiT,854,0.5834901332855225,"[854, 566, 776, 819, 857]"
01725_occlusion_low.png,566,-1,occlusion,low,DeiT,854,0.3555614650249481,"[854, 566, 776, 819, 875]"
01726_superimposition_high.png,566,574,superimposition,high,DeiT,854,0.42070335149765015,"[854, 635, 857, 902, 498]"
01727_superimposition_low.png,566,574,superimposition,low,DeiT,574,0.6832548379898071,"[574, 854, 401, 819, 486]"
01728_texture_shape_high.png,566,574,texture_shape,high,DeiT,854,0.42641472816467285,"[854, 566, 857, 776, 819]"
01729_texture_shape_low.png,566,574,texture_shape,low,DeiT,854,0.09774436801671982,"[854, 857, 762, 594, 406]"
01730_edge_conflict_high.png,566,574,edge_conflict,high,DeiT,791,0.1524035781621933,"[791, 424, 635, 409, 765]"
01731_edge_conflict_low.png,566,574,edge_conflict,low,DeiT,574,0.5300068259239197,"[574, 340, 425, 888, 743]"
01732_patch_shuffle_high.png,566,574,patch_shuffle,high,DeiT,854,0.587698757648468,"[854, 776, 566, 827, 556]"
01733_patch_shuffle_low.png,566,574,patch_shuffle,low,DeiT,854,0.5957928895950317,"[854, 583, 857, 819, 860]"
01734_color_inversion_high.png,566,574,color_inversion,high,DeiT,776,0.19214056432247162,"[776, 574, 854, 420, 875]"
01735_color_inversion_low.png,566,574,color_inversion,low,DeiT,574,0.6080758571624756,"[574, 857, 486, 556, 406]"
01720_color_inversion_high.png,566,571,color_inversion,high,CLIP,728,0.21688605844974518,"[728, 971, 605, 636, 916]"
01721_color_inversion_low.png,566,571,color_inversion,low,CLIP,571,0.9172660708427429,"[571, 704, 707, 480, 487]"
01722_adain_high.png,566,574,adain,high,CLIP,776,0.875763475894928,"[776, 458, 683, 168, 513]"
01723_adain_low.png,566,574,adain,low,CLIP,776,0.9071012139320374,"[776, 458, 168, 683, 513]"
01724_occlusion_high.png,566,-1,occlusion,high,CLIP,776,0.3490220904350281,"[776, 97, 881, 962, 68]"
01725_occlusion_low.png,566,-1,occlusion,low,CLIP,776,0.7470139265060425,"[776, 168, 513, 458, 68]"
01726_superimposition_high.png,566,574,superimposition,high,CLIP,168,0.3402666747570038,"[168, 97, 962, 776, 819]"
01727_superimposition_low.png,566,574,superimposition,low,CLIP,722,0.47150635719299316,"[722, 574, 522, 455, 746]"
01728_texture_shape_high.png,566,574,texture_shape,high,CLIP,776,0.9617077112197876,"[776, 458, 566, 683, 513]"
01729_texture_shape_low.png,566,574,texture_shape,low,CLIP,981,0.16858161985874176,"[981, 486, 889, 776, 689]"
01730_edge_conflict_high.png,566,574,edge_conflict,high,CLIP,993,0.324238121509552,"[993, 535, 635, 613, 971]"
01731_edge_conflict_low.png,566,574,edge_conflict,low,CLIP,722,0.6818823218345642,"[722, 522, 574, 417, 993]"
01732_patch_shuffle_high.png,566,574,patch_shuffle,high,CLIP,776,0.2961026132106781,"[776, 97, 819, 962, 775]"
01733_patch_shuffle_low.png,566,574,patch_shuffle,low,CLIP,776,0.18365530669689178,"[776, 881, 819, 348, 458]"
01734_color_inversion_high.png,566,574,color_inversion,high,CLIP,971,0.6411059498786926,"[971, 107, 993, 486, 689]"
01735_color_inversion_low.png,566,574,color_inversion,low,CLIP,417,0.8251357674598694,"[417, 768, 787, 971, 890]"
01736_adain_high.png,569,566,adain,high,ResNet50,569,0.9992579817771912,"[569, 803, 867, 675, 856]"
01737_adain_low.png,569,566,adain,low,ResNet50,569,0.9993778467178345,"[569, 803, 867, 675, 595]"
01738_occlusion_high.png,569,-1,occlusion,high,ResNet50,569,0.9502172470092773,"[569, 595, 803, 867, 517]"
01739_occlusion_low.png,569,-1,occlusion,low,ResNet50,569,0.9734680652618408,"[569, 803, 867, 595, 856]"
01740_superimposition_high.png,569,566,superimposition,high,ResNet50,569,0.9931475520133972,"[569, 595, 803, 675, 867]"
01741_superimposition_low.png,569,566,superimposition,low,ResNet50,776,0.6694832444190979,"[776, 875, 513, 594, 889]"
01742_texture_shape_high.png,569,566,texture_shape,high,ResNet50,569,0.9979804158210754,"[569, 595, 856, 867, 803]"
01743_texture_shape_low.png,569,566,texture_shape,low,ResNet50,569,0.44782423973083496,"[569, 608, 866, 595, 803]"
01744_edge_conflict_high.png,569,566,edge_conflict,high,ResNet50,791,0.26715028285980225,"[791, 534, 694, 357, 815]"
01745_edge_conflict_low.png,569,566,edge_conflict,low,ResNet50,776,0.37402021884918213,"[776, 699, 593, 875, 683]"
01746_patch_shuffle_high.png,569,566,patch_shuffle,high,ResNet50,569,0.9246947765350342,"[569, 867, 675, 595, 517]"
01747_patch_shuffle_low.png,569,566,patch_shuffle,low,ResNet50,569,0.9801803827285767,"[569, 803, 595, 856, 867]"
01748_color_inversion_high.png,569,566,color_inversion,high,ResNet50,569,0.41199395060539246,"[569, 867, 803, 675, 864]"
01749_color_inversion_low.png,569,566,color_inversion,low,ResNet50,691,0.4832865595817566,"[691, 803, 634, 856, 595]"
01750_adain_high.png,569,574,adain,high,ResNet50,569,0.7840239405632019,"[569, 660, 867, 757, 864]"
01751_adain_low.png,569,574,adain,low,ResNet50,569,0.9154371023178101,"[569, 867, 864, 660, 517]"
01736_adain_high.png,569,566,adain,high,ResNet101,569,0.9999310970306396,"[569, 867, 675, 803, 856]"
01737_adain_low.png,569,566,adain,low,ResNet101,569,0.9998220801353455,"[569, 867, 675, 803, 856]"
01738_occlusion_high.png,569,-1,occlusion,high,ResNet101,569,0.9960674047470093,"[569, 803, 867, 675, 595]"
01739_occlusion_low.png,569,-1,occlusion,low,ResNet101,569,0.9819345474243164,"[569, 867, 803, 595, 856]"
01740_superimposition_high.png,569,566,superimposition,high,ResNet101,569,0.9996389150619507,"[569, 867, 675, 803, 595]"
01741_superimposition_low.png,569,566,superimposition,low,ResNet101,875,0.2474590688943863,"[875, 513, 776, 683, 566]"
01742_texture_shape_high.png,569,566,texture_shape,high,ResNet101,569,0.9997113347053528,"[569, 595, 803, 867, 856]"
01743_texture_shape_low.png,569,566,texture_shape,low,ResNet101,569,0.9747786521911621,"[569, 803, 595, 866, 856]"
01744_edge_conflict_high.png,569,566,edge_conflict,high,ResNet101,562,0.14415250718593597,"[562, 833, 634, 525, 385]"
01745_edge_conflict_low.png,569,566,edge_conflict,low,ResNet101,776,0.4187275171279907,"[776, 593, 699, 513, 594]"
01746_patch_shuffle_high.png,569,566,patch_shuffle,high,ResNet101,867,0.7254475355148315,"[867, 569, 864, 595, 856]"
01747_patch_shuffle_low.png,569,566,patch_shuffle,low,ResNet101,569,0.632420539855957,"[569, 595, 856, 803, 867]"
01748_color_inversion_high.png,569,566,color_inversion,high,ResNet101,867,0.2308029979467392,"[867, 675, 569, 757, 408]"
01749_color_inversion_low.png,569,566,color_inversion,low,ResNet101,691,0.2602202296257019,"[691, 867, 517, 438, 586]"
01750_adain_high.png,569,574,adain,high,ResNet101,569,0.9283900856971741,"[569, 867, 517, 675, 864]"
01751_adain_low.png,569,574,adain,low,ResNet101,569,0.9586601257324219,"[569, 867, 864, 517, 675]"
01736_adain_high.png,569,566,adain,high,ConvNeXt,569,0.7608850002288818,"[569, 803, 412, 867, 675]"
01737_adain_low.png,569,566,adain,low,ConvNeXt,569,0.7699947357177734,"[569, 803, 412, 675, 867]"
01738_occlusion_high.png,569,-1,occlusion,high,ConvNeXt,569,0.5872629880905151,"[569, 803, 867, 412, 675]"
01739_occlusion_low.png,569,-1,occlusion,low,ConvNeXt,569,0.7583805322647095,"[569, 803, 412, 867, 856]"
01740_superimposition_high.png,569,566,superimposition,high,ConvNeXt,569,0.3865313231945038,"[569, 95, 803, 678, 639]"
01741_superimposition_low.png,569,566,superimposition,low,ConvNeXt,569,0.12829288840293884,"[569, 864, 675, 867, 776]"
01742_texture_shape_high.png,569,566,texture_shape,high,ConvNeXt,569,0.4313089847564697,"[569, 803, 412, 95, 59]"
01743_texture_shape_low.png,569,566,texture_shape,low,ConvNeXt,569,0.2654011845588684,"[569, 741, 885, 803, 911]"
01744_edge_conflict_high.png,569,566,edge_conflict,high,ConvNeXt,820,0.03620871528983116,"[820, 776, 678, 906, 856]"
01745_edge_conflict_low.png,569,566,edge_conflict,low,ConvNeXt,776,0.26917052268981934,"[776, 820, 875, 566, 683]"
01746_patch_shuffle_high.png,569,566,patch_shuffle,high,ConvNeXt,569,0.5655840635299683,"[569, 803, 867, 856, 595]"
01747_patch_shuffle_low.png,569,566,patch_shuffle,low,ConvNeXt,569,0.5130885243415833,"[569, 803, 412, 856, 864]"
01748_color_inversion_high.png,569,566,color_inversion,high,ConvNeXt,569,0.4753171503543854,"[569, 803, 867, 675, 399]"
01749_color_inversion_low.png,569,566,color_inversion,low,ConvNeXt,675,0.2383148968219757,"[675, 867, 566, 569, 864]"
01750_adain_high.png,569,574,adain,high,ConvNeXt,569,0.6532503962516785,"[569, 867, 675, 660, 734]"
01751_adain_low.png,569,574,adain,low,ConvNeXt,569,0.7733790278434753,"[569, 867, 675, 660, 734]"
01736_adain_high.png,569,566,adain,high,ViT-B/16,569,0.9015312194824219,"[569, 803, 412, 867, 675]"
01737_adain_low.png,569,566,adain,low,ViT-B/16,569,0.8935759663581848,"[569, 803, 412, 867, 675]"
01738_occlusion_high.png,569,-1,occlusion,high,ViT-B/16,569,0.8172318339347839,"[569, 966, 632, 399, 111]"
01739_occlusion_low.png,569,-1,occlusion,low,ViT-B/16,569,0.8936635851860046,"[569, 803, 412, 867, 111]"
01740_superimposition_high.png,569,566,superimposition,high,ViT-B/16,569,0.6746447682380676,"[569, 429, 808, 691, 722]"
01741_superimposition_low.png,569,566,superimposition,low,ViT-B/16,569,0.46047741174697876,"[569, 875, 776, 513, 566]"
01742_texture_shape_high.png,569,566,texture_shape,high,ViT-B/16,569,0.7943001389503479,"[569, 854, 699, 412, 741]"
01743_texture_shape_low.png,569,566,texture_shape,low,ViT-B/16,569,0.4188580811023712,"[569, 741, 885, 911, 824]"
01744_edge_conflict_high.png,569,566,edge_conflict,high,ViT-B/16,565,0.27916499972343445,"[565, 820, 699, 791, 547]"
01745_edge_conflict_low.png,569,566,edge_conflict,low,ViT-B/16,776,0.2597813904285431,"[776, 875, 791, 401, 513]"
01746_patch_shuffle_high.png,569,566,patch_shuffle,high,ViT-B/16,569,0.8687072396278381,"[569, 412, 653, 517, 803]"
01747_patch_shuffle_low.png,569,566,patch_shuffle,low,ViT-B/16,569,0.8298271894454956,"[569, 803, 412, 660, 706]"
01748_color_inversion_high.png,569,566,color_inversion,high,ViT-B/16,569,0.3303229510784149,"[569, 675, 867, 793, 889]"
01749_color_inversion_low.png,569,566,color_inversion,low,ViT-B/16,875,0.18358442187309265,"[875, 408, 776, 420, 867]"
01750_adain_high.png,569,574,adain,high,ViT-B/16,569,0.8884328007698059,"[569, 867, 675, 864, 660]"
01751_adain_low.png,569,574,adain,low,ViT-B/16,569,0.8732249140739441,"[569, 867, 675, 864, 660]"
01736_adain_high.png,569,566,adain,high,DeiT,569,0.8470637798309326,"[569, 803, 412, 856, 534]"
01737_adain_low.png,569,566,adain,low,DeiT,569,0.8384073972702026,"[569, 856, 803, 412, 675]"
01738_occlusion_high.png,569,-1,occlusion,high,DeiT,569,0.7053366899490356,"[569, 803, 683, 789, 856]"
01739_occlusion_low.png,569,-1,occlusion,low,DeiT,569,0.8478215336799622,"[569, 803, 856, 867, 412]"
01740_superimposition_high.png,569,566,superimposition,high,DeiT,569,0.5460533499717712,"[569, 740, 691, 543, 683]"
01741_superimposition_low.png,569,566,superimposition,low,DeiT,569,0.4924485981464386,"[569, 776, 513, 683, 875]"
01742_texture_shape_high.png,569,566,texture_shape,high,DeiT,569,0.6939681768417358,"[569, 412, 885, 735, 911]"
01743_texture_shape_low.png,569,566,texture_shape,low,DeiT,569,0.532060444355011,"[569, 885, 741, 854, 911]"
01744_edge_conflict_high.png,569,566,edge_conflict,high,DeiT,820,0.1334744244813919,"[820, 776, 705, 401, 546]"
01745_edge_conflict_low.png,569,566,edge_conflict,low,DeiT,776,0.26698407530784607,"[776, 420, 875, 513, 683]"
01746_patch_shuffle_high.png,569,566,patch_shuffle,high,DeiT,569,0.8626574873924255,"[569, 517, 856, 803, 412]"
01747_patch_shuffle_low.png,569,566,patch_shuffle,low,DeiT,569,0.8238317370414734,"[569, 856, 803, 595, 412]"
01748_color_inversion_high.png,569,566,color_inversion,high,DeiT,569,0.5273322463035583,"[569, 691, 422, 683, 612]"
01749_color_inversion_low.png,569,566,color_inversion,low,DeiT,569,0.4327485263347626,"[569, 776, 594, 420, 683]"
01750_adain_high.png,569,574,adain,high,DeiT,569,0.6613208651542664,"[569, 867, 675, 734, 803]"
01751_adain_low.png,569,574,adain,low,DeiT,569,0.7541104555130005,"[569, 867, 675, 734, 803]"
01736_adain_high.png,569,566,adain,high,CLIP,569,0.9999521970748901,"[569, 803, 856, 867, 463]"
01737_adain_low.png,569,566,adain,low,CLIP,569,0.9999229907989502,"[569, 803, 856, 867, 463]"
01738_occlusion_high.png,569,-1,occlusion,high,CLIP,569,0.999840259552002,"[569, 803, 675, 428, 553]"
01739_occlusion_low.png,569,-1,occlusion,low,CLIP,569,0.9998728036880493,"[569, 803, 867, 428, 675]"
01740_superimposition_high.png,569,566,superimposition,high,CLIP,569,0.9998654127120972,"[569, 675, 803, 867, 428]"
01741_superimposition_low.png,569,566,superimposition,low,CLIP,676,0.2382274568080902,"[676, 468, 424, 458, 707]"
01742_texture_shape_high.png,569,566,texture_shape,high,CLIP,569,0.9999396800994873,"[569, 803, 675, 867, 864]"
01743_texture_shape_low.png,569,566,texture_shape,low,CLIP,569,0.9746423363685608,"[569, 675, 734, 407, 867]"
01744_edge_conflict_high.png,569,566,edge_conflict,high,CLIP,163,0.24700145423412323,"[163, 468, 262, 724, 751]"
01745_edge_conflict_low.png,569,566,edge_conflict,low,CLIP,724,0.2341797798871994,"[724, 776, 487, 458, 683]"
01746_patch_shuffle_high.png,569,566,patch_shuffle,high,CLIP,569,0.977100133895874,"[569, 803, 864, 867, 561]"
01747_patch_shuffle_low.png,569,566,patch_shuffle,low,CLIP,569,0.9145078659057617,"[569, 803, 856, 595, 428]"
01748_color_inversion_high.png,569,566,color_inversion,high,CLIP,803,0.44661495089530945,"[803, 569, 675, 856, 867]"
01749_color_inversion_low.png,569,566,color_inversion,low,CLIP,751,0.4311084449291229,"[751, 97, 724, 468, 68]"
01750_adain_high.png,569,574,adain,high,CLIP,569,0.9744856357574463,"[569, 867, 628, 864, 803]"
01751_adain_low.png,569,574,adain,low,CLIP,569,0.9970349073410034,"[569, 867, 864, 628, 856]"
01752_occlusion_high.png,569,-1,occlusion,high,ResNet50,632,0.2430189847946167,"[632, 782, 598, 851, 660]"
01753_occlusion_low.png,569,-1,occlusion,low,ResNet50,867,0.5537522435188293,"[867, 569, 675, 660, 864]"
01754_superimposition_high.png,569,574,superimposition,high,ResNet50,569,0.5908628702163696,"[569, 757, 660, 727, 867]"
01755_superimposition_low.png,569,574,superimposition,low,ResNet50,574,0.9994893074035645,"[574, 727, 807, 417, 755]"
01756_texture_shape_high.png,569,574,texture_shape,high,ResNet50,569,0.7649330496788025,"[569, 660, 867, 757, 856]"
01757_texture_shape_low.png,569,574,texture_shape,low,ResNet50,820,0.23507671058177948,"[820, 847, 972, 913, 408]"
01758_edge_conflict_high.png,569,574,edge_conflict,high,ResNet50,580,0.25732356309890747,"[580, 562, 971, 755, 425]"
01759_edge_conflict_low.png,569,574,edge_conflict,low,ResNet50,574,0.9926596283912659,"[574, 727, 417, 755, 604]"
01760_patch_shuffle_high.png,569,574,patch_shuffle,high,ResNet50,569,0.6473544239997864,"[569, 867, 675, 517, 864]"
01761_patch_shuffle_low.png,569,574,patch_shuffle,low,ResNet50,569,0.562755823135376,"[569, 867, 675, 660, 864]"
01762_color_inversion_high.png,569,574,color_inversion,high,ResNet50,408,0.20891331136226654,"[408, 803, 569, 529, 927]"
01763_color_inversion_low.png,569,574,color_inversion,low,ResNet50,574,0.9968512654304504,"[574, 727, 417, 755, 807]"
01764_adain_high.png,569,217,adain,high,ResNet50,569,0.9215654730796814,"[569, 847, 675, 867, 864]"
01765_adain_low.png,569,217,adain,low,ResNet50,569,0.9347209930419922,"[569, 847, 867, 675, 864]"
01766_occlusion_high.png,569,-1,occlusion,high,ResNet50,918,0.08149488270282745,"[918, 465, 412, 617, 713]"
01767_occlusion_low.png,569,-1,occlusion,low,ResNet50,569,0.3726400136947632,"[569, 713, 412, 744, 847]"
01752_occlusion_high.png,569,-1,occlusion,high,ResNet101,598,0.34963732957839966,"[598, 632, 664, 782, 548]"
01753_occlusion_low.png,569,-1,occlusion,low,ResNet101,867,0.7324663400650024,"[867, 569, 517, 864, 675]"
01754_superimposition_high.png,569,574,superimposition,high,ResNet101,569,0.9356682896614075,"[569, 867, 517, 675, 408]"
01755_superimposition_low.png,569,574,superimposition,low,ResNet101,574,0.9988135099411011,"[574, 807, 722, 956, 805]"
01756_texture_shape_high.png,569,574,texture_shape,high,ResNet101,569,0.9925912618637085,"[569, 867, 675, 864, 517]"
01757_texture_shape_low.png,569,574,texture_shape,low,ResNet101,847,0.20540635287761688,"[847, 569, 820, 517, 586]"
01758_edge_conflict_high.png,569,574,edge_conflict,high,ResNet101,438,0.30019205808639526,"[438, 107, 562, 680, 898]"
01759_edge_conflict_low.png,569,574,edge_conflict,low,ResNet101,574,0.7520997524261475,"[574, 107, 793, 898, 438]"
01760_patch_shuffle_high.png,569,574,patch_shuffle,high,ResNet101,867,0.3609083890914917,"[867, 569, 864, 675, 660]"
01761_patch_shuffle_low.png,569,574,patch_shuffle,low,ResNet101,867,0.9080674052238464,"[867, 569, 675, 864, 517]"
01762_color_inversion_high.png,569,574,color_inversion,high,ResNet101,899,0.18459060788154602,"[899, 660, 438, 927, 968]"
01763_color_inversion_low.png,569,574,color_inversion,low,ResNet101,574,0.99949049949646,"[574, 722, 807, 898, 883]"
01764_adain_high.png,569,217,adain,high,ResNet101,569,0.9977018237113953,"[569, 867, 847, 408, 675]"
01765_adain_low.png,569,217,adain,low,ResNet101,569,0.9973419308662415,"[569, 867, 847, 408, 675]"
01766_occlusion_high.png,569,-1,occlusion,high,ResNet101,711,0.08851967006921768,"[711, 648, 760, 636, 918]"
01767_occlusion_low.png,569,-1,occlusion,low,ResNet101,569,0.5194714069366455,"[569, 408, 847, 517, 586]"
01752_occlusion_high.png,569,-1,occlusion,high,ConvNeXt,569,0.7269717454910278,"[569, 675, 867, 660, 864]"
01753_occlusion_low.png,569,-1,occlusion,low,ConvNeXt,569,0.7190033197402954,"[569, 867, 675, 660, 864]"
01754_superimposition_high.png,569,574,superimposition,high,ConvNeXt,569,0.2185535430908203,"[569, 574, 149, 867, 675]"
01755_superimposition_low.png,569,574,superimposition,low,ConvNeXt,569,0.2597607672214508,"[569, 574, 867, 675, 757]"
01756_texture_shape_high.png,569,574,texture_shape,high,ConvNeXt,569,0.5892264246940613,"[569, 867, 675, 660, 864]"
01757_texture_shape_low.png,569,574,texture_shape,low,ConvNeXt,663,0.0750269889831543,"[663, 569, 660, 847, 586]"
01758_edge_conflict_high.png,569,574,edge_conflict,high,ConvNeXt,727,0.23658260703086853,"[727, 562, 580, 476, 819]"
01759_edge_conflict_low.png,569,574,edge_conflict,low,ConvNeXt,574,0.436038076877594,"[574, 819, 839, 718, 498]"
01760_patch_shuffle_high.png,569,574,patch_shuffle,high,ConvNeXt,569,0.6118155121803284,"[569, 675, 867, 864, 803]"
01761_patch_shuffle_low.png,569,574,patch_shuffle,low,ConvNeXt,867,0.188173308968544,"[867, 675, 569, 864, 554]"
01762_color_inversion_high.png,569,574,color_inversion,high,ConvNeXt,569,0.15579980611801147,"[569, 867, 660, 803, 727]"
01763_color_inversion_low.png,569,574,color_inversion,low,ConvNeXt,867,0.28552454710006714,"[867, 569, 574, 803, 660]"
01764_adain_high.png,569,217,adain,high,ConvNeXt,569,0.6250207424163818,"[569, 867, 519, 675, 412]"
01765_adain_low.png,569,217,adain,low,ConvNeXt,569,0.6107054352760315,"[569, 867, 519, 728, 675]"
01766_occlusion_high.png,569,-1,occlusion,high,ConvNeXt,569,0.3910472095012665,"[569, 860, 675, 867, 847]"
01767_occlusion_low.png,569,-1,occlusion,low,ConvNeXt,569,0.7157135605812073,"[569, 867, 519, 728, 675]"
01752_occlusion_high.png,569,-1,occlusion,high,ViT-B/16,569,0.8366544842720032,"[569, 675, 867, 660, 757]"
01753_occlusion_low.png,569,-1,occlusion,low,ViT-B/16,569,0.6431694626808167,"[569, 867, 675, 864, 517]"
01754_superimposition_high.png,569,574,superimposition,high,ViT-B/16,569,0.6724231243133545,"[569, 574, 867, 675, 787]"
01755_superimposition_low.png,569,574,superimposition,low,ViT-B/16,574,0.551685631275177,"[574, 569, 675, 867, 757]"
01756_texture_shape_high.png,569,574,texture_shape,high,ViT-B/16,569,0.8637192249298096,"[569, 867, 675, 803, 660]"
01757_texture_shape_low.png,569,574,texture_shape,low,ViT-B/16,847,0.5760213136672974,"[847, 408, 483, 663, 586]"
01758_edge_conflict_high.png,569,574,edge_conflict,high,ViT-B/16,727,0.23671358823776245,"[727, 547, 705, 580, 820]"
01759_edge_conflict_low.png,569,574,edge_conflict,low,ViT-B/16,574,0.652381420135498,"[574, 918, 688, 530, 409]"
01760_patch_shuffle_high.png,569,574,patch_shuffle,high,ViT-B/16,569,0.8107722401618958,"[569, 867, 864, 660, 675]"
01761_patch_shuffle_low.png,569,574,patch_shuffle,low,ViT-B/16,569,0.7041453719139099,"[569, 867, 864, 675, 660]"
01762_color_inversion_high.png,569,574,color_inversion,high,ViT-B/16,569,0.33485570549964905,"[569, 803, 660, 107, 555]"
01763_color_inversion_low.png,569,574,color_inversion,low,ViT-B/16,574,0.48303523659706116,"[574, 660, 569, 675, 736]"
01764_adain_high.png,569,217,adain,high,ViT-B/16,569,0.7668659687042236,"[569, 561, 517, 412, 733]"
01765_adain_low.png,569,217,adain,low,ViT-B/16,569,0.7809731960296631,"[569, 561, 517, 412, 733]"
01766_occlusion_high.png,569,-1,occlusion,high,ViT-B/16,569,0.7518161535263062,"[569, 561, 412, 886, 877]"
01767_occlusion_low.png,569,-1,occlusion,low,ViT-B/16,569,0.7863600254058838,"[569, 561, 517, 412, 867]"
01752_occlusion_high.png,569,-1,occlusion,high,DeiT,569,0.4932975769042969,"[569, 675, 867, 660, 757]"
01753_occlusion_low.png,569,-1,occlusion,low,DeiT,569,0.714030921459198,"[569, 867, 675, 864, 803]"
01754_superimposition_high.png,569,574,superimposition,high,DeiT,574,0.40194597840309143,"[574, 569, 675, 867, 734]"
01755_superimposition_low.png,569,574,superimposition,low,DeiT,574,0.8013520836830139,"[574, 675, 569, 867, 757]"
01756_texture_shape_high.png,569,574,texture_shape,high,DeiT,569,0.7119243144989014,"[569, 867, 675, 660, 864]"
01757_texture_shape_low.png,569,574,texture_shape,low,DeiT,569,0.21783818304538727,"[569, 867, 757, 675, 660]"
01758_edge_conflict_high.png,569,574,edge_conflict,high,DeiT,574,0.46948879957199097,"[574, 646, 727, 705, 565]"
01759_edge_conflict_low.png,569,574,edge_conflict,low,DeiT,574,0.6845870018005371,"[574, 409, 743, 547, 646]"
01760_patch_shuffle_high.png,569,574,patch_shuffle,high,DeiT,867,0.24210520088672638,"[867, 569, 675, 660, 757]"
01761_patch_shuffle_low.png,569,574,patch_shuffle,low,DeiT,569,0.6121058464050293,"[569, 867, 675, 864, 734]"
01762_color_inversion_high.png,569,574,color_inversion,high,DeiT,569,0.48597124218940735,"[569, 574, 675, 867, 855]"
01763_color_inversion_low.png,569,574,color_inversion,low,DeiT,574,0.6707606315612793,"[574, 569, 675, 867, 864]"
01764_adain_high.png,569,217,adain,high,DeiT,569,0.7388427257537842,"[569, 412, 675, 519, 867]"
01765_adain_low.png,569,217,adain,low,DeiT,569,0.7248552441596985,"[569, 675, 412, 519, 727]"
01766_occlusion_high.png,569,-1,occlusion,high,DeiT,569,0.6870570182800293,"[569, 675, 480, 408, 713]"
01767_occlusion_low.png,569,-1,occlusion,low,DeiT,569,0.803942859172821,"[569, 408, 412, 519, 675]"
01752_occlusion_high.png,569,-1,occlusion,high,CLIP,569,0.7186030149459839,"[569, 734, 867, 757, 717]"
01753_occlusion_low.png,569,-1,occlusion,low,CLIP,569,0.9305616021156311,"[569, 867, 864, 717, 803]"
01754_superimposition_high.png,569,574,superimposition,high,CLIP,569,0.985236406326294,"[569, 867, 675, 757, 864]"
01755_superimposition_low.png,569,574,superimposition,low,CLIP,574,0.9955806136131287,"[574, 522, 722, 575, 737]"
01756_texture_shape_high.png,569,574,texture_shape,high,CLIP,569,0.9979592561721802,"[569, 867, 864, 856, 803]"
01757_texture_shape_low.png,569,574,texture_shape,low,CLIP,867,0.2768653333187103,"[867, 565, 820, 913, 569]"
01758_edge_conflict_high.png,569,574,edge_conflict,high,CLIP,727,0.4441319406032562,"[727, 971, 538, 562, 993]"
01759_edge_conflict_low.png,569,574,edge_conflict,low,CLIP,574,0.9347379207611084,"[574, 522, 518, 722, 993]"
01760_patch_shuffle_high.png,569,574,patch_shuffle,high,CLIP,569,0.9975524544715881,"[569, 867, 856, 864, 757]"
01761_patch_shuffle_low.png,569,574,patch_shuffle,low,CLIP,569,0.904641330242157,"[569, 867, 864, 856, 675]"
01762_color_inversion_high.png,569,574,color_inversion,high,CLIP,971,0.5294600129127502,"[971, 757, 569, 803, 993]"
01763_color_inversion_low.png,569,574,color_inversion,low,CLIP,574,0.7304380536079407,"[574, 993, 522, 971, 722]"
01764_adain_high.png,569,217,adain,high,CLIP,569,0.9541577100753784,"[569, 675, 428, 847, 565]"
01765_adain_low.png,569,217,adain,low,CLIP,569,0.956764817237854,"[569, 847, 565, 428, 675]"
01766_occlusion_high.png,569,-1,occlusion,high,CLIP,553,0.24140290915966034,"[553, 717, 413, 847, 782]"
01767_occlusion_low.png,569,-1,occlusion,low,CLIP,569,0.5923255681991577,"[569, 847, 717, 561, 428]"
01768_superimposition_high.png,569,217,superimposition,high,ResNet50,569,0.554651141166687,"[569, 675, 660, 847, 867]"
01769_superimposition_low.png,569,217,superimposition,low,ResNet50,217,0.6241233348846436,"[217, 220, 216, 210, 215]"
01770_texture_shape_high.png,569,217,texture_shape,high,ResNet50,569,0.8824371099472046,"[569, 847, 675, 634, 856]"
01771_texture_shape_low.png,569,217,texture_shape,low,ResNet50,556,0.07263769209384918,"[556, 427, 454, 865, 634]"
01772_edge_conflict_high.png,569,217,edge_conflict,high,ResNet50,534,0.734245240688324,"[534, 791, 815, 438, 760]"
01773_edge_conflict_low.png,569,217,edge_conflict,low,ResNet50,217,0.5562164783477783,"[217, 216, 210, 220, 215]"
01774_patch_shuffle_high.png,569,217,patch_shuffle,high,ResNet50,569,0.1339748054742813,"[569, 675, 517, 561, 660]"
01775_patch_shuffle_low.png,569,217,patch_shuffle,low,ResNet50,519,0.4373364746570587,"[519, 410, 582, 624, 634]"
01776_color_inversion_high.png,569,217,color_inversion,high,ResNet50,675,0.11236504465341568,"[675, 728, 814, 569, 727]"
01777_color_inversion_low.png,569,217,color_inversion,low,ResNet50,728,0.22518764436244965,"[728, 676, 793, 220, 216]"
01778_adain_high.png,569,574,adain,high,ResNet50,569,0.8747525811195374,"[569, 864, 803, 555, 867]"
01779_adain_low.png,569,574,adain,low,ResNet50,569,0.9618648290634155,"[569, 864, 867, 803, 517]"
01780_occlusion_high.png,569,-1,occlusion,high,ResNet50,569,0.4645371437072754,"[569, 867, 517, 864, 660]"
01781_occlusion_low.png,569,-1,occlusion,low,ResNet50,569,0.9251756072044373,"[569, 864, 517, 675, 867]"
01782_superimposition_high.png,569,574,superimposition,high,ResNet50,517,0.19071149826049805,"[517, 569, 408, 595, 660]"
01783_superimposition_low.png,569,574,superimposition,low,ResNet50,574,0.895279049873352,"[574, 755, 807, 805, 727]"
01768_superimposition_high.png,569,217,superimposition,high,ResNet101,569,0.3650473654270172,"[569, 675, 847, 408, 561]"
01769_superimposition_low.png,569,217,superimposition,low,ResNet101,217,0.7516979575157166,"[217, 220, 216, 215, 212]"
01770_texture_shape_high.png,569,217,texture_shape,high,ResNet101,569,0.9348382949829102,"[569, 408, 675, 561, 586]"
01771_texture_shape_low.png,569,217,texture_shape,low,ResNet101,865,0.1363096833229065,"[865, 860, 556, 569, 427]"
01772_edge_conflict_high.png,569,217,edge_conflict,high,ResNet101,546,0.21752658486366272,"[546, 459, 776, 438, 469]"
01773_edge_conflict_low.png,569,217,edge_conflict,low,ResNet101,217,0.633477509021759,"[217, 210, 220, 216, 215]"
01774_patch_shuffle_high.png,569,217,patch_shuffle,high,ResNet101,675,0.4660293757915497,"[675, 713, 569, 660, 624]"
01775_patch_shuffle_low.png,569,217,patch_shuffle,low,ResNet101,553,0.30087220668792725,"[553, 478, 713, 675, 624]"
01776_color_inversion_high.png,569,217,color_inversion,high,ResNet101,713,0.5206258296966553,"[713, 742, 526, 782, 675]"
01777_color_inversion_low.png,569,217,color_inversion,low,ResNet101,691,0.18943049013614655,"[691, 676, 643, 570, 728]"
01778_adain_high.png,569,574,adain,high,ResNet101,569,0.9944317936897278,"[569, 867, 675, 803, 864]"
01779_adain_low.png,569,574,adain,low,ResNet101,569,0.9972219467163086,"[569, 867, 675, 864, 803]"
01780_occlusion_high.png,569,-1,occlusion,high,ResNet101,569,0.8843582272529602,"[569, 867, 757, 812, 517]"
01781_occlusion_low.png,569,-1,occlusion,low,ResNet101,569,0.9736315608024597,"[569, 867, 675, 864, 517]"
01782_superimposition_high.png,569,574,superimposition,high,ResNet101,569,0.9278024435043335,"[569, 517, 829, 807, 660]"
01783_superimposition_low.png,569,574,superimposition,low,ResNet101,574,0.8557392358779907,"[574, 727, 417, 807, 363]"
01768_superimposition_high.png,569,217,superimposition,high,ConvNeXt,569,0.2641676366329193,"[569, 218, 220, 213, 156]"
01769_superimposition_low.png,569,217,superimposition,low,ConvNeXt,217,0.39763525128364563,"[217, 218, 220, 219, 216]"
01770_texture_shape_high.png,569,217,texture_shape,high,ConvNeXt,569,0.3978287875652313,"[569, 519, 412, 867, 634]"
01771_texture_shape_low.png,569,217,texture_shape,low,ConvNeXt,856,0.028470974415540695,"[856, 519, 427, 634, 556]"
01772_edge_conflict_high.png,569,217,edge_conflict,high,ConvNeXt,624,0.0463130958378315,"[624, 215, 820, 791, 424]"
01773_edge_conflict_low.png,569,217,edge_conflict,low,ConvNeXt,217,0.20081792771816254,"[217, 218, 220, 216, 219]"
01774_patch_shuffle_high.png,569,217,patch_shuffle,high,ConvNeXt,675,0.23534463346004486,"[675, 569, 660, 519, 583]"
01775_patch_shuffle_low.png,569,217,patch_shuffle,low,ConvNeXt,519,0.0494392067193985,"[519, 675, 569, 634, 771]"
01776_color_inversion_high.png,569,217,color_inversion,high,ConvNeXt,569,0.3574191629886627,"[569, 51, 803, 675, 491]"
01777_color_inversion_low.png,569,217,color_inversion,low,ConvNeXt,217,0.1427679806947708,"[217, 675, 218, 660, 220]"
01778_adain_high.png,569,574,adain,high,ConvNeXt,569,0.7758135199546814,"[569, 867, 803, 675, 555]"
01779_adain_low.png,569,574,adain,low,ConvNeXt,569,0.8067294359207153,"[569, 867, 675, 803, 864]"
01780_occlusion_high.png,569,-1,occlusion,high,ConvNeXt,569,0.6512037515640259,"[569, 867, 675, 864, 555]"
01781_occlusion_low.png,569,-1,occlusion,low,ConvNeXt,569,0.6690444946289062,"[569, 867, 675, 864, 561]"
01782_superimposition_high.png,569,574,superimposition,high,ConvNeXt,569,0.196407288312912,"[569, 574, 867, 958, 975]"
01783_superimposition_low.png,569,574,superimposition,low,ConvNeXt,574,0.8195188641548157,"[574, 867, 595, 757, 864]"
01768_superimposition_high.png,569,217,superimposition,high,ViT-B/16,569,0.4931318759918213,"[569, 217, 218, 561, 215]"
01769_superimposition_low.png,569,217,superimposition,low,ViT-B/16,217,0.5376372933387756,"[217, 218, 569, 586, 220]"
01770_texture_shape_high.png,569,217,texture_shape,high,ViT-B/16,569,0.696783185005188,"[569, 561, 412, 220, 260]"
01771_texture_shape_low.png,569,217,texture_shape,low,ViT-B/16,569,0.11447665840387344,"[569, 561, 847, 634, 586]"
01772_edge_conflict_high.png,569,217,edge_conflict,high,ViT-B/16,217,0.23593077063560486,"[217, 215, 820, 791, 424]"
01773_edge_conflict_low.png,569,217,edge_conflict,low,ViT-B/16,217,0.42805975675582886,"[217, 423, 765, 424, 218]"
01774_patch_shuffle_high.png,569,217,patch_shuffle,high,ViT-B/16,569,0.326431006193161,"[569, 675, 561, 517, 867]"
01775_patch_shuffle_low.png,569,217,patch_shuffle,low,ViT-B/16,561,0.22984769940376282,"[561, 517, 569, 867, 919]"
01776_color_inversion_high.png,569,217,color_inversion,high,ViT-B/16,217,0.13558760285377502,"[217, 156, 218, 215, 807]"
01777_color_inversion_low.png,569,217,color_inversion,low,ViT-B/16,217,0.5285566449165344,"[217, 916, 218, 215, 751]"
01778_adain_high.png,569,574,adain,high,ViT-B/16,569,0.9010579586029053,"[569, 555, 867, 675, 412]"
01779_adain_low.png,569,574,adain,low,ViT-B/16,569,0.8968607783317566,"[569, 555, 867, 675, 864]"
01780_occlusion_high.png,569,-1,occlusion,high,ViT-B/16,569,0.8858286738395691,"[569, 675, 867, 864, 517]"
01781_occlusion_low.png,569,-1,occlusion,low,ViT-B/16,569,0.865831732749939,"[569, 867, 675, 707, 844]"
01782_superimposition_high.png,569,574,superimposition,high,ViT-B/16,569,0.7060781121253967,"[569, 574, 829, 874, 705]"
01783_superimposition_low.png,569,574,superimposition,low,ViT-B/16,574,0.6044773459434509,"[574, 595, 866, 856, 829]"
01768_superimposition_high.png,569,217,superimposition,high,DeiT,569,0.6729453802108765,"[569, 217, 675, 218, 215]"
01769_superimposition_low.png,569,217,superimposition,low,DeiT,217,0.38516291975975037,"[217, 218, 660, 216, 220]"
01770_texture_shape_high.png,569,217,texture_shape,high,DeiT,569,0.7470716834068298,"[569, 519, 412, 675, 561]"
01771_texture_shape_low.png,569,217,texture_shape,low,DeiT,847,0.2847307026386261,"[847, 586, 569, 408, 78]"
01772_edge_conflict_high.png,569,217,edge_conflict,high,DeiT,791,0.24206115305423737,"[791, 217, 781, 216, 220]"
01773_edge_conflict_low.png,569,217,edge_conflict,low,DeiT,217,0.2915487587451935,"[217, 546, 218, 565, 216]"
01774_patch_shuffle_high.png,569,217,patch_shuffle,high,DeiT,675,0.5067502856254578,"[675, 519, 569, 860, 480]"
01775_patch_shuffle_low.png,569,217,patch_shuffle,low,DeiT,561,0.22432509064674377,"[561, 675, 569, 519, 867]"
01776_color_inversion_high.png,569,217,color_inversion,high,DeiT,569,0.6538160443305969,"[569, 217, 675, 412, 215]"
01777_color_inversion_low.png,569,217,color_inversion,low,DeiT,217,0.40966081619262695,"[217, 877, 216, 218, 220]"
01778_adain_high.png,569,574,adain,high,DeiT,569,0.795175313949585,"[569, 675, 867, 803, 660]"
01779_adain_low.png,569,574,adain,low,DeiT,569,0.7756556272506714,"[569, 675, 867, 660, 803]"
01780_occlusion_high.png,569,-1,occlusion,high,DeiT,569,0.8039968609809875,"[569, 867, 675, 864, 561]"
01781_occlusion_low.png,569,-1,occlusion,low,DeiT,569,0.5308046340942383,"[569, 675, 867, 660, 864]"
01782_superimposition_high.png,569,574,superimposition,high,DeiT,569,0.6134999394416809,"[569, 574, 867, 675, 864]"
01783_superimposition_low.png,569,574,superimposition,low,DeiT,574,0.56565260887146,"[574, 595, 803, 866, 856]"
01768_superimposition_high.png,569,217,superimposition,high,CLIP,569,0.8346860408782959,"[569, 847, 913, 466, 675]"
01769_superimposition_low.png,569,217,superimposition,low,CLIP,156,0.5369489789009094,"[156, 217, 218, 215, 247]"
01770_texture_shape_high.png,569,217,texture_shape,high,CLIP,569,0.3248249292373657,"[569, 847, 726, 895, 993]"
01771_texture_shape_low.png,569,217,texture_shape,low,CLIP,822,0.23244285583496094,"[822, 577, 739, 851, 541]"
01772_edge_conflict_high.png,569,217,edge_conflict,high,CLIP,782,0.3964044153690338,"[782, 664, 851, 553, 745]"
01773_edge_conflict_low.png,569,217,edge_conflict,low,CLIP,217,0.34134212136268616,"[217, 247, 218, 156, 215]"
01774_patch_shuffle_high.png,569,217,patch_shuffle,high,CLIP,569,0.42729640007019043,"[569, 847, 675, 657, 561]"
01775_patch_shuffle_low.png,569,217,patch_shuffle,low,CLIP,782,0.35302236676216125,"[782, 569, 553, 847, 561]"
01776_color_inversion_high.png,569,217,color_inversion,high,CLIP,782,0.13231608271598816,"[782, 728, 886, 865, 916]"
01777_color_inversion_low.png,569,217,color_inversion,low,CLIP,439,0.3995855450630188,"[439, 210, 676, 365, 154]"
01778_adain_high.png,569,574,adain,high,CLIP,569,0.9998602867126465,"[569, 864, 867, 675, 555]"
01779_adain_low.png,569,574,adain,low,CLIP,569,0.9996687173843384,"[569, 864, 867, 675, 555]"
01780_occlusion_high.png,569,-1,occlusion,high,CLIP,569,0.9640349745750427,"[569, 734, 867, 553, 675]"
01781_occlusion_low.png,569,-1,occlusion,low,CLIP,569,0.9985028505325317,"[569, 867, 864, 555, 734]"
01782_superimposition_high.png,569,574,superimposition,high,CLIP,874,0.40827295184135437,"[874, 654, 569, 436, 779]"
01783_superimposition_low.png,569,574,superimposition,low,CLIP,574,0.9734954237937927,"[574, 522, 572, 971, 805]"
01784_texture_shape_high.png,569,574,texture_shape,high,ResNet50,569,0.9196999669075012,"[569, 864, 803, 867, 517]"
01785_texture_shape_low.png,569,574,texture_shape,low,ResNet50,408,0.9516251683235168,"[408, 803, 569, 913, 595]"
01786_edge_conflict_high.png,569,574,edge_conflict,high,ResNet50,449,0.13191483914852142,"[449, 975, 536, 694, 833]"
01787_edge_conflict_low.png,569,574,edge_conflict,low,ResNet50,574,0.8093900084495544,"[574, 522, 852, 807, 805]"
01788_patch_shuffle_high.png,569,574,patch_shuffle,high,ResNet50,569,0.780116617679596,"[569, 675, 864, 867, 517]"
01789_patch_shuffle_low.png,569,574,patch_shuffle,low,ResNet50,675,0.24990814924240112,"[675, 569, 517, 561, 867]"
01790_color_inversion_high.png,569,574,color_inversion,high,ResNet50,408,0.2384888082742691,"[408, 575, 847, 561, 438]"
01791_color_inversion_low.png,569,574,color_inversion,low,ResNet50,574,0.6454461812973022,"[574, 805, 890, 768, 807]"
01792_adain_high.png,571,566,adain,high,ResNet50,863,0.44073614478111267,"[863, 571, 733, 704, 660]"
01793_adain_low.png,571,566,adain,low,ResNet50,571,0.5607507228851318,"[571, 863, 733, 660, 704]"
01794_occlusion_high.png,571,-1,occlusion,high,ResNet50,807,0.20511047542095184,"[807, 905, 637, 904, 660]"
01795_occlusion_low.png,571,-1,occlusion,low,ResNet50,571,0.606850266456604,"[571, 660, 704, 920, 637]"
01796_superimposition_high.png,571,566,superimposition,high,ResNet50,476,0.1629217565059662,"[476, 757, 660, 645, 904]"
01797_superimposition_low.png,571,566,superimposition,low,ResNet50,566,0.8110021352767944,"[566, 875, 513, 776, 932]"
01798_texture_shape_high.png,571,566,texture_shape,high,ResNet50,863,0.6097731590270996,"[863, 733, 571, 727, 557]"
01799_texture_shape_low.png,571,566,texture_shape,low,ResNet50,971,0.19082652032375336,"[971, 611, 562, 865, 425]"
01784_texture_shape_high.png,569,574,texture_shape,high,ResNet101,569,0.9925641417503357,"[569, 864, 867, 517, 803]"
01785_texture_shape_low.png,569,574,texture_shape,low,ResNet101,408,0.2438288778066635,"[408, 569, 562, 913, 803]"
01786_edge_conflict_high.png,569,574,edge_conflict,high,ResNet101,970,0.3735162615776062,"[970, 975, 979, 331, 807]"
01787_edge_conflict_low.png,569,574,edge_conflict,low,ResNet101,574,0.8844414353370667,"[574, 522, 727, 807, 331]"
01788_patch_shuffle_high.png,569,574,patch_shuffle,high,ResNet101,569,0.9012653231620789,"[569, 675, 864, 867, 734]"
01789_patch_shuffle_low.png,569,574,patch_shuffle,low,ResNet101,675,0.34018850326538086,"[675, 569, 517, 867, 864]"
01790_color_inversion_high.png,569,574,color_inversion,high,ResNet101,807,0.10787812620401382,"[807, 569, 595, 408, 438]"
01791_color_inversion_low.png,569,574,color_inversion,low,ResNet101,574,0.9055458307266235,"[574, 807, 805, 727, 755]"
01792_adain_high.png,571,566,adain,high,ResNet101,571,0.46577882766723633,"[571, 863, 733, 870, 442]"
01793_adain_low.png,571,566,adain,low,ResNet101,571,0.7866432070732117,"[571, 863, 733, 442, 870]"
01794_occlusion_high.png,571,-1,occlusion,high,ResNet101,807,0.6396292448043823,"[807, 716, 904, 425, 497]"
01795_occlusion_low.png,571,-1,occlusion,low,ResNet101,571,0.734451949596405,"[571, 863, 733, 437, 707]"
01796_superimposition_high.png,571,566,superimposition,high,ResNet101,476,0.09233389049768448,"[476, 444, 975, 757, 442]"
01797_superimposition_low.png,571,566,superimposition,low,ResNet101,566,0.562693178653717,"[566, 513, 875, 776, 661]"
01798_texture_shape_high.png,571,566,texture_shape,high,ResNet101,863,0.5922204256057739,"[863, 571, 733, 442, 870]"
01799_texture_shape_low.png,571,566,texture_shape,low,ResNet101,870,0.32487139105796814,"[870, 671, 880, 971, 444]"
01784_texture_shape_high.png,569,574,texture_shape,high,ConvNeXt,569,0.4895328879356384,"[569, 803, 867, 517, 864]"
01785_texture_shape_low.png,569,574,texture_shape,low,ConvNeXt,569,0.11231718957424164,"[569, 80, 272, 803, 331]"
01786_edge_conflict_high.png,569,574,edge_conflict,high,ConvNeXt,574,0.25118905305862427,"[574, 820, 958, 791, 805]"
01787_edge_conflict_low.png,569,574,edge_conflict,low,ConvNeXt,574,0.5414674282073975,"[574, 791, 877, 534, 790]"
01788_patch_shuffle_high.png,569,574,patch_shuffle,high,ConvNeXt,569,0.12635332345962524,"[569, 675, 867, 510, 540]"
01789_patch_shuffle_low.png,569,574,patch_shuffle,low,ConvNeXt,569,0.30659234523773193,"[569, 675, 867, 874, 864]"
01790_color_inversion_high.png,569,574,color_inversion,high,ConvNeXt,574,0.052988678216934204,"[574, 569, 595, 856, 867]"
01791_color_inversion_low.png,569,574,color_inversion,low,ConvNeXt,574,0.4838945269584656,"[574, 575, 198, 867, 595]"
01792_adain_high.png,571,566,adain,high,ConvNeXt,571,0.6819074153900146,"[571, 557, 863, 660, 444]"
01793_adain_low.png,571,566,adain,low,ConvNeXt,571,0.74827641248703,"[571, 660, 863, 807, 557]"
01794_occlusion_high.png,571,-1,occlusion,high,ConvNeXt,571,0.6692855358123779,"[571, 660, 557, 444, 807]"
01795_occlusion_low.png,571,-1,occlusion,low,ConvNeXt,571,0.7794703245162964,"[571, 660, 863, 444, 807]"
01796_superimposition_high.png,571,566,superimposition,high,ConvNeXt,571,0.4733425974845886,"[571, 660, 444, 817, 566]"
01797_superimposition_low.png,571,566,superimposition,low,ConvNeXt,566,0.1232403963804245,"[566, 870, 444, 807, 875]"
01798_texture_shape_high.png,571,566,texture_shape,high,ConvNeXt,571,0.4338526725769043,"[571, 863, 425, 870, 444]"
01799_texture_shape_low.png,571,566,texture_shape,low,ConvNeXt,863,0.04206150397658348,"[863, 870, 583, 444, 733]"
01784_texture_shape_high.png,569,574,texture_shape,high,ViT-B/16,569,0.84067702293396,"[569, 963, 964, 962, 924]"
01785_texture_shape_low.png,569,574,texture_shape,low,ViT-B/16,569,0.44066184759140015,"[569, 595, 533, 803, 856]"
01786_edge_conflict_high.png,569,574,edge_conflict,high,ViT-B/16,791,0.4082911014556885,"[791, 574, 425, 561, 765]"
01787_edge_conflict_low.png,569,574,edge_conflict,low,ViT-B/16,574,0.5928184986114502,"[574, 765, 791, 423, 559]"
01788_patch_shuffle_high.png,569,574,patch_shuffle,high,ViT-B/16,569,0.764642596244812,"[569, 874, 555, 734, 510]"
01789_patch_shuffle_low.png,569,574,patch_shuffle,low,ViT-B/16,569,0.8527882695198059,"[569, 874, 555, 867, 864]"
01790_color_inversion_high.png,569,574,color_inversion,high,ViT-B/16,574,0.23045477271080017,"[574, 569, 867, 675, 565]"
01791_color_inversion_low.png,569,574,color_inversion,low,ViT-B/16,574,0.49475741386413574,"[574, 595, 757, 575, 866]"
01792_adain_high.png,571,566,adain,high,ViT-B/16,571,0.8280141353607178,"[571, 863, 437, 557, 449]"
01793_adain_low.png,571,566,adain,low,ViT-B/16,571,0.82593834400177,"[571, 863, 557, 437, 733]"
01794_occlusion_high.png,571,-1,occlusion,high,ViT-B/16,571,0.6833392977714539,"[571, 557, 756, 863, 807]"
01795_occlusion_low.png,571,-1,occlusion,low,ViT-B/16,571,0.6707954406738281,"[571, 863, 733, 444, 557]"
01796_superimposition_high.png,571,566,superimposition,high,ViT-B/16,571,0.31253722310066223,"[571, 566, 863, 513, 875]"
01797_superimposition_low.png,571,566,superimposition,low,ViT-B/16,566,0.605656623840332,"[566, 513, 875, 870, 444]"
01798_texture_shape_high.png,571,566,texture_shape,high,ViT-B/16,571,0.7433286309242249,"[571, 863, 557, 442, 733]"
01799_texture_shape_low.png,571,566,texture_shape,low,ViT-B/16,870,0.2798968553543091,"[870, 863, 444, 911, 583]"
01784_texture_shape_high.png,569,574,texture_shape,high,DeiT,569,0.8456448912620544,"[569, 867, 675, 911, 533]"
01785_texture_shape_low.png,569,574,texture_shape,low,DeiT,569,0.4557190239429474,"[569, 803, 867, 864, 408]"
01786_edge_conflict_high.png,569,574,edge_conflict,high,DeiT,574,0.5993257761001587,"[574, 791, 561, 765, 423]"
01787_edge_conflict_low.png,569,574,edge_conflict,low,DeiT,574,0.6392045021057129,"[574, 791, 790, 534, 729]"
01788_patch_shuffle_high.png,569,574,patch_shuffle,high,DeiT,569,0.40861976146698,"[569, 864, 675, 867, 561]"
01789_patch_shuffle_low.png,569,574,patch_shuffle,low,DeiT,569,0.8011387586593628,"[569, 867, 675, 864, 874]"
01790_color_inversion_high.png,569,574,color_inversion,high,DeiT,569,0.6984291672706604,"[569, 574, 805, 654, 867]"
01791_color_inversion_low.png,569,574,color_inversion,low,DeiT,574,0.48170581459999084,"[574, 569, 803, 575, 867]"
01792_adain_high.png,571,566,adain,high,DeiT,571,0.8444568514823914,"[571, 557, 437, 863, 733]"
01793_adain_low.png,571,566,adain,low,DeiT,571,0.8637611269950867,"[571, 863, 557, 437, 733]"
01794_occlusion_high.png,571,-1,occlusion,high,DeiT,571,0.7996919751167297,"[571, 870, 444, 863, 671]"
01795_occlusion_low.png,571,-1,occlusion,low,DeiT,571,0.7206287980079651,"[571, 863, 733, 557, 870]"
01796_superimposition_high.png,571,566,superimposition,high,DeiT,571,0.6805409789085388,"[571, 660, 557, 870, 621]"
01797_superimposition_low.png,571,566,superimposition,low,DeiT,566,0.514312744140625,"[566, 660, 513, 875, 444]"
01798_texture_shape_high.png,571,566,texture_shape,high,DeiT,571,0.6464017033576965,"[571, 863, 557, 733, 911]"
01799_texture_shape_low.png,571,566,texture_shape,low,DeiT,824,0.059118013828992844,"[824, 863, 856, 471, 658]"
01784_texture_shape_high.png,569,574,texture_shape,high,CLIP,569,0.9905102849006653,"[569, 867, 864, 675, 407]"
01785_texture_shape_low.png,569,574,texture_shape,low,CLIP,575,0.28604423999786377,"[575, 874, 803, 595, 779]"
01786_edge_conflict_high.png,569,574,edge_conflict,high,CLIP,782,0.14895018935203552,"[782, 851, 575, 621, 745]"
01787_edge_conflict_low.png,569,574,edge_conflict,low,CLIP,574,0.8387683033943176,"[574, 522, 805, 981, 429]"
01788_patch_shuffle_high.png,569,574,patch_shuffle,high,CLIP,569,0.7076360583305359,"[569, 864, 734, 867, 717]"
01789_patch_shuffle_low.png,569,574,patch_shuffle,low,CLIP,569,0.2751786708831787,"[569, 734, 675, 867, 717]"
01790_color_inversion_high.png,569,574,color_inversion,high,CLIP,993,0.2275504618883133,"[993, 561, 874, 436, 575]"
01791_color_inversion_low.png,569,574,color_inversion,low,CLIP,574,0.8321022987365723,"[574, 575, 621, 522, 968]"
01792_adain_high.png,571,566,adain,high,CLIP,571,0.9862222075462341,"[571, 870, 704, 863, 733]"
01793_adain_low.png,571,566,adain,low,CLIP,571,0.9809369444847107,"[571, 870, 704, 444, 863]"
01794_occlusion_high.png,571,-1,occlusion,high,CLIP,880,0.1783607304096222,"[880, 733, 870, 782, 863]"
01795_occlusion_low.png,571,-1,occlusion,low,CLIP,880,0.24876362085342407,"[880, 571, 870, 863, 920]"
01796_superimposition_high.png,571,566,superimposition,high,CLIP,444,0.7508073449134827,"[444, 571, 870, 865, 886]"
01797_superimposition_low.png,571,566,superimposition,low,CLIP,566,0.9758577346801758,"[566, 513, 458, 875, 776]"
01798_texture_shape_high.png,571,566,texture_shape,high,CLIP,571,0.9648723602294922,"[571, 870, 863, 704, 880]"
01799_texture_shape_low.png,571,566,texture_shape,low,CLIP,870,0.6812896132469177,"[870, 880, 632, 444, 881]"
01800_edge_conflict_high.png,571,566,edge_conflict,high,ResNet50,566,0.1671794354915619,"[566, 546, 449, 772, 776]"
01801_edge_conflict_low.png,571,566,edge_conflict,low,ResNet50,566,0.7676757574081421,"[566, 902, 776, 875, 771]"
01802_patch_shuffle_high.png,571,566,patch_shuffle,high,ResNet50,571,0.43432852625846863,"[571, 733, 660, 863, 920]"
01803_patch_shuffle_low.png,571,566,patch_shuffle,low,ResNet50,863,0.5234702229499817,"[863, 571, 733, 807, 660]"
01804_color_inversion_high.png,571,566,color_inversion,high,ResNet50,476,0.8140811324119568,"[476, 556, 865, 789, 498]"
01805_color_inversion_low.png,571,566,color_inversion,low,ResNet50,566,0.9435847401618958,"[566, 875, 513, 776, 822]"
01806_adain_high.png,571,701,adain,high,ResNet50,571,0.6546889543533325,"[571, 916, 480, 782, 897]"
01807_adain_low.png,571,701,adain,low,ResNet50,571,0.9494330286979675,"[571, 480, 886, 897, 707]"
01808_occlusion_high.png,571,-1,occlusion,high,ResNet50,916,0.33843204379081726,"[916, 480, 571, 664, 771]"
01809_occlusion_low.png,571,-1,occlusion,low,ResNet50,571,0.15403027832508087,"[571, 916, 782, 664, 851]"
01810_superimposition_high.png,571,701,superimposition,high,ResNet50,571,0.5789488554000854,"[571, 480, 886, 916, 707]"
01811_superimposition_low.png,571,701,superimposition,low,ResNet50,701,0.21760934591293335,"[701, 797, 842, 3, 284]"
01812_texture_shape_high.png,571,701,texture_shape,high,ResNet50,571,0.3457345962524414,"[571, 480, 707, 860, 556]"
01813_texture_shape_low.png,571,701,texture_shape,low,ResNet50,741,0.24471034109592438,"[741, 611, 556, 865, 492]"
01814_edge_conflict_high.png,571,701,edge_conflict,high,ResNet50,921,0.15310458838939667,"[921, 674, 917, 916, 760]"
01815_edge_conflict_low.png,571,701,edge_conflict,low,ResNet50,701,0.1642022281885147,"[701, 797, 284, 283, 760]"
01800_edge_conflict_high.png,571,566,edge_conflict,high,ResNet101,776,0.18737803399562836,"[776, 357, 566, 860, 714]"
01801_edge_conflict_low.png,571,566,edge_conflict,low,ResNet101,566,0.5300741195678711,"[566, 776, 875, 513, 420]"
01802_patch_shuffle_high.png,571,566,patch_shuffle,high,ResNet101,571,0.3208880126476288,"[571, 660, 733, 555, 920]"
01803_patch_shuffle_low.png,571,566,patch_shuffle,low,ResNet101,571,0.9123812317848206,"[571, 863, 733, 919, 765]"
01804_color_inversion_high.png,571,566,color_inversion,high,ResNet101,498,0.2652567923069,"[498, 865, 476, 669, 975]"
01805_color_inversion_low.png,571,566,color_inversion,low,ResNet101,566,0.8546433448791504,"[566, 513, 875, 776, 860]"
01806_adain_high.png,571,701,adain,high,ResNet101,571,0.7120518088340759,"[571, 897, 782, 886, 916]"
01807_adain_low.png,571,701,adain,low,ResNet101,571,0.7942677736282349,"[571, 897, 782, 886, 664]"
01808_occlusion_high.png,571,-1,occlusion,high,ResNet101,548,0.25771692395210266,"[548, 598, 782, 916, 527]"
01809_occlusion_low.png,571,-1,occlusion,low,ResNet101,782,0.17036575078964233,"[782, 664, 571, 916, 897]"
01810_superimposition_high.png,571,701,superimposition,high,ResNet101,571,0.5520561337471008,"[571, 664, 897, 916, 478]"
01811_superimposition_low.png,571,701,superimposition,low,ResNet101,296,0.167568638920784,"[296, 150, 2, 149, 916]"
01812_texture_shape_high.png,571,701,texture_shape,high,ResNet101,571,0.9814722537994385,"[571, 707, 897, 480, 851]"
01813_texture_shape_low.png,571,701,texture_shape,low,ResNet101,741,0.19767852127552032,"[741, 611, 865, 556, 692]"
01814_edge_conflict_high.png,571,701,edge_conflict,high,ResNet101,916,0.1427006721496582,"[916, 611, 921, 917, 296]"
01815_edge_conflict_low.png,571,701,edge_conflict,low,ResNet101,611,0.7911266684532166,"[611, 701, 916, 296, 664]"
01800_edge_conflict_high.png,571,566,edge_conflict,high,ConvNeXt,566,0.1634974479675293,"[566, 820, 781, 565, 451]"
01801_edge_conflict_low.png,571,566,edge_conflict,low,ConvNeXt,566,0.2977793216705322,"[566, 820, 807, 833, 403]"
01802_patch_shuffle_high.png,571,566,patch_shuffle,high,ConvNeXt,571,0.29639720916748047,"[571, 660, 807, 444, 557]"
01803_patch_shuffle_low.png,571,566,patch_shuffle,low,ConvNeXt,571,0.6539928317070007,"[571, 660, 863, 706, 557]"
01804_color_inversion_high.png,571,566,color_inversion,high,ConvNeXt,571,0.37332046031951904,"[571, 566, 829, 660, 807]"
01805_color_inversion_low.png,571,566,color_inversion,low,ConvNeXt,566,0.13555283844470978,"[566, 807, 577, 444, 513]"
01806_adain_high.png,571,701,adain,high,ConvNeXt,571,0.6916911602020264,"[571, 782, 680, 149, 148]"
01807_adain_low.png,571,701,adain,low,ConvNeXt,571,0.8203974962234497,"[571, 782, 680, 916, 921]"
01808_occlusion_high.png,571,-1,occlusion,high,ConvNeXt,782,0.11571964621543884,"[782, 571, 916, 480, 860]"
01809_occlusion_low.png,571,-1,occlusion,low,ConvNeXt,571,0.8221728205680847,"[571, 782, 921, 916, 556]"
01810_superimposition_high.png,571,701,superimposition,high,ConvNeXt,571,0.5207979083061218,"[571, 701, 916, 2, 149]"
01811_superimposition_low.png,571,701,superimposition,low,ConvNeXt,571,0.40703728795051575,"[571, 701, 916, 2, 3]"
01812_texture_shape_high.png,571,701,texture_shape,high,ConvNeXt,571,0.5504356026649475,"[571, 973, 65, 397, 329]"
01813_texture_shape_low.png,571,701,texture_shape,low,ConvNeXt,392,0.030657950788736343,"[392, 65, 674, 571, 688]"
01814_edge_conflict_high.png,571,701,edge_conflict,high,ConvNeXt,701,0.22984303534030914,"[701, 921, 827, 916, 626]"
01815_edge_conflict_low.png,571,701,edge_conflict,low,ConvNeXt,701,0.1632496863603592,"[701, 741, 916, 921, 2]"
01800_edge_conflict_high.png,571,566,edge_conflict,high,ViT-B/16,498,0.09380576014518738,"[498, 918, 875, 566, 424]"
01801_edge_conflict_low.png,571,566,edge_conflict,low,ViT-B/16,566,0.5083119869232178,"[566, 918, 513, 875, 789]"
01802_patch_shuffle_high.png,571,566,patch_shuffle,high,ViT-B/16,571,0.30459290742874146,"[571, 863, 660, 449, 444]"
01803_patch_shuffle_low.png,571,566,patch_shuffle,low,ViT-B/16,571,0.45934614539146423,"[571, 863, 733, 444, 870]"
01804_color_inversion_high.png,571,566,color_inversion,high,ViT-B/16,789,0.48202207684516907,"[789, 917, 406, 799, 566]"
01805_color_inversion_low.png,571,566,color_inversion,low,ViT-B/16,566,0.7620316743850708,"[566, 789, 918, 449, 513]"
01806_adain_high.png,571,701,adain,high,ViT-B/16,571,0.9048694968223572,"[571, 897, 480, 756, 739]"
01807_adain_low.png,571,701,adain,low,ViT-B/16,571,0.8976918458938599,"[571, 897, 480, 756, 739]"
01808_occlusion_high.png,571,-1,occlusion,high,ViT-B/16,571,0.8627236485481262,"[571, 480, 916, 790, 756]"
01809_occlusion_low.png,571,-1,occlusion,low,ViT-B/16,571,0.8559859991073608,"[571, 897, 811, 481, 482]"
01810_superimposition_high.png,571,701,superimposition,high,ViT-B/16,571,0.7285680770874023,"[571, 148, 2, 147, 3]"
01811_superimposition_low.png,571,701,superimposition,low,ViT-B/16,701,0.6666238307952881,"[701, 2, 3, 480, 571]"
01812_texture_shape_high.png,571,701,texture_shape,high,ViT-B/16,571,0.7857323288917542,"[571, 973, 65, 329, 392]"
01813_texture_shape_low.png,571,701,texture_shape,low,ViT-B/16,571,0.21819394826889038,"[571, 860, 824, 735, 911]"
01814_edge_conflict_high.png,571,701,edge_conflict,high,ViT-B/16,701,0.23604832589626312,"[701, 148, 922, 879, 557]"
01815_edge_conflict_low.png,571,701,edge_conflict,low,ViT-B/16,701,0.6072552800178528,"[701, 647, 916, 922, 3]"
01800_edge_conflict_high.png,571,566,edge_conflict,high,DeiT,646,0.19798414409160614,"[646, 918, 566, 635, 798]"
01801_edge_conflict_low.png,571,566,edge_conflict,low,DeiT,566,0.611676037311554,"[566, 513, 875, 688, 781]"
01802_patch_shuffle_high.png,571,566,patch_shuffle,high,DeiT,571,0.6489086747169495,"[571, 863, 444, 870, 660]"
01803_patch_shuffle_low.png,571,566,patch_shuffle,low,DeiT,571,0.5177485346794128,"[571, 863, 733, 660, 557]"
01804_color_inversion_high.png,571,566,color_inversion,high,DeiT,571,0.32791274785995483,"[571, 660, 746, 557, 464]"
01805_color_inversion_low.png,571,566,color_inversion,low,DeiT,566,0.5194498300552368,"[566, 513, 660, 875, 880]"
01806_adain_high.png,571,701,adain,high,DeiT,571,0.6303114295005798,"[571, 437, 974, 897, 701]"
01807_adain_low.png,571,701,adain,low,DeiT,571,0.7210983633995056,"[571, 974, 980, 480, 21]"
01808_occlusion_high.png,571,-1,occlusion,high,DeiT,571,0.7573268413543701,"[571, 480, 778, 527, 707]"
01809_occlusion_low.png,571,-1,occlusion,low,DeiT,571,0.7566231489181519,"[571, 482, 897, 778, 707]"
01810_superimposition_high.png,571,701,superimposition,high,DeiT,571,0.4519609212875366,"[571, 701, 149, 150, 3]"
01811_superimposition_low.png,571,701,superimposition,low,DeiT,701,0.596026599407196,"[701, 571, 480, 916, 664]"
01812_texture_shape_high.png,571,701,texture_shape,high,DeiT,571,0.6665562391281128,"[571, 824, 911, 735, 658]"
01813_texture_shape_low.png,571,701,texture_shape,low,DeiT,735,0.167990580201149,"[735, 824, 911, 653, 658]"
01814_edge_conflict_high.png,571,701,edge_conflict,high,DeiT,701,0.4532792568206787,"[701, 877, 791, 3, 2]"
01815_edge_conflict_low.png,571,701,edge_conflict,low,DeiT,701,0.6798701286315918,"[701, 877, 791, 559, 556]"
01800_edge_conflict_high.png,571,566,edge_conflict,high,CLIP,870,0.5293805599212646,"[870, 458, 674, 751, 444]"
01801_edge_conflict_low.png,571,566,edge_conflict,low,CLIP,566,0.37945660948753357,"[566, 458, 577, 513, 993]"
01802_patch_shuffle_high.png,571,566,patch_shuffle,high,CLIP,637,0.2269696593284607,"[637, 870, 880, 444, 557]"
01803_patch_shuffle_low.png,571,566,patch_shuffle,low,CLIP,571,0.7769948840141296,"[571, 870, 557, 863, 880]"
01804_color_inversion_high.png,571,566,color_inversion,high,CLIP,444,0.44502314925193787,"[444, 865, 880, 870, 971]"
01805_color_inversion_low.png,571,566,color_inversion,low,CLIP,870,0.3504442274570465,"[870, 566, 444, 458, 476]"
01806_adain_high.png,571,701,adain,high,CLIP,571,0.9937981963157654,"[571, 886, 412, 707, 737]"
01807_adain_low.png,571,701,adain,low,CLIP,571,0.9902267456054688,"[571, 412, 886, 463, 737]"
01808_occlusion_high.png,571,-1,occlusion,high,CLIP,886,0.31721729040145874,"[886, 571, 480, 707, 782]"
01809_occlusion_low.png,571,-1,occlusion,low,CLIP,571,0.7710724472999573,"[571, 782, 886, 707, 427]"
01810_superimposition_high.png,571,701,superimposition,high,CLIP,571,0.9937114715576172,"[571, 886, 707, 610, 608]"
01811_superimposition_low.png,571,701,superimposition,low,CLIP,983,0.23830585181713104,"[983, 21, 394, 2, 3]"
01812_texture_shape_high.png,571,701,texture_shape,high,CLIP,571,0.977044939994812,"[571, 886, 707, 412, 737]"
01813_texture_shape_low.png,571,701,texture_shape,low,CLIP,782,0.3515583872795105,"[782, 728, 692, 688, 414]"
01814_edge_conflict_high.png,571,701,edge_conflict,high,CLIP,163,0.12368178367614746,"[163, 254, 243, 154, 674]"
01815_edge_conflict_low.png,571,701,edge_conflict,low,CLIP,983,0.45458269119262695,"[983, 21, 701, 2, 149]"
01816_patch_shuffle_high.png,571,701,patch_shuffle,high,ResNet50,571,0.19118951261043549,"[571, 480, 707, 860, 624]"
01817_patch_shuffle_low.png,571,701,patch_shuffle,low,ResNet50,571,0.6762396097183228,"[571, 480, 886, 877, 713]"
01818_color_inversion_high.png,571,701,color_inversion,high,ResNet50,782,0.2852364182472229,"[782, 851, 549, 480, 446]"
01819_color_inversion_low.png,571,701,color_inversion,low,ResNet50,701,0.09115342795848846,"[701, 916, 851, 360, 782]"
01820_adain_high.png,571,482,adain,high,ResNet50,571,0.8108716011047363,"[571, 654, 507, 886, 705]"
01821_adain_low.png,571,482,adain,low,ResNet50,571,0.7791664004325867,"[571, 654, 507, 555, 886]"
01822_occlusion_high.png,571,-1,occlusion,high,ResNet50,771,0.2617883086204529,"[771, 507, 571, 555, 637]"
01823_occlusion_low.png,571,-1,occlusion,low,ResNet50,571,0.8424098491668701,"[571, 637, 886, 555, 707]"
01824_superimposition_high.png,571,482,superimposition,high,ResNet50,571,0.5365653038024902,"[571, 507, 555, 654, 705]"
01825_superimposition_low.png,571,482,superimposition,low,ResNet50,771,0.12272598594427109,"[771, 555, 407, 477, 848]"
01826_texture_shape_high.png,571,482,texture_shape,high,ResNet50,571,0.48964107036590576,"[571, 507, 707, 886, 800]"
01827_texture_shape_low.png,571,482,texture_shape,low,ResNet50,904,0.1453666090965271,"[904, 971, 905, 688, 794]"
01828_edge_conflict_high.png,571,482,edge_conflict,high,ResNet50,877,0.23222309350967407,"[877, 534, 829, 859, 888]"
01829_edge_conflict_low.png,571,482,edge_conflict,low,ResNet50,534,0.18547596037387848,"[534, 556, 545, 848, 771]"
01830_patch_shuffle_high.png,571,482,patch_shuffle,high,ResNet50,571,0.7046417593955994,"[571, 550, 886, 555, 637]"
01831_patch_shuffle_low.png,571,482,patch_shuffle,low,ResNet50,555,0.4357070326805115,"[555, 571, 550, 886, 760]"
01816_patch_shuffle_high.png,571,701,patch_shuffle,high,ResNet101,571,0.575407862663269,"[571, 897, 480, 877, 760]"
01817_patch_shuffle_low.png,571,701,patch_shuffle,low,ResNet101,571,0.254555344581604,"[571, 877, 480, 897, 446]"
01818_color_inversion_high.png,571,701,color_inversion,high,ResNet101,782,0.2692871391773224,"[782, 851, 664, 692, 480]"
01819_color_inversion_low.png,571,701,color_inversion,low,ResNet101,360,0.3102867603302002,"[360, 296, 150, 149, 664]"
01820_adain_high.png,571,482,adain,high,ResNet101,571,0.8898563981056213,"[571, 886, 707, 882, 829]"
01821_adain_low.png,571,482,adain,low,ResNet101,571,0.8491750359535217,"[571, 707, 886, 555, 480]"
01822_occlusion_high.png,571,-1,occlusion,high,ResNet101,571,0.9007806181907654,"[571, 886, 555, 707, 760]"
01823_occlusion_low.png,571,-1,occlusion,low,ResNet101,571,0.9634232521057129,"[571, 707, 882, 886, 555]"
01824_superimposition_high.png,571,482,superimposition,high,ResNet101,571,0.4903053641319275,"[571, 707, 886, 882, 795]"
01825_superimposition_low.png,571,482,superimposition,low,ResNet101,432,0.216213658452034,"[432, 757, 555, 705, 776]"
01826_texture_shape_high.png,571,482,texture_shape,high,ResNet101,571,0.7817662954330444,"[571, 707, 829, 555, 800]"
01827_texture_shape_low.png,571,482,texture_shape,low,ResNet101,904,0.3043401837348938,"[904, 794, 741, 799, 971]"
01828_edge_conflict_high.png,571,482,edge_conflict,high,ResNet101,819,0.09950453788042068,"[819, 877, 812, 820, 534]"
01829_edge_conflict_low.png,571,482,edge_conflict,low,ResNet101,534,0.4284377098083496,"[534, 812, 820, 897, 766]"
01830_patch_shuffle_high.png,571,482,patch_shuffle,high,ResNet101,571,0.711462140083313,"[571, 550, 886, 555, 760]"
01831_patch_shuffle_low.png,571,482,patch_shuffle,low,ResNet101,571,0.5728533267974854,"[571, 555, 760, 554, 886]"
01816_patch_shuffle_high.png,571,701,patch_shuffle,high,ConvNeXt,571,0.0851404219865799,"[571, 860, 648, 675, 905]"
01817_patch_shuffle_low.png,571,701,patch_shuffle,low,ConvNeXt,571,0.1523900330066681,"[571, 480, 713, 742, 860]"
01818_color_inversion_high.png,571,701,color_inversion,high,ConvNeXt,782,0.21396322548389435,"[782, 851, 916, 664, 701]"
01819_color_inversion_low.png,571,701,color_inversion,low,ConvNeXt,701,0.09172645956277847,"[701, 916, 851, 707, 571]"
01820_adain_high.png,571,482,adain,high,ConvNeXt,571,0.6551942825317383,"[571, 707, 886, 864, 626]"
01821_adain_low.png,571,482,adain,low,ConvNeXt,571,0.7193373441696167,"[571, 886, 864, 707, 626]"
01822_occlusion_high.png,571,-1,occlusion,high,ConvNeXt,571,0.757310152053833,"[571, 886, 800, 555, 864]"
01823_occlusion_low.png,571,-1,occlusion,low,ConvNeXt,571,0.7509880065917969,"[571, 626, 864, 555, 886]"
01824_superimposition_high.png,571,482,superimposition,high,ConvNeXt,571,0.3764270842075348,"[571, 864, 555, 717, 707]"
01825_superimposition_low.png,571,482,superimposition,low,ConvNeXt,717,0.20052272081375122,"[717, 555, 581, 817, 771]"
01826_texture_shape_high.png,571,482,texture_shape,high,ConvNeXt,571,0.34627747535705566,"[571, 707, 555, 480, 626]"
01827_texture_shape_low.png,571,482,texture_shape,low,ConvNeXt,493,0.25333040952682495,"[493, 894, 881, 771, 565]"
01828_edge_conflict_high.png,571,482,edge_conflict,high,ConvNeXt,815,0.04208666831254959,"[815, 626, 897, 776, 791]"
01829_edge_conflict_low.png,571,482,edge_conflict,low,ConvNeXt,482,0.07246024906635284,"[482, 754, 848, 766, 485]"
01830_patch_shuffle_high.png,571,482,patch_shuffle,high,ConvNeXt,571,0.4851541817188263,"[571, 886, 555, 707, 887]"
01831_patch_shuffle_low.png,571,482,patch_shuffle,low,ConvNeXt,571,0.5939236283302307,"[571, 864, 626, 717, 555]"
01816_patch_shuffle_high.png,571,701,patch_shuffle,high,ViT-B/16,571,0.708056628704071,"[571, 624, 916, 811, 739]"
01817_patch_shuffle_low.png,571,701,patch_shuffle,low,ViT-B/16,571,0.8619424104690552,"[571, 480, 877, 756, 739]"
01818_color_inversion_high.png,571,701,color_inversion,high,ViT-B/16,571,0.35610225796699524,"[571, 701, 800, 480, 482]"
01819_color_inversion_low.png,571,701,color_inversion,low,ViT-B/16,701,0.6862829327583313,"[701, 3, 480, 571, 2]"
01820_adain_high.png,571,482,adain,high,ViT-B/16,571,0.6927530765533447,"[571, 555, 705, 874, 829]"
01821_adain_low.png,571,482,adain,low,ViT-B/16,571,0.6171194911003113,"[571, 555, 874, 864, 554]"
01822_occlusion_high.png,571,-1,occlusion,high,ViT-B/16,571,0.44406527280807495,"[571, 555, 867, 886, 874]"
01823_occlusion_low.png,571,-1,occlusion,low,ViT-B/16,571,0.8318834900856018,"[571, 874, 864, 554, 705]"
01824_superimposition_high.png,571,482,superimposition,high,ViT-B/16,571,0.49340713024139404,"[571, 874, 859, 827, 864]"
01825_superimposition_low.png,571,482,superimposition,low,ViT-B/16,571,0.1052287220954895,"[571, 482, 848, 527, 747]"
01826_texture_shape_high.png,571,482,texture_shape,high,ViT-B/16,571,0.5277339816093445,"[571, 874, 705, 554, 555]"
01827_texture_shape_low.png,571,482,texture_shape,low,ViT-B/16,492,0.26351577043533325,"[492, 554, 771, 555, 637]"
01828_edge_conflict_high.png,571,482,edge_conflict,high,ViT-B/16,875,0.1772325038909912,"[875, 401, 513, 921, 776]"
01829_edge_conflict_low.png,571,482,edge_conflict,low,ViT-B/16,482,0.14417776465415955,"[482, 815, 766, 848, 811]"
01830_patch_shuffle_high.png,571,482,patch_shuffle,high,ViT-B/16,571,0.3159652054309845,"[571, 555, 864, 867, 554]"
01831_patch_shuffle_low.png,571,482,patch_shuffle,low,ViT-B/16,571,0.36311277747154236,"[571, 886, 747, 554, 829]"
01816_patch_shuffle_high.png,571,701,patch_shuffle,high,DeiT,571,0.8591376543045044,"[571, 480, 707, 877, 778]"
01817_patch_shuffle_low.png,571,701,patch_shuffle,low,DeiT,571,0.8482267260551453,"[571, 480, 778, 877, 897]"
01818_color_inversion_high.png,571,701,color_inversion,high,DeiT,701,0.5060989260673523,"[701, 571, 480, 688, 707]"
01819_color_inversion_low.png,571,701,color_inversion,low,DeiT,701,0.520412802696228,"[701, 571, 480, 707, 688]"
01820_adain_high.png,571,482,adain,high,DeiT,571,0.6669996380805969,"[571, 555, 886, 760, 829]"
01821_adain_low.png,571,482,adain,low,DeiT,571,0.658882200717926,"[571, 555, 886, 707, 867]"
01822_occlusion_high.png,571,-1,occlusion,high,DeiT,571,0.8360698223114014,"[571, 886, 555, 707, 760]"
01823_occlusion_low.png,571,-1,occlusion,low,DeiT,571,0.633040726184845,"[571, 886, 707, 555, 760]"
01824_superimposition_high.png,571,482,superimposition,high,DeiT,571,0.4091385304927826,"[571, 707, 555, 859, 848]"
01825_superimposition_low.png,571,482,superimposition,low,DeiT,485,0.23873403668403625,"[485, 848, 482, 754, 571]"
01826_texture_shape_high.png,571,482,texture_shape,high,DeiT,571,0.41033896803855896,"[571, 881, 707, 886, 555]"
01827_texture_shape_low.png,571,482,texture_shape,low,DeiT,493,0.12158921360969543,"[493, 881, 492, 565, 495]"
01828_edge_conflict_high.png,571,482,edge_conflict,high,DeiT,786,0.15669751167297363,"[786, 848, 482, 875, 481]"
01829_edge_conflict_low.png,571,482,edge_conflict,low,DeiT,482,0.30661076307296753,"[482, 848, 485, 754, 487]"
01830_patch_shuffle_high.png,571,482,patch_shuffle,high,DeiT,555,0.3642130494117737,"[555, 571, 886, 705, 867]"
01831_patch_shuffle_low.png,571,482,patch_shuffle,low,DeiT,571,0.7665905952453613,"[571, 555, 886, 554, 707]"
01816_patch_shuffle_high.png,571,701,patch_shuffle,high,CLIP,571,0.9589592218399048,"[571, 886, 480, 704, 412]"
01817_patch_shuffle_low.png,571,701,patch_shuffle,low,CLIP,571,0.4675028920173645,"[571, 886, 480, 707, 782]"
01818_color_inversion_high.png,571,701,color_inversion,high,CLIP,886,0.36653390526771545,"[886, 571, 704, 707, 692]"
01819_color_inversion_low.png,571,701,color_inversion,low,CLIP,2,0.39882221817970276,"[2, 149, 801, 3, 724]"
01820_adain_high.png,571,482,adain,high,CLIP,571,0.9731014966964722,"[571, 704, 707, 555, 886]"
01821_adain_low.png,571,482,adain,low,CLIP,571,0.8312645554542542,"[571, 704, 707, 555, 637]"
01822_occlusion_high.png,571,-1,occlusion,high,CLIP,555,0.36427488923072815,"[555, 704, 571, 707, 637]"
01823_occlusion_low.png,571,-1,occlusion,low,CLIP,571,0.6407966613769531,"[571, 704, 707, 637, 480]"
01824_superimposition_high.png,571,482,superimposition,high,CLIP,571,0.7780641317367554,"[571, 704, 886, 707, 480]"
01825_superimposition_low.png,571,482,superimposition,low,CLIP,468,0.17104926705360413,"[468, 705, 475, 779, 886]"
01826_texture_shape_high.png,571,482,texture_shape,high,CLIP,571,0.8342596888542175,"[571, 707, 704, 480, 886]"
01827_texture_shape_low.png,571,482,texture_shape,low,CLIP,782,0.5832130908966064,"[782, 851, 664, 800, 577]"
01828_edge_conflict_high.png,571,482,edge_conflict,high,CLIP,782,0.4006618857383728,"[782, 646, 884, 553, 664]"
01829_edge_conflict_low.png,571,482,edge_conflict,low,CLIP,782,0.21130509674549103,"[782, 468, 664, 685, 705]"
01830_patch_shuffle_high.png,571,482,patch_shuffle,high,CLIP,637,0.1827302873134613,"[637, 555, 571, 877, 704]"
01831_patch_shuffle_low.png,571,482,patch_shuffle,low,CLIP,637,0.6519508957862854,"[637, 695, 507, 877, 704]"
01832_color_inversion_high.png,571,482,color_inversion,high,ResNet50,571,0.25846824049949646,"[571, 812, 418, 626, 477]"
01833_color_inversion_low.png,571,482,color_inversion,low,ResNet50,477,0.1129564419388771,"[477, 848, 784, 565, 626]"
01834_adain_high.png,571,482,adain,high,ResNet50,660,0.6115686297416687,"[660, 571, 733, 975, 874]"
01835_adain_low.png,571,482,adain,low,ResNet50,660,0.6065523624420166,"[660, 571, 733, 975, 874]"
01836_occlusion_high.png,571,-1,occlusion,high,ResNet50,498,0.15988783538341522,"[498, 829, 660, 874, 557]"
01837_occlusion_low.png,571,-1,occlusion,low,ResNet50,660,0.3208848536014557,"[660, 571, 733, 448, 874]"
01838_superimposition_high.png,571,482,superimposition,high,ResNet50,449,0.45640385150909424,"[449, 975, 843, 807, 698]"
01839_superimposition_low.png,571,482,superimposition,low,ResNet50,481,0.5596910715103149,"[481, 848, 482, 674, 860]"
01840_texture_shape_high.png,571,482,texture_shape,high,ResNet50,975,0.19633598625659943,"[975, 660, 843, 449, 733]"
01841_texture_shape_low.png,571,482,texture_shape,low,ResNet50,975,0.19252996146678925,"[975, 449, 829, 904, 743]"
01842_edge_conflict_high.png,571,482,edge_conflict,high,ResNet50,815,0.1158246174454689,"[815, 449, 476, 791, 409]"
01843_edge_conflict_low.png,571,482,edge_conflict,low,ResNet50,674,0.16647763550281525,"[674, 534, 545, 729, 481]"
01844_patch_shuffle_high.png,571,482,patch_shuffle,high,ResNet50,675,0.15597598254680634,"[675, 660, 449, 571, 807]"
01845_patch_shuffle_low.png,571,482,patch_shuffle,low,ResNet50,660,0.3758849501609802,"[660, 675, 571, 757, 555]"
01846_color_inversion_high.png,571,482,color_inversion,high,ResNet50,449,0.3868039548397064,"[449, 484, 871, 807, 814]"
01847_color_inversion_low.png,571,482,color_inversion,low,ResNet50,481,0.11461455374956131,"[481, 848, 860, 807, 545]"
01832_color_inversion_high.png,571,482,color_inversion,high,ResNet101,707,0.14716027677059174,"[707, 571, 882, 886, 897]"
01833_color_inversion_low.png,571,482,color_inversion,low,ResNet101,477,0.09475591778755188,"[477, 432, 547, 757, 874]"
01834_adain_high.png,571,482,adain,high,ResNet101,571,0.583518385887146,"[571, 660, 612, 707, 675]"
01835_adain_low.png,571,482,adain,low,ResNet101,571,0.641316294670105,"[571, 660, 612, 707, 675]"
01836_occlusion_high.png,571,-1,occlusion,high,ResNet101,548,0.1771474927663803,"[548, 624, 598, 632, 497]"
01837_occlusion_low.png,571,-1,occlusion,low,ResNet101,571,0.23429745435714722,"[571, 660, 807, 624, 707]"
01838_superimposition_high.png,571,482,superimposition,high,ResNet101,634,0.10982479900121689,"[634, 975, 660, 517, 698]"
01839_superimposition_low.png,571,482,superimposition,low,ResNet101,674,0.10786548256874084,"[674, 534, 482, 481, 729]"
01840_texture_shape_high.png,571,482,texture_shape,high,ResNet101,660,0.31781792640686035,"[660, 449, 634, 624, 975]"
01841_texture_shape_low.png,571,482,texture_shape,low,ResNet101,975,0.2287464439868927,"[975, 904, 698, 476, 517]"
01842_edge_conflict_high.png,571,482,edge_conflict,high,ResNet101,438,0.2184523344039917,"[438, 540, 517, 776, 819]"
01843_edge_conflict_low.png,571,482,edge_conflict,low,ResNet101,534,0.845295786857605,"[534, 729, 674, 556, 791]"
01844_patch_shuffle_high.png,571,482,patch_shuffle,high,ResNet101,675,0.15449495613574982,"[675, 612, 660, 603, 706]"
01845_patch_shuffle_low.png,571,482,patch_shuffle,low,ResNet101,660,0.41705256700515747,"[660, 624, 860, 706, 454]"
01846_color_inversion_high.png,571,482,color_inversion,high,ResNet101,449,0.39589664340019226,"[449, 871, 484, 975, 517]"
01847_color_inversion_low.png,571,482,color_inversion,low,ResNet101,860,0.12827207148075104,"[860, 526, 706, 517, 848]"
01832_color_inversion_high.png,571,482,color_inversion,high,ConvNeXt,707,0.12398698180913925,"[707, 482, 571, 848, 507]"
01833_color_inversion_low.png,571,482,color_inversion,low,ConvNeXt,827,0.07337652146816254,"[827, 771, 848, 507, 482]"
01834_adain_high.png,571,482,adain,high,ConvNeXt,571,0.4537237882614136,"[571, 660, 872, 912, 675]"
01835_adain_low.png,571,482,adain,low,ConvNeXt,571,0.49312248826026917,"[571, 660, 872, 912, 675]"
01836_occlusion_high.png,571,-1,occlusion,high,ConvNeXt,660,0.5090506076812744,"[660, 571, 807, 872, 612]"
01837_occlusion_low.png,571,-1,occlusion,low,ConvNeXt,660,0.38107404112815857,"[660, 571, 675, 872, 912]"
01838_superimposition_high.png,571,482,superimposition,high,ConvNeXt,660,0.1555340737104416,"[660, 571, 577, 449, 583]"
01839_superimposition_low.png,571,482,superimposition,low,ConvNeXt,482,0.3752296566963196,"[482, 848, 481, 485, 754]"
01840_texture_shape_high.png,571,482,texture_shape,high,ConvNeXt,660,0.3020075261592865,"[660, 571, 583, 872, 577]"
01841_texture_shape_low.png,571,482,texture_shape,low,ConvNeXt,660,0.053797438740730286,"[660, 449, 517, 904, 471]"
01842_edge_conflict_high.png,571,482,edge_conflict,high,ConvNeXt,536,0.047936275601387024,"[536, 778, 517, 576, 449]"
01843_edge_conflict_low.png,571,482,edge_conflict,low,ConvNeXt,848,0.23066112399101257,"[848, 482, 481, 754, 556]"
01844_patch_shuffle_high.png,571,482,patch_shuffle,high,ConvNeXt,660,0.309355765581131,"[660, 571, 675, 872, 807]"
01845_patch_shuffle_low.png,571,482,patch_shuffle,low,ConvNeXt,571,0.46399548649787903,"[571, 660, 912, 675, 612]"
01846_color_inversion_high.png,571,482,color_inversion,high,ConvNeXt,449,0.12819236516952515,"[449, 660, 778, 803, 482]"
01847_color_inversion_low.png,571,482,color_inversion,low,ConvNeXt,482,0.273927241563797,"[482, 848, 481, 694, 632]"
01832_color_inversion_high.png,571,482,color_inversion,high,ViT-B/16,482,0.4794877767562866,"[482, 848, 481, 704, 886]"
01833_color_inversion_low.png,571,482,color_inversion,low,ViT-B/16,482,0.3355215787887573,"[482, 848, 811, 550, 754]"
01834_adain_high.png,571,482,adain,high,ViT-B/16,571,0.7304524779319763,"[571, 660, 449, 706, 621]"
01835_adain_low.png,571,482,adain,low,ViT-B/16,571,0.7324550747871399,"[571, 660, 449, 706, 675]"
01836_occlusion_high.png,571,-1,occlusion,high,ViT-B/16,571,0.8685458898544312,"[571, 660, 904, 449, 706]"
01837_occlusion_low.png,571,-1,occlusion,low,ViT-B/16,571,0.5675583481788635,"[571, 660, 621, 706, 449]"
01838_superimposition_high.png,571,482,superimposition,high,ViT-B/16,571,0.41487187147140503,"[571, 660, 448, 449, 694]"
01839_superimposition_low.png,571,482,superimposition,low,ViT-B/16,848,0.4971480071544647,"[848, 482, 481, 449, 694]"
01840_texture_shape_high.png,571,482,texture_shape,high,ViT-B/16,571,0.43300631642341614,"[571, 660, 449, 706, 904]"
01841_texture_shape_low.png,571,482,texture_shape,low,ViT-B/16,660,0.3458331525325775,"[660, 517, 449, 634, 856]"
01842_edge_conflict_high.png,571,482,edge_conflict,high,ViT-B/16,449,0.04898062348365784,"[449, 580, 829, 706, 698]"
01843_edge_conflict_low.png,571,482,edge_conflict,low,ViT-B/16,848,0.24306869506835938,"[848, 482, 526, 754, 527]"
01844_patch_shuffle_high.png,571,482,patch_shuffle,high,ViT-B/16,449,0.3991788625717163,"[449, 660, 694, 571, 421]"
01845_patch_shuffle_low.png,571,482,patch_shuffle,low,ViT-B/16,571,0.7792810201644897,"[571, 864, 675, 660, 448]"
01846_color_inversion_high.png,571,482,color_inversion,high,ViT-B/16,449,0.5774478316307068,"[449, 660, 861, 975, 876]"
01847_color_inversion_low.png,571,482,color_inversion,low,ViT-B/16,848,0.15525618195533752,"[848, 526, 628, 484, 482]"
01832_color_inversion_high.png,571,482,color_inversion,high,DeiT,571,0.4106283485889435,"[571, 482, 848, 487, 827]"
01833_color_inversion_low.png,571,482,color_inversion,low,DeiT,482,0.30237406492233276,"[482, 848, 485, 571, 487]"
01834_adain_high.png,571,482,adain,high,DeiT,571,0.6792349815368652,"[571, 660, 449, 675, 807]"
01835_adain_low.png,571,482,adain,low,DeiT,571,0.7084509134292603,"[571, 660, 449, 872, 675]"
01836_occlusion_high.png,571,-1,occlusion,high,DeiT,660,0.6298750638961792,"[660, 571, 733, 449, 421]"
01837_occlusion_low.png,571,-1,occlusion,low,DeiT,571,0.5836151242256165,"[571, 660, 449, 872, 675]"
01838_superimposition_high.png,571,482,superimposition,high,DeiT,660,0.3842422664165497,"[660, 449, 571, 675, 707]"
01839_superimposition_low.png,571,482,superimposition,low,DeiT,482,0.25908052921295166,"[482, 848, 485, 408, 449]"
01840_texture_shape_high.png,571,482,texture_shape,high,DeiT,571,0.6102653741836548,"[571, 660, 449, 706, 675]"
01841_texture_shape_low.png,571,482,texture_shape,low,DeiT,904,0.37373241782188416,"[904, 660, 449, 706, 517]"
01842_edge_conflict_high.png,571,482,edge_conflict,high,DeiT,576,0.11668376624584198,"[576, 482, 485, 848, 449]"
01843_edge_conflict_low.png,571,482,edge_conflict,low,DeiT,482,0.3770604431629181,"[482, 848, 485, 755, 754]"
01844_patch_shuffle_high.png,571,482,patch_shuffle,high,DeiT,660,0.26486629247665405,"[660, 437, 449, 706, 571]"
01845_patch_shuffle_low.png,571,482,patch_shuffle,low,DeiT,571,0.6701935529708862,"[571, 660, 807, 583, 675]"
01846_color_inversion_high.png,571,482,color_inversion,high,DeiT,660,0.5910654067993164,"[660, 449, 897, 778, 861]"
01847_color_inversion_low.png,571,482,color_inversion,low,DeiT,482,0.16138440370559692,"[482, 848, 485, 408, 449]"
01832_color_inversion_high.png,571,482,color_inversion,high,CLIP,886,0.4876791536808014,"[886, 786, 707, 804, 480]"
01833_color_inversion_low.png,571,482,color_inversion,low,CLIP,886,0.6038045287132263,"[886, 480, 829, 707, 786]"
01834_adain_high.png,571,482,adain,high,CLIP,571,0.8649541139602661,"[571, 773, 865, 424, 442]"
01835_adain_low.png,571,482,adain,low,CLIP,571,0.918093740940094,"[571, 773, 865, 442, 424]"
01836_occlusion_high.png,571,-1,occlusion,high,CLIP,660,0.10008879005908966,"[660, 762, 424, 442, 863]"
01837_occlusion_low.png,571,-1,occlusion,low,CLIP,571,0.7264754772186279,"[571, 707, 773, 424, 870]"
01838_superimposition_high.png,571,482,superimposition,high,CLIP,571,0.847579836845398,"[571, 224, 424, 829, 865]"
01839_superimposition_low.png,571,482,superimposition,low,CLIP,848,0.5816113948822021,"[848, 754, 482, 481, 485]"
01840_texture_shape_high.png,571,482,texture_shape,high,CLIP,571,0.856469988822937,"[571, 773, 442, 68, 993]"
01841_texture_shape_low.png,571,482,texture_shape,low,CLIP,603,0.42991432547569275,"[603, 634, 856, 428, 730]"
01842_edge_conflict_high.png,571,482,edge_conflict,high,CLIP,829,0.7154912948608398,"[829, 705, 627, 468, 820]"
01843_edge_conflict_low.png,571,482,edge_conflict,low,CLIP,848,0.48759517073631287,"[848, 754, 482, 485, 481]"
01844_patch_shuffle_high.png,571,482,patch_shuffle,high,CLIP,442,0.6203928589820862,"[442, 424, 255, 870, 689]"
01845_patch_shuffle_low.png,571,482,patch_shuffle,low,CLIP,571,0.45197656750679016,"[571, 707, 856, 442, 412]"
01846_color_inversion_high.png,571,482,color_inversion,high,CLIP,449,0.15109850466251373,"[449, 468, 829, 476, 562]"
01847_color_inversion_low.png,571,482,color_inversion,low,CLIP,848,0.23523949086666107,"[848, 865, 754, 509, 485]"
01848_adain_high.png,574,482,adain,high,ResNet50,574,0.999474823474884,"[574, 792, 618, 462, 840]"
01849_adain_low.png,574,482,adain,low,ResNet50,574,0.9999263286590576,"[574, 618, 522, 792, 852]"
01850_occlusion_high.png,574,-1,occlusion,high,ResNet50,574,0.9981096982955933,"[574, 646, 805, 522, 918]"
01851_occlusion_low.png,574,-1,occlusion,low,ResNet50,574,0.9997122883796692,"[574, 522, 621, 805, 792]"
01852_superimposition_high.png,574,482,superimposition,high,ResNet50,574,0.9887414574623108,"[574, 618, 792, 462, 539]"
01853_superimposition_low.png,574,482,superimposition,low,ResNet50,481,0.5431769490242004,"[481, 482, 848, 710, 632]"
01854_texture_shape_high.png,574,482,texture_shape,high,ResNet50,574,0.9987035989761353,"[574, 618, 792, 522, 63]"
01855_texture_shape_low.png,574,482,texture_shape,low,ResNet50,611,0.32601210474967957,"[611, 904, 696, 112, 693]"
01856_edge_conflict_high.png,574,482,edge_conflict,high,ResNet50,844,0.17569316923618317,"[844, 508, 528, 878, 581]"
01857_edge_conflict_low.png,574,482,edge_conflict,low,ResNet50,481,0.820737898349762,"[481, 482, 593, 848, 902]"
01858_patch_shuffle_high.png,574,482,patch_shuffle,high,ResNet50,574,0.9948051571846008,"[574, 522, 621, 805, 559]"
01859_patch_shuffle_low.png,574,482,patch_shuffle,low,ResNet50,574,0.9573073983192444,"[574, 792, 621, 813, 618]"
01860_color_inversion_high.png,574,482,color_inversion,high,ResNet50,710,0.7437959909439087,"[710, 462, 674, 481, 848]"
01861_color_inversion_low.png,574,482,color_inversion,low,ResNet50,481,0.8901994228363037,"[481, 710, 482, 848, 674]"
01862_adain_high.png,574,497,adain,high,ResNet50,574,0.9636960625648499,"[574, 852, 999, 700, 722]"
01863_adain_low.png,574,497,adain,low,ResNet50,574,0.9617382287979126,"[574, 852, 700, 999, 429]"
01848_adain_high.png,574,482,adain,high,ResNet101,574,0.999991774559021,"[574, 522, 722, 752, 852]"
01849_adain_low.png,574,482,adain,low,ResNet101,574,0.999994158744812,"[574, 522, 722, 852, 752]"
01850_occlusion_high.png,574,-1,occlusion,high,ResNet101,574,0.887988805770874,"[574, 530, 918, 805, 531]"
01851_occlusion_low.png,574,-1,occlusion,low,ResNet101,574,0.9963917136192322,"[574, 813, 807, 805, 618]"
01852_superimposition_high.png,574,482,superimposition,high,ResNet101,574,0.9653642773628235,"[574, 792, 522, 696, 462]"
01853_superimposition_low.png,574,482,superimposition,low,ResNet101,482,0.3615759015083313,"[482, 848, 632, 481, 754]"
01854_texture_shape_high.png,574,482,texture_shape,high,ResNet101,574,0.9996241331100464,"[574, 522, 807, 429, 752]"
01855_texture_shape_low.png,574,482,texture_shape,low,ResNet101,904,0.9073021411895752,"[904, 134, 905, 611, 132]"
01856_edge_conflict_high.png,574,482,edge_conflict,high,ResNet101,844,0.553354024887085,"[844, 562, 481, 438, 695]"
01857_edge_conflict_low.png,574,482,edge_conflict,low,ResNet101,481,0.45742782950401306,"[481, 710, 632, 848, 482]"
01858_patch_shuffle_high.png,574,482,patch_shuffle,high,ResNet101,574,0.9498752951622009,"[574, 792, 522, 723, 772]"
01859_patch_shuffle_low.png,574,482,patch_shuffle,low,ResNet101,574,0.9999675750732422,"[574, 522, 792, 621, 723]"
01860_color_inversion_high.png,574,482,color_inversion,high,ResNet101,792,0.5662447214126587,"[792, 462, 618, 749, 696]"
01861_color_inversion_low.png,574,482,color_inversion,low,ResNet101,481,0.494937926530838,"[481, 482, 448, 848, 710]"
01862_adain_high.png,574,497,adain,high,ResNet101,574,0.5812042355537415,"[574, 722, 773, 736, 767]"
01863_adain_low.png,574,497,adain,low,ResNet101,574,0.9244591593742371,"[574, 722, 736, 852, 773]"
01848_adain_high.png,574,482,adain,high,ConvNeXt,574,0.7227568626403809,"[574, 618, 792, 882, 813]"
01849_adain_low.png,574,482,adain,low,ConvNeXt,574,0.7121925354003906,"[574, 618, 758, 882, 813]"
01850_occlusion_high.png,574,-1,occlusion,high,ConvNeXt,574,0.5880111455917358,"[574, 882, 618, 758, 621]"
01851_occlusion_low.png,574,-1,occlusion,low,ConvNeXt,574,0.742477297782898,"[574, 618, 882, 758, 813]"
01852_superimposition_high.png,574,482,superimposition,high,ConvNeXt,574,0.2748400568962097,"[574, 851, 548, 598, 651]"
01853_superimposition_low.png,574,482,superimposition,low,ConvNeXt,574,0.20166699588298798,"[574, 482, 848, 632, 754]"
01854_texture_shape_high.png,574,482,texture_shape,high,ConvNeXt,574,0.48297280073165894,"[574, 618, 522, 523, 860]"
01855_texture_shape_low.png,574,482,texture_shape,low,ConvNeXt,574,0.17115846276283264,"[574, 618, 522, 752, 904]"
01856_edge_conflict_high.png,574,482,edge_conflict,high,ConvNeXt,632,0.051609139889478683,"[632, 732, 530, 482, 402]"
01857_edge_conflict_low.png,574,482,edge_conflict,low,ConvNeXt,482,0.12389534711837769,"[482, 848, 732, 530, 409]"
01858_patch_shuffle_high.png,574,482,patch_shuffle,high,ConvNeXt,574,0.6144235730171204,"[574, 758, 559, 522, 596]"
01859_patch_shuffle_low.png,574,482,patch_shuffle,low,ConvNeXt,574,0.6012049317359924,"[574, 618, 835, 813, 792]"
01860_color_inversion_high.png,574,482,color_inversion,high,ConvNeXt,574,0.3485829830169678,"[574, 754, 848, 811, 482]"
01861_color_inversion_low.png,574,482,color_inversion,low,ConvNeXt,482,0.1846468448638916,"[482, 848, 481, 632, 754]"
01862_adain_high.png,574,497,adain,high,ConvNeXt,574,0.6676806807518005,"[574, 736, 852, 722, 855]"
01863_adain_low.png,574,497,adain,low,ConvNeXt,574,0.6660196185112,"[574, 736, 855, 722, 852]"
01848_adain_high.png,574,482,adain,high,ViT-B/16,574,0.9020262956619263,"[574, 618, 813, 792, 828]"
01849_adain_low.png,574,482,adain,low,ViT-B/16,574,0.9047259092330933,"[574, 618, 813, 792, 522]"
01850_occlusion_high.png,574,-1,occlusion,high,ViT-B/16,574,0.8538212776184082,"[574, 813, 618, 559, 703]"
01851_occlusion_low.png,574,-1,occlusion,low,ViT-B/16,574,0.8722841739654541,"[574, 813, 618, 792, 828]"
01852_superimposition_high.png,574,482,superimposition,high,ViT-B/16,574,0.7525884509086609,"[574, 745, 651, 754, 766]"
01853_superimposition_low.png,574,482,superimposition,low,ViT-B/16,482,0.17410694062709808,"[482, 848, 574, 745, 851]"
01854_texture_shape_high.png,574,482,texture_shape,high,ViT-B/16,574,0.8005420565605164,"[574, 618, 454, 813, 493]"
01855_texture_shape_low.png,574,482,texture_shape,low,ViT-B/16,618,0.36974605917930603,"[618, 792, 910, 574, 904]"
01856_edge_conflict_high.png,574,482,edge_conflict,high,ViT-B/16,559,0.12006799131631851,"[559, 851, 792, 754, 791]"
01857_edge_conflict_low.png,574,482,edge_conflict,low,ViT-B/16,482,0.3162181079387665,"[482, 848, 530, 745, 732]"
01858_patch_shuffle_high.png,574,482,patch_shuffle,high,ViT-B/16,574,0.7556472420692444,"[574, 792, 559, 882, 813]"
01859_patch_shuffle_low.png,574,482,patch_shuffle,low,ViT-B/16,574,0.8293915390968323,"[574, 618, 813, 835, 640]"
01860_color_inversion_high.png,574,482,color_inversion,high,ViT-B/16,792,0.3524671494960785,"[792, 618, 813, 574, 754]"
01861_color_inversion_low.png,574,482,color_inversion,low,ViT-B/16,482,0.25786200165748596,"[482, 792, 481, 848, 745]"
01862_adain_high.png,574,497,adain,high,ViT-B/16,574,0.6516854763031006,"[574, 736, 852, 855, 522]"
01863_adain_low.png,574,497,adain,low,ViT-B/16,574,0.751972496509552,"[574, 736, 852, 522, 855]"
01848_adain_high.png,574,482,adain,high,DeiT,574,0.8768132925033569,"[574, 618, 813, 792, 462]"
01849_adain_low.png,574,482,adain,low,DeiT,574,0.8609413504600525,"[574, 618, 813, 462, 722]"
01850_occlusion_high.png,574,-1,occlusion,high,DeiT,574,0.8582723736763,"[574, 918, 522, 922, 722]"
01851_occlusion_low.png,574,-1,occlusion,low,DeiT,574,0.877035915851593,"[574, 813, 618, 918, 522]"
01852_superimposition_high.png,574,482,superimposition,high,DeiT,574,0.6939849257469177,"[574, 848, 754, 651, 482]"
01853_superimposition_low.png,574,482,superimposition,low,DeiT,574,0.32830172777175903,"[574, 745, 482, 481, 848]"
01854_texture_shape_high.png,574,482,texture_shape,high,DeiT,574,0.7602460980415344,"[574, 813, 792, 454, 618]"
01855_texture_shape_low.png,574,482,texture_shape,low,DeiT,574,0.29488709568977356,"[574, 792, 618, 910, 722]"
01856_edge_conflict_high.png,574,482,edge_conflict,high,DeiT,828,0.1312953382730484,"[828, 605, 481, 618, 813]"
01857_edge_conflict_low.png,574,482,edge_conflict,low,DeiT,482,0.09227559715509415,"[482, 745, 771, 848, 632]"
01858_patch_shuffle_high.png,574,482,patch_shuffle,high,DeiT,574,0.8480976223945618,"[574, 906, 559, 596, 792]"
01859_patch_shuffle_low.png,574,482,patch_shuffle,low,DeiT,574,0.8841020464897156,"[574, 813, 618, 792, 522]"
01860_color_inversion_high.png,574,482,color_inversion,high,DeiT,574,0.7086115479469299,"[574, 732, 848, 754, 482]"
01861_color_inversion_low.png,574,482,color_inversion,low,DeiT,574,0.4582774341106415,"[574, 732, 481, 482, 848]"
01862_adain_high.png,574,497,adain,high,DeiT,574,0.8240410685539246,"[574, 736, 855, 522, 773]"
01863_adain_low.png,574,497,adain,low,DeiT,574,0.8152769804000854,"[574, 736, 855, 522, 773]"
01848_adain_high.png,574,482,adain,high,CLIP,574,0.9000858068466187,"[574, 714, 618, 731, 792]"
01849_adain_low.png,574,482,adain,low,CLIP,574,0.9338805079460144,"[574, 714, 618, 522, 731]"
01850_occlusion_high.png,574,-1,occlusion,high,CLIP,574,0.9761272072792053,"[574, 714, 522, 918, 68]"
01851_occlusion_low.png,574,-1,occlusion,low,CLIP,574,0.9586337208747864,"[574, 714, 731, 522, 618]"
01852_superimposition_high.png,574,482,superimposition,high,CLIP,574,0.9929660558700562,"[574, 714, 522, 606, 843]"
01853_superimposition_low.png,574,482,superimposition,low,CLIP,605,0.3965599238872528,"[605, 482, 481, 782, 759]"
01854_texture_shape_high.png,574,482,texture_shape,high,CLIP,574,0.9286483526229858,"[574, 714, 618, 731, 752]"
01855_texture_shape_low.png,574,482,texture_shape,low,CLIP,618,0.8223920464515686,"[618, 714, 752, 574, 910]"
01856_edge_conflict_high.png,574,482,edge_conflict,high,CLIP,851,0.6000421643257141,"[851, 782, 759, 651, 664]"
01857_edge_conflict_low.png,574,482,edge_conflict,low,CLIP,481,0.75994473695755,"[481, 482, 848, 754, 851]"
01858_patch_shuffle_high.png,574,482,patch_shuffle,high,CLIP,574,0.9349928498268127,"[574, 714, 68, 843, 881]"
01859_patch_shuffle_low.png,574,482,patch_shuffle,low,CLIP,574,0.984673261642456,"[574, 714, 522, 843, 606]"
01860_color_inversion_high.png,574,482,color_inversion,high,CLIP,618,0.6099144816398621,"[618, 851, 813, 752, 567]"
01861_color_inversion_low.png,574,482,color_inversion,low,CLIP,481,0.540646493434906,"[481, 482, 759, 848, 754]"
01862_adain_high.png,574,497,adain,high,CLIP,722,0.5838685631752014,"[722, 574, 736, 714, 995]"
01863_adain_low.png,574,497,adain,low,CLIP,574,0.8170251250267029,"[574, 722, 736, 714, 522]"
01864_occlusion_high.png,574,-1,occlusion,high,ResNet50,530,0.35697686672210693,"[530, 531, 902, 409, 419]"
01865_occlusion_low.png,574,-1,occlusion,low,ResNet50,902,0.27484652400016785,"[902, 574, 494, 437, 812]"
01866_superimposition_high.png,574,497,superimposition,high,ResNet50,668,0.7835444211959839,"[668, 663, 497, 884, 442]"
01867_superimposition_low.png,574,497,superimposition,low,ResNet50,497,0.7288950681686401,"[497, 442, 663, 832, 406]"
01868_texture_shape_high.png,574,497,texture_shape,high,ResNet50,855,0.11295215785503387,"[855, 666, 117, 502, 494]"
01869_texture_shape_low.png,574,497,texture_shape,low,ResNet50,112,0.3985820412635803,"[112, 727, 417, 117, 113]"
01870_edge_conflict_high.png,574,497,edge_conflict,high,ResNet50,497,0.41452762484550476,"[497, 437, 663, 562, 668]"
01871_edge_conflict_low.png,574,497,edge_conflict,low,ResNet50,497,0.7222181558609009,"[497, 442, 663, 437, 832]"
01872_patch_shuffle_high.png,574,497,patch_shuffle,high,ResNet50,574,0.4638599753379822,"[574, 902, 999, 852, 700]"
01873_patch_shuffle_low.png,574,497,patch_shuffle,low,ResNet50,530,0.14902859926223755,"[530, 409, 902, 419, 646]"
01874_color_inversion_high.png,574,497,color_inversion,high,ResNet50,668,0.523186981678009,"[668, 437, 749, 497, 663]"
01875_color_inversion_low.png,574,497,color_inversion,low,ResNet50,497,0.7854094505310059,"[497, 442, 663, 668, 437]"
01876_adain_high.png,574,497,adain,high,ResNet50,574,0.9811534881591797,"[574, 677, 429, 947, 995]"
01877_adain_low.png,574,497,adain,low,ResNet50,574,0.9864066243171692,"[574, 995, 429, 947, 994]"
01878_occlusion_high.png,574,-1,occlusion,high,ResNet50,716,0.21177244186401367,"[716, 494, 637, 920, 902]"
01879_occlusion_low.png,574,-1,occlusion,low,ResNet50,574,0.7902031540870667,"[574, 995, 677, 947, 494]"
01864_occlusion_high.png,574,-1,occlusion,high,ResNet101,530,0.8642034530639648,"[530, 531, 409, 720, 902]"
01865_occlusion_low.png,574,-1,occlusion,low,ResNet101,902,0.6597538590431213,"[902, 574, 812, 852, 657]"
01866_superimposition_high.png,574,497,superimposition,high,ResNet101,668,0.8545085787773132,"[668, 538, 663, 497, 442]"
01867_superimposition_low.png,574,497,superimposition,low,ResNet101,497,0.6573477387428284,"[497, 832, 663, 406, 442]"
01868_texture_shape_high.png,574,497,texture_shape,high,ResNet101,722,0.1351812183856964,"[722, 112, 113, 574, 726]"
01869_texture_shape_low.png,574,497,texture_shape,low,ResNet101,904,0.8454194664955139,"[904, 611, 741, 113, 112]"
01870_edge_conflict_high.png,574,497,edge_conflict,high,ResNet101,497,0.6523973941802979,"[497, 663, 562, 442, 437]"
01871_edge_conflict_low.png,574,497,edge_conflict,low,ResNet101,497,0.6841306090354919,"[497, 663, 442, 668, 832]"
01872_patch_shuffle_high.png,574,497,patch_shuffle,high,ResNet101,574,0.28037211298942566,"[574, 812, 148, 700, 388]"
01873_patch_shuffle_low.png,574,497,patch_shuffle,low,ResNet101,478,0.1123267188668251,"[478, 530, 719, 711, 631]"
01874_color_inversion_high.png,574,497,color_inversion,high,ResNet101,668,0.31630539894104004,"[668, 437, 442, 497, 663]"
01875_color_inversion_low.png,574,497,color_inversion,low,ResNet101,497,0.5589572191238403,"[497, 663, 442, 668, 483]"
01876_adain_high.png,574,497,adain,high,ResNet101,574,0.9987496137619019,"[574, 947, 522, 429, 994]"
01877_adain_low.png,574,497,adain,low,ResNet101,574,0.9994576573371887,"[574, 994, 947, 995, 429]"
01878_occlusion_high.png,574,-1,occlusion,high,ResNet101,574,0.28494274616241455,"[574, 711, 637, 995, 497]"
01879_occlusion_low.png,574,-1,occlusion,low,ResNet101,574,0.9937612414360046,"[574, 995, 530, 912, 81]"
01864_occlusion_high.png,574,-1,occlusion,high,ConvNeXt,574,0.8326706290245056,"[574, 736, 855, 361, 149]"
01865_occlusion_low.png,574,-1,occlusion,low,ConvNeXt,574,0.7080571055412292,"[574, 736, 855, 522, 852]"
01866_superimposition_high.png,574,497,superimposition,high,ConvNeXt,361,0.20834843814373016,"[361, 574, 442, 663, 497]"
01867_superimposition_low.png,574,497,superimposition,low,ConvNeXt,497,0.26334348320961,"[497, 663, 442, 146, 149]"
01868_texture_shape_high.png,574,497,texture_shape,high,ConvNeXt,855,0.32801830768585205,"[855, 574, 911, 587, 783]"
01869_texture_shape_low.png,574,497,texture_shape,low,ConvNeXt,741,0.16107803583145142,"[741, 855, 942, 904, 911]"
01870_edge_conflict_high.png,574,497,edge_conflict,high,ConvNeXt,497,0.1183733344078064,"[497, 442, 562, 663, 538]"
01871_edge_conflict_low.png,574,497,edge_conflict,low,ConvNeXt,497,0.2908005118370056,"[497, 442, 663, 80, 562]"
01872_patch_shuffle_high.png,574,497,patch_shuffle,high,ConvNeXt,574,0.8411036729812622,"[574, 736, 149, 543, 361]"
01873_patch_shuffle_low.png,574,497,patch_shuffle,low,ConvNeXt,574,0.5410493612289429,"[574, 736, 149, 722, 885]"
01874_color_inversion_high.png,574,497,color_inversion,high,ConvNeXt,658,0.07400786876678467,"[658, 903, 824, 911, 497]"
01875_color_inversion_low.png,574,497,color_inversion,low,ConvNeXt,497,0.11810214072465897,"[497, 663, 152, 128, 99]"
01876_adain_high.png,574,497,adain,high,ConvNeXt,574,0.6307806372642517,"[574, 994, 995, 997, 947]"
01877_adain_low.png,574,497,adain,low,ConvNeXt,574,0.6287994384765625,"[574, 994, 995, 997, 947]"
01878_occlusion_high.png,574,-1,occlusion,high,ConvNeXt,574,0.5467291474342346,"[574, 995, 994, 997, 947]"
01879_occlusion_low.png,574,-1,occlusion,low,ConvNeXt,574,0.5427916049957275,"[574, 994, 995, 997, 947]"
01864_occlusion_high.png,574,-1,occlusion,high,ViT-B/16,574,0.7222211360931396,"[574, 736, 852, 855, 522]"
01865_occlusion_low.png,574,-1,occlusion,low,ViT-B/16,574,0.7627782225608826,"[574, 736, 852, 855, 522]"
01866_superimposition_high.png,574,497,superimposition,high,ViT-B/16,574,0.36115965247154236,"[574, 736, 442, 663, 668]"
01867_superimposition_low.png,574,497,superimposition,low,ViT-B/16,497,0.30972445011138916,"[497, 442, 574, 663, 722]"
01868_texture_shape_high.png,574,497,texture_shape,high,ViT-B/16,574,0.7378610372543335,"[574, 736, 767, 522, 746]"
01869_texture_shape_low.png,574,497,texture_shape,low,ViT-B/16,419,0.3646612763404846,"[419, 149, 885, 741, 591]"
01870_edge_conflict_high.png,574,497,edge_conflict,high,ViT-B/16,796,0.15195424854755402,"[796, 497, 663, 971, 442]"
01871_edge_conflict_low.png,574,497,edge_conflict,low,ViT-B/16,497,0.22095999121665955,"[497, 663, 574, 442, 971]"
01872_patch_shuffle_high.png,574,497,patch_shuffle,high,ViT-B/16,574,0.7441797852516174,"[574, 736, 600, 522, 902]"
01873_patch_shuffle_low.png,574,497,patch_shuffle,low,ViT-B/16,574,0.8254528641700745,"[574, 736, 852, 722, 522]"
01874_color_inversion_high.png,574,497,color_inversion,high,ViT-B/16,497,0.0874478816986084,"[497, 574, 442, 629, 746]"
01875_color_inversion_low.png,574,497,color_inversion,low,ViT-B/16,497,0.14131948351860046,"[497, 663, 442, 796, 749]"
01876_adain_high.png,574,497,adain,high,ViT-B/16,574,0.8729051351547241,"[574, 995, 852, 947, 994]"
01877_adain_low.png,574,497,adain,low,ViT-B/16,574,0.8749713897705078,"[574, 995, 852, 994, 947]"
01878_occlusion_high.png,574,-1,occlusion,high,ViT-B/16,574,0.6616994738578796,"[574, 995, 852, 429, 722]"
01879_occlusion_low.png,574,-1,occlusion,low,ViT-B/16,574,0.8417311906814575,"[574, 995, 852, 994, 947]"
01864_occlusion_high.png,574,-1,occlusion,high,DeiT,574,0.835774302482605,"[574, 736, 722, 852, 855]"
01865_occlusion_low.png,574,-1,occlusion,low,DeiT,574,0.751075029373169,"[574, 736, 522, 855, 852]"
01866_superimposition_high.png,574,497,superimposition,high,DeiT,574,0.5317131280899048,"[574, 736, 663, 497, 442]"
01867_superimposition_low.png,574,497,superimposition,low,DeiT,663,0.23458664119243622,"[663, 497, 442, 574, 722]"
01868_texture_shape_high.png,574,497,texture_shape,high,DeiT,574,0.7579999566078186,"[574, 855, 746, 736, 767]"
01869_texture_shape_low.png,574,497,texture_shape,low,DeiT,117,0.19791394472122192,"[117, 574, 746, 904, 804]"
01870_edge_conflict_high.png,574,497,edge_conflict,high,DeiT,958,0.35892453789711,"[958, 663, 497, 562, 538]"
01871_edge_conflict_low.png,574,497,edge_conflict,low,DeiT,971,0.4614907205104828,"[971, 497, 663, 442, 538]"
01872_patch_shuffle_high.png,574,497,patch_shuffle,high,DeiT,574,0.8365504741668701,"[574, 736, 522, 852, 644]"
01873_patch_shuffle_low.png,574,497,patch_shuffle,low,DeiT,574,0.8677353858947754,"[574, 736, 852, 508, 722]"
01874_color_inversion_high.png,574,497,color_inversion,high,DeiT,574,0.3652459979057312,"[574, 663, 497, 736, 442]"
01875_color_inversion_low.png,574,497,color_inversion,low,DeiT,663,0.43720725178718567,"[663, 497, 442, 629, 668]"
01876_adain_high.png,574,497,adain,high,DeiT,574,0.8693772554397583,"[574, 852, 722, 429, 947]"
01877_adain_low.png,574,497,adain,low,DeiT,574,0.8578445315361023,"[574, 852, 722, 429, 947]"
01878_occlusion_high.png,574,-1,occlusion,high,DeiT,574,0.8207712769508362,"[574, 852, 722, 429, 947]"
01879_occlusion_low.png,574,-1,occlusion,low,DeiT,574,0.843494176864624,"[574, 722, 852, 947, 429]"
01864_occlusion_high.png,574,-1,occlusion,high,CLIP,722,0.3050566017627716,"[722, 574, 810, 438, 633]"
01865_occlusion_low.png,574,-1,occlusion,low,CLIP,574,0.7905963659286499,"[574, 722, 736, 714, 522]"
01866_superimposition_high.png,574,497,superimposition,high,CLIP,538,0.9570221304893494,"[538, 727, 497, 832, 663]"
01867_superimposition_low.png,574,497,superimposition,low,CLIP,497,0.7363141775131226,"[497, 832, 663, 442, 538]"
01868_texture_shape_high.png,574,497,texture_shape,high,CLIP,433,0.5015168786048889,"[433, 452, 168, 796, 643]"
01869_texture_shape_low.png,574,497,texture_shape,low,CLIP,168,0.20003533363342285,"[168, 782, 643, 796, 971]"
01870_edge_conflict_high.png,574,497,edge_conflict,high,CLIP,497,0.8917441964149475,"[497, 562, 437, 974, 538]"
01871_edge_conflict_low.png,574,497,edge_conflict,low,CLIP,497,0.9505194425582886,"[497, 562, 645, 663, 442]"
01872_patch_shuffle_high.png,574,497,patch_shuffle,high,CLIP,574,0.2404230684041977,"[574, 810, 684, 60, 55]"
01873_patch_shuffle_low.png,574,497,patch_shuffle,low,CLIP,574,0.8450508117675781,"[574, 722, 522, 736, 714]"
01874_color_inversion_high.png,574,497,color_inversion,high,CLIP,497,0.7002659440040588,"[497, 538, 832, 668, 442]"
01875_color_inversion_low.png,574,497,color_inversion,low,CLIP,497,0.7429244518280029,"[497, 538, 832, 663, 442]"
01876_adain_high.png,574,497,adain,high,CLIP,574,0.8760908842086792,"[574, 522, 988, 992, 990]"
01877_adain_low.png,574,497,adain,low,CLIP,574,0.9405646920204163,"[574, 522, 992, 988, 722]"
01878_occlusion_high.png,574,-1,occlusion,high,CLIP,574,0.9838136434555054,"[574, 992, 714, 782, 981]"
01879_occlusion_low.png,574,-1,occlusion,low,CLIP,992,0.5227236151695251,"[992, 574, 995, 947, 988]"
01880_superimposition_high.png,574,497,superimposition,high,ResNet50,577,0.26223593950271606,"[577, 604, 583, 494, 574]"
01881_superimposition_low.png,574,497,superimposition,low,ResNet50,497,0.24883553385734558,"[497, 921, 442, 538, 437]"
01882_texture_shape_high.png,574,497,texture_shape,high,ResNet50,113,0.11084624379873276,"[113, 783, 677, 971, 134]"
01883_texture_shape_low.png,574,497,texture_shape,low,ResNet50,971,0.12296736240386963,"[971, 904, 427, 562, 417]"
01884_edge_conflict_high.png,574,497,edge_conflict,high,ResNet50,664,0.15488308668136597,"[664, 851, 904, 921, 782]"
01885_edge_conflict_low.png,574,497,edge_conflict,low,ResNet50,497,0.15117241442203522,"[497, 916, 442, 851, 425]"
01886_patch_shuffle_high.png,574,497,patch_shuffle,high,ResNet50,947,0.35563820600509644,"[947, 994, 574, 695, 596]"
01887_patch_shuffle_low.png,574,497,patch_shuffle,low,ResNet50,695,0.13183793425559998,"[695, 716, 912, 637, 704]"
01888_color_inversion_high.png,574,497,color_inversion,high,ResNet50,577,0.2442774623632431,"[577, 635, 787, 494, 921]"
01889_color_inversion_low.png,574,497,color_inversion,low,ResNet50,921,0.3363651633262634,"[921, 787, 626, 494, 549]"
01890_adain_high.png,574,497,adain,high,ResNet50,574,0.9999126195907593,"[574, 855, 722, 522, 429]"
01891_adain_low.png,574,497,adain,low,ResNet50,574,0.9998082518577576,"[574, 855, 722, 522, 429]"
01892_occlusion_high.png,574,-1,occlusion,high,ResNet50,574,0.9973933696746826,"[574, 599, 577, 956, 805]"
01893_occlusion_low.png,574,-1,occlusion,low,ResNet50,574,0.9998884201049805,"[574, 855, 722, 429, 522]"
01894_superimposition_high.png,574,497,superimposition,high,ResNet50,574,0.9983420372009277,"[574, 807, 538, 755, 668]"
01895_superimposition_low.png,574,497,superimposition,low,ResNet50,807,0.5633742809295654,"[807, 442, 497, 755, 538]"
01880_superimposition_high.png,574,497,superimposition,high,ResNet101,574,0.7509874105453491,"[574, 722, 807, 335, 727]"
01881_superimposition_low.png,574,497,superimposition,low,ResNet101,425,0.24579347670078278,"[425, 921, 449, 538, 497]"
01882_texture_shape_high.png,574,497,texture_shape,high,ResNet101,722,0.08814290165901184,"[722, 113, 994, 768, 677]"
01883_texture_shape_low.png,574,497,texture_shape,low,ResNet101,904,0.48329290747642517,"[904, 704, 971, 271, 427]"
01884_edge_conflict_high.png,574,497,edge_conflict,high,ResNet101,425,0.17790615558624268,"[425, 904, 921, 664, 556]"
01885_edge_conflict_low.png,574,497,edge_conflict,low,ResNet101,664,0.35053810477256775,"[664, 598, 851, 548, 425]"
01886_patch_shuffle_high.png,574,497,patch_shuffle,high,ResNet101,994,0.5543782114982605,"[994, 574, 947, 995, 677]"
01887_patch_shuffle_low.png,574,497,patch_shuffle,low,ResNet101,574,0.9808996915817261,"[574, 994, 805, 560, 995]"
01888_color_inversion_high.png,574,497,color_inversion,high,ResNet101,635,0.11543133109807968,"[635, 644, 677, 904, 783]"
01889_color_inversion_low.png,574,497,color_inversion,low,ResNet101,921,0.467037171125412,"[921, 556, 741, 538, 904]"
01890_adain_high.png,574,497,adain,high,ResNet101,574,0.9989570379257202,"[574, 722, 852, 429, 855]"
01891_adain_low.png,574,497,adain,low,ResNet101,574,0.9984392523765564,"[574, 722, 852, 429, 855]"
01892_occlusion_high.png,574,-1,occlusion,high,ResNet101,574,0.9897798299789429,"[574, 805, 530, 852, 722]"
01893_occlusion_low.png,574,-1,occlusion,low,ResNet101,574,0.9982886910438538,"[574, 722, 805, 852, 890]"
01894_superimposition_high.png,574,497,superimposition,high,ResNet101,574,0.9406893849372864,"[574, 755, 807, 727, 668]"
01895_superimposition_low.png,574,497,superimposition,low,ResNet101,807,0.30314815044403076,"[807, 442, 727, 755, 497]"
01880_superimposition_high.png,574,497,superimposition,high,ConvNeXt,574,0.21182775497436523,"[574, 995, 994, 335, 272]"
01881_superimposition_low.png,574,497,superimposition,low,ConvNeXt,574,0.29090896248817444,"[574, 80, 497, 449, 995]"
01882_texture_shape_high.png,574,497,texture_shape,high,ConvNeXt,574,0.2742502987384796,"[574, 904, 994, 995, 947]"
01883_texture_shape_low.png,574,497,texture_shape,low,ConvNeXt,910,0.07796485722064972,"[910, 904, 905, 741, 677]"
01884_edge_conflict_high.png,574,497,edge_conflict,high,ConvNeXt,497,0.06586286425590515,"[497, 851, 425, 664, 958]"
01885_edge_conflict_low.png,574,497,edge_conflict,low,ConvNeXt,851,0.13534827530384064,"[851, 497, 442, 664, 449]"
01886_patch_shuffle_high.png,574,497,patch_shuffle,high,ConvNeXt,574,0.5756700038909912,"[574, 995, 994, 81, 722]"
01887_patch_shuffle_low.png,574,497,patch_shuffle,low,ConvNeXt,574,0.5393094420433044,"[574, 995, 994, 997, 993]"
01888_color_inversion_high.png,574,497,color_inversion,high,ConvNeXt,80,0.13493366539478302,"[80, 83, 331, 86, 330]"
01889_color_inversion_low.png,574,497,color_inversion,low,ConvNeXt,80,0.5992208123207092,"[80, 83, 497, 449, 86]"
01890_adain_high.png,574,497,adain,high,ConvNeXt,574,0.6817055940628052,"[574, 722, 852, 149, 147]"
01891_adain_low.png,574,497,adain,low,ConvNeXt,574,0.7006407380104065,"[574, 722, 852, 855, 846]"
01892_occlusion_high.png,574,-1,occlusion,high,ConvNeXt,574,0.6318063735961914,"[574, 855, 722, 846, 852]"
01893_occlusion_low.png,574,-1,occlusion,low,ConvNeXt,574,0.6994372010231018,"[574, 722, 855, 852, 846]"
01894_superimposition_high.png,574,497,superimposition,high,ConvNeXt,663,0.4559844434261322,"[663, 574, 442, 497, 483]"
01895_superimposition_low.png,574,497,superimposition,low,ConvNeXt,663,0.6781631112098694,"[663, 574, 497, 442, 483]"
01880_superimposition_high.png,574,497,superimposition,high,ViT-B/16,574,0.37470734119415283,"[574, 449, 425, 497, 442]"
01881_superimposition_low.png,574,497,superimposition,low,ViT-B/16,449,0.5054891109466553,"[449, 574, 442, 497, 664]"
01882_texture_shape_high.png,574,497,texture_shape,high,ViT-B/16,574,0.8280394077301025,"[574, 947, 994, 995, 988]"
01883_texture_shape_low.png,574,497,texture_shape,low,ViT-B/16,904,0.04310237616300583,"[904, 910, 502, 905, 704]"
01884_edge_conflict_high.png,574,497,edge_conflict,high,ViT-B/16,442,0.5395805239677429,"[442, 449, 497, 425, 916]"
01885_edge_conflict_low.png,574,497,edge_conflict,low,ViT-B/16,449,0.4357597231864929,"[449, 442, 497, 916, 437]"
01886_patch_shuffle_high.png,574,497,patch_shuffle,high,ViT-B/16,574,0.5372297167778015,"[574, 995, 994, 947, 997]"
01887_patch_shuffle_low.png,574,497,patch_shuffle,low,ViT-B/16,574,0.6422279477119446,"[574, 995, 994, 132, 947]"
01888_color_inversion_high.png,574,497,color_inversion,high,ViT-B/16,574,0.1500154286623001,"[574, 425, 449, 113, 78]"
01889_color_inversion_low.png,574,497,color_inversion,low,ViT-B/16,449,0.22779402136802673,"[449, 125, 442, 113, 425]"
01890_adain_high.png,574,497,adain,high,ViT-B/16,574,0.8863528370857239,"[574, 852, 990, 855, 81]"
01891_adain_low.png,574,497,adain,low,ViT-B/16,574,0.8933671116828918,"[574, 852, 722, 990, 855]"
01892_occlusion_high.png,574,-1,occlusion,high,ViT-B/16,574,0.8923778533935547,"[574, 852, 855, 722, 429]"
01893_occlusion_low.png,574,-1,occlusion,low,ViT-B/16,574,0.8701304197311401,"[574, 852, 846, 855, 619]"
01894_superimposition_high.png,574,497,superimposition,high,ViT-B/16,574,0.5864014625549316,"[574, 663, 497, 442, 483]"
01895_superimposition_low.png,574,497,superimposition,low,ViT-B/16,574,0.3035758435726166,"[574, 442, 663, 497, 483]"
01880_superimposition_high.png,574,497,superimposition,high,DeiT,574,0.5921061635017395,"[574, 425, 449, 497, 437]"
01881_superimposition_low.png,574,497,superimposition,low,DeiT,497,0.36531516909599304,"[497, 574, 442, 425, 449]"
01882_texture_shape_high.png,574,497,texture_shape,high,DeiT,574,0.696971595287323,"[574, 994, 947, 722, 995]"
01883_texture_shape_low.png,574,497,texture_shape,low,DeiT,574,0.07306832820177078,"[574, 905, 722, 904, 429]"
01884_edge_conflict_high.png,574,497,edge_conflict,high,DeiT,425,0.2742127478122711,"[425, 497, 958, 442, 714]"
01885_edge_conflict_low.png,574,497,edge_conflict,low,DeiT,497,0.28691986203193665,"[497, 442, 425, 449, 437]"
01886_patch_shuffle_high.png,574,497,patch_shuffle,high,DeiT,574,0.8245041966438293,"[574, 994, 995, 852, 947]"
01887_patch_shuffle_low.png,574,497,patch_shuffle,low,DeiT,574,0.8270152807235718,"[574, 994, 995, 722, 947]"
01888_color_inversion_high.png,574,497,color_inversion,high,DeiT,574,0.6737045049667358,"[574, 425, 497, 437, 449]"
01889_color_inversion_low.png,574,497,color_inversion,low,DeiT,574,0.27469781041145325,"[574, 497, 425, 437, 442]"
01890_adain_high.png,574,497,adain,high,DeiT,574,0.895174503326416,"[574, 722, 852, 855, 409]"
01891_adain_low.png,574,497,adain,low,DeiT,574,0.8941988348960876,"[574, 722, 852, 855, 522]"
01892_occlusion_high.png,574,-1,occlusion,high,DeiT,574,0.88490891456604,"[574, 722, 852, 855, 985]"
01893_occlusion_low.png,574,-1,occlusion,low,DeiT,574,0.8772072196006775,"[574, 722, 409, 852, 855]"
01894_superimposition_high.png,574,497,superimposition,high,DeiT,574,0.5792453289031982,"[574, 663, 497, 442, 483]"
01895_superimposition_low.png,574,497,superimposition,low,DeiT,574,0.37722712755203247,"[574, 497, 663, 442, 483]"
01880_superimposition_high.png,574,497,superimposition,high,CLIP,497,0.7659158706665039,"[497, 572, 442, 971, 663]"
01881_superimposition_low.png,574,497,superimposition,low,CLIP,497,0.9557715654373169,"[497, 392, 663, 442, 962]"
01882_texture_shape_high.png,574,497,texture_shape,high,CLIP,574,0.9246281981468201,"[574, 522, 995, 722, 429]"
01883_texture_shape_low.png,574,497,texture_shape,low,CLIP,782,0.3760717809200287,"[782, 904, 768, 971, 572]"
01884_edge_conflict_high.png,574,497,edge_conflict,high,CLIP,497,0.9267210960388184,"[497, 425, 442, 501, 916]"
01885_edge_conflict_low.png,574,497,edge_conflict,low,CLIP,497,0.9592962265014648,"[497, 449, 425, 442, 816]"
01886_patch_shuffle_high.png,574,497,patch_shuffle,high,CLIP,574,0.9969688057899475,"[574, 312, 429, 992, 606]"
01887_patch_shuffle_low.png,574,497,patch_shuffle,low,CLIP,56,0.3625827133655548,"[56, 58, 60, 65, 574]"
01888_color_inversion_high.png,574,497,color_inversion,high,CLIP,497,0.6533228754997253,"[497, 971, 442, 904, 816]"
01889_color_inversion_low.png,574,497,color_inversion,low,CLIP,497,0.9512227773666382,"[497, 962, 256, 442, 663]"
01890_adain_high.png,574,497,adain,high,CLIP,574,0.9979921579360962,"[574, 722, 852, 746, 714]"
01891_adain_low.png,574,497,adain,low,CLIP,574,0.9979950189590454,"[574, 722, 852, 746, 714]"
01892_occlusion_high.png,574,-1,occlusion,high,CLIP,574,0.998426079750061,"[574, 722, 714, 881, 522]"
01893_occlusion_low.png,574,-1,occlusion,low,CLIP,574,0.9967547059059143,"[574, 722, 881, 714, 522]"
01894_superimposition_high.png,574,497,superimposition,high,CLIP,574,0.9117821455001831,"[574, 417, 971, 522, 430]"
01895_superimposition_low.png,574,497,superimposition,low,CLIP,255,0.7732270956039429,"[255, 497, 442, 574, 224]"
01896_texture_shape_high.png,574,497,texture_shape,high,ResNet50,574,0.9976590871810913,"[574, 855, 577, 429, 722]"
01897_texture_shape_low.png,574,497,texture_shape,low,ResNet50,677,0.25715506076812744,"[677, 904, 611, 600, 807]"
01898_edge_conflict_high.png,574,497,edge_conflict,high,ResNet50,807,0.4329267144203186,"[807, 755, 442, 970, 727]"
01899_edge_conflict_low.png,574,497,edge_conflict,low,ResNet50,807,0.44633588194847107,"[807, 442, 497, 755, 970]"
01900_patch_shuffle_high.png,574,497,patch_shuffle,high,ResNet50,574,0.9998724460601807,"[574, 956, 722, 577, 855]"
01901_patch_shuffle_low.png,574,497,patch_shuffle,low,ResNet50,574,0.9915035963058472,"[574, 855, 686, 599, 720]"
01902_color_inversion_high.png,574,497,color_inversion,high,ResNet50,574,0.8992961049079895,"[574, 727, 807, 668, 538]"
01903_color_inversion_low.png,574,497,color_inversion,low,ResNet50,807,0.9032815098762512,"[807, 755, 727, 442, 538]"
01904_adain_high.png,701,491,adain,high,ResNet50,701,0.9857977032661438,"[701, 417, 978, 405, 879]"
01905_adain_low.png,701,491,adain,low,ResNet50,701,0.9911749362945557,"[701, 417, 405, 978, 879]"
01906_occlusion_high.png,701,-1,occlusion,high,ResNet50,701,0.37292468547821045,"[701, 417, 879, 646, 549]"
01907_occlusion_low.png,701,-1,occlusion,low,ResNet50,701,0.7410438656806946,"[701, 417, 879, 405, 557]"
01908_superimposition_high.png,701,491,superimposition,high,ResNet50,701,0.9849234819412231,"[701, 417, 405, 879, 755]"
01909_superimposition_low.png,701,491,superimposition,low,ResNet50,634,0.734311044216156,"[634, 491, 690, 856, 847]"
01910_texture_shape_high.png,701,491,texture_shape,high,ResNet50,701,0.9394318461418152,"[701, 417, 879, 562, 405]"
01911_texture_shape_low.png,701,491,texture_shape,low,ResNet50,417,0.2578139305114746,"[417, 701, 562, 600, 794]"
01896_texture_shape_high.png,574,497,texture_shape,high,ResNet101,574,0.9803445339202881,"[574, 722, 904, 429, 807]"
01897_texture_shape_low.png,574,497,texture_shape,low,ResNet101,904,0.6768372654914856,"[904, 971, 611, 712, 111]"
01898_edge_conflict_high.png,574,497,edge_conflict,high,ResNet101,807,0.8778836727142334,"[807, 755, 646, 727, 442]"
01899_edge_conflict_low.png,574,497,edge_conflict,low,ResNet101,807,0.4886574149131775,"[807, 442, 497, 727, 970]"
01900_patch_shuffle_high.png,574,497,patch_shuffle,high,ResNet101,574,0.9995765089988708,"[574, 722, 855, 818, 429]"
01901_patch_shuffle_low.png,574,497,patch_shuffle,low,ResNet101,574,0.9952588677406311,"[574, 855, 818, 619, 577]"
01902_color_inversion_high.png,574,497,color_inversion,high,ResNet101,807,0.5040410161018372,"[807, 574, 727, 755, 417]"
01903_color_inversion_low.png,574,497,color_inversion,low,ResNet101,807,0.7385165691375732,"[807, 727, 755, 668, 417]"
01904_adain_high.png,701,491,adain,high,ResNet101,701,0.9240091443061829,"[701, 417, 728, 405, 879]"
01905_adain_low.png,701,491,adain,low,ResNet101,701,0.9723933339118958,"[701, 417, 728, 405, 879]"
01906_occlusion_high.png,701,-1,occlusion,high,ResNet101,701,0.9109184741973877,"[701, 417, 530, 462, 405]"
01907_occlusion_low.png,701,-1,occlusion,low,ResNet101,701,0.8794539570808411,"[701, 417, 530, 405, 728]"
01908_superimposition_high.png,701,491,superimposition,high,ResNet101,701,0.9626004695892334,"[701, 417, 728, 405, 847]"
01909_superimposition_low.png,701,491,superimposition,low,ResNet101,491,0.5477485656738281,"[491, 634, 847, 856, 413]"
01910_texture_shape_high.png,701,491,texture_shape,high,ResNet101,701,0.9961679577827454,"[701, 417, 879, 405, 669]"
01911_texture_shape_low.png,701,491,texture_shape,low,ResNet101,701,0.4469068646430969,"[701, 417, 494, 577, 405]"
01896_texture_shape_high.png,574,497,texture_shape,high,ConvNeXt,574,0.40821897983551025,"[574, 904, 885, 148, 351]"
01897_texture_shape_low.png,574,497,texture_shape,low,ConvNeXt,574,0.3605041801929474,"[574, 904, 885, 577, 677]"
01898_edge_conflict_high.png,574,497,edge_conflict,high,ConvNeXt,663,0.2980721592903137,"[663, 497, 442, 483, 574]"
01899_edge_conflict_low.png,574,497,edge_conflict,low,ConvNeXt,663,0.5403473973274231,"[663, 497, 442, 483, 698]"
01900_patch_shuffle_high.png,574,497,patch_shuffle,high,ConvNeXt,574,0.5519076585769653,"[574, 111, 855, 107, 818]"
01901_patch_shuffle_low.png,574,497,patch_shuffle,low,ConvNeXt,574,0.6220633387565613,"[574, 855, 846, 722, 68]"
01902_color_inversion_high.png,574,497,color_inversion,high,ConvNeXt,574,0.33564651012420654,"[574, 663, 442, 497, 668]"
01903_color_inversion_low.png,574,497,color_inversion,low,ConvNeXt,663,0.2952416241168976,"[663, 574, 442, 497, 727]"
01904_adain_high.png,701,491,adain,high,ConvNeXt,701,0.5508159399032593,"[701, 417, 978, 977, 649]"
01905_adain_low.png,701,491,adain,low,ConvNeXt,701,0.49886900186538696,"[701, 417, 978, 649, 976]"
01906_occlusion_high.png,701,-1,occlusion,high,ConvNeXt,701,0.47460874915122986,"[701, 417, 978, 708, 977]"
01907_occlusion_low.png,701,-1,occlusion,low,ConvNeXt,701,0.6420237421989441,"[701, 417, 649, 978, 977]"
01908_superimposition_high.png,701,491,superimposition,high,ConvNeXt,701,0.5988079905509949,"[701, 417, 634, 978, 856]"
01909_superimposition_low.png,701,491,superimposition,low,ConvNeXt,491,0.33404403924942017,"[491, 634, 417, 701, 405]"
01910_texture_shape_high.png,701,491,texture_shape,high,ConvNeXt,701,0.3444259464740753,"[701, 417, 979, 974, 405]"
01911_texture_shape_low.png,701,491,texture_shape,low,ConvNeXt,701,0.3385676443576813,"[701, 417, 921, 556, 405]"
01896_texture_shape_high.png,574,497,texture_shape,high,ViT-B/16,574,0.7980824708938599,"[574, 904, 556, 855, 905]"
01897_texture_shape_low.png,574,497,texture_shape,low,ViT-B/16,574,0.8301106095314026,"[574, 904, 855, 556, 905]"
01898_edge_conflict_high.png,574,497,edge_conflict,high,ViT-B/16,663,0.1375352293252945,"[663, 574, 442, 409, 835]"
01899_edge_conflict_low.png,574,497,edge_conflict,low,ViT-B/16,442,0.2336607277393341,"[442, 663, 497, 574, 855]"
01900_patch_shuffle_high.png,574,497,patch_shuffle,high,ViT-B/16,574,0.8347686529159546,"[574, 111, 852, 855, 722]"
01901_patch_shuffle_low.png,574,497,patch_shuffle,low,ViT-B/16,574,0.8585661053657532,"[574, 852, 470, 846, 626]"
01902_color_inversion_high.png,574,497,color_inversion,high,ViT-B/16,574,0.6124923229217529,"[574, 442, 663, 497, 483]"
01903_color_inversion_low.png,574,497,color_inversion,low,ViT-B/16,574,0.40699711441993713,"[574, 442, 497, 663, 483]"
01904_adain_high.png,701,491,adain,high,ViT-B/16,417,0.40313825011253357,"[417, 701, 405, 604, 978]"
01905_adain_low.png,701,491,adain,low,ViT-B/16,701,0.6581640243530273,"[701, 417, 405, 978, 564]"
01906_occlusion_high.png,701,-1,occlusion,high,ViT-B/16,701,0.538634181022644,"[701, 417, 469, 849, 725]"
01907_occlusion_low.png,701,-1,occlusion,low,ViT-B/16,701,0.7858687043190002,"[701, 417, 405, 978, 549]"
01908_superimposition_high.png,701,491,superimposition,high,ViT-B/16,701,0.5513449907302856,"[701, 690, 491, 634, 603]"
01909_superimposition_low.png,701,491,superimposition,low,ViT-B/16,634,0.42441198229789734,"[634, 491, 417, 405, 701]"
01910_texture_shape_high.png,701,491,texture_shape,high,ViT-B/16,701,0.731256902217865,"[701, 417, 978, 149, 107]"
01911_texture_shape_low.png,701,491,texture_shape,low,ViT-B/16,701,0.754150927066803,"[701, 213, 191, 255, 260]"
01896_texture_shape_high.png,574,497,texture_shape,high,DeiT,574,0.8627539873123169,"[574, 904, 722, 855, 429]"
01897_texture_shape_low.png,574,497,texture_shape,low,DeiT,574,0.8669942617416382,"[574, 904, 722, 855, 921]"
01898_edge_conflict_high.png,574,497,edge_conflict,high,DeiT,855,0.23970237374305725,"[855, 828, 497, 663, 442]"
01899_edge_conflict_low.png,574,497,edge_conflict,low,DeiT,442,0.2119285762310028,"[442, 497, 663, 714, 650]"
01900_patch_shuffle_high.png,574,497,patch_shuffle,high,DeiT,574,0.7637473940849304,"[574, 855, 111, 722, 429]"
01901_patch_shuffle_low.png,574,497,patch_shuffle,low,DeiT,574,0.8808145523071289,"[574, 722, 852, 855, 429]"
01902_color_inversion_high.png,574,497,color_inversion,high,DeiT,574,0.5627761483192444,"[574, 663, 497, 442, 483]"
01903_color_inversion_low.png,574,497,color_inversion,low,DeiT,574,0.41384872794151306,"[574, 663, 442, 497, 483]"
01904_adain_high.png,701,491,adain,high,DeiT,701,0.5961687564849854,"[701, 417, 978, 976, 405]"
01905_adain_low.png,701,491,adain,low,DeiT,701,0.5485325455665588,"[701, 417, 978, 405, 976]"
01906_occlusion_high.png,701,-1,occlusion,high,DeiT,701,0.6460997462272644,"[701, 417, 324, 976, 978]"
01907_occlusion_low.png,701,-1,occlusion,low,DeiT,701,0.6421234011650085,"[701, 417, 978, 976, 405]"
01908_superimposition_high.png,701,491,superimposition,high,DeiT,701,0.4855371117591858,"[701, 634, 491, 417, 856]"
01909_superimposition_low.png,701,491,superimposition,low,DeiT,634,0.4295250475406647,"[634, 491, 701, 804, 417]"
01910_texture_shape_high.png,701,491,texture_shape,high,DeiT,701,0.5150396823883057,"[701, 417, 911, 816, 973]"
01911_texture_shape_low.png,701,491,texture_shape,low,DeiT,701,0.6847021579742432,"[701, 78, 73, 107, 591]"
01896_texture_shape_high.png,574,497,texture_shape,high,CLIP,574,0.9984912872314453,"[574, 722, 852, 746, 881]"
01897_texture_shape_low.png,574,497,texture_shape,low,CLIP,574,0.9965914487838745,"[574, 722, 852, 60, 971]"
01898_edge_conflict_high.png,574,497,edge_conflict,high,CLIP,993,0.2527865171432495,"[993, 255, 483, 971, 21]"
01899_edge_conflict_low.png,574,497,edge_conflict,low,CLIP,255,0.3815919756889343,"[255, 497, 993, 835, 645]"
01900_patch_shuffle_high.png,574,497,patch_shuffle,high,CLIP,574,0.9984391331672668,"[574, 722, 789, 714, 852]"
01901_patch_shuffle_low.png,574,497,patch_shuffle,low,CLIP,574,0.9945353269577026,"[574, 722, 522, 918, 714]"
01902_color_inversion_high.png,574,497,color_inversion,high,CLIP,574,0.8432521224021912,"[574, 971, 430, 417, 722]"
01903_color_inversion_low.png,574,497,color_inversion,low,CLIP,255,0.44220927357673645,"[255, 497, 430, 442, 574]"
01904_adain_high.png,701,491,adain,high,CLIP,701,0.9859209656715393,"[701, 405, 417, 21, 895]"
01905_adain_low.png,701,491,adain,low,CLIP,701,0.9815865159034729,"[701, 21, 417, 405, 68]"
01906_occlusion_high.png,701,-1,occlusion,high,CLIP,701,0.721322774887085,"[701, 417, 405, 895, 993]"
01907_occlusion_low.png,701,-1,occlusion,low,CLIP,701,0.7549066543579102,"[701, 417, 405, 895, 21]"
01908_superimposition_high.png,701,491,superimposition,high,CLIP,701,0.5298142433166504,"[701, 417, 405, 993, 666]"
01909_superimposition_low.png,701,491,superimposition,low,CLIP,491,0.44921112060546875,"[491, 634, 863, 427, 596]"
01910_texture_shape_high.png,701,491,texture_shape,high,CLIP,701,0.9686604142189026,"[701, 417, 405, 993, 68]"
01911_texture_shape_low.png,701,491,texture_shape,low,CLIP,701,0.9440072774887085,"[701, 417, 405, 993, 107]"
01912_edge_conflict_high.png,701,491,edge_conflict,high,ResNet50,491,0.945770800113678,"[491, 634, 671, 758, 413]"
01913_edge_conflict_low.png,701,491,edge_conflict,low,ResNet50,491,0.6813132166862488,"[491, 634, 856, 621, 847]"
01914_patch_shuffle_high.png,701,491,patch_shuffle,high,ResNet50,437,0.21415825188159943,"[437, 728, 682, 557, 888]"
01915_patch_shuffle_low.png,701,491,patch_shuffle,low,ResNet50,417,0.1324116438627243,"[417, 728, 701, 794, 975]"
01916_color_inversion_high.png,701,491,color_inversion,high,ResNet50,634,0.10937708616256714,"[634, 807, 63, 879, 739]"
01917_color_inversion_low.png,701,491,color_inversion,low,ResNet50,634,0.5270756483078003,"[634, 491, 690, 603, 739]"
01918_adain_high.png,701,217,adain,high,ResNet50,978,0.14468173682689667,"[978, 974, 437, 867, 980]"
01919_adain_low.png,701,217,adain,low,ResNet50,978,0.19491957128047943,"[978, 867, 977, 437, 974]"
01920_occlusion_high.png,701,-1,occlusion,high,ResNet50,920,0.5559363961219788,"[920, 646, 632, 733, 781]"
01921_occlusion_low.png,701,-1,occlusion,low,ResNet50,448,0.22829531133174896,"[448, 920, 733, 425, 958]"
01922_superimposition_high.png,701,217,superimposition,high,ResNet50,970,0.13470801711082458,"[970, 701, 974, 975, 807]"
01923_superimposition_low.png,701,217,superimposition,low,ResNet50,645,0.16316302120685577,"[645, 218, 220, 247, 217]"
01924_texture_shape_high.png,701,217,texture_shape,high,ResNet50,974,0.23669566214084625,"[974, 975, 980, 296, 973]"
01925_texture_shape_low.png,701,217,texture_shape,low,ResNet50,112,0.40349555015563965,"[112, 794, 125, 113, 392]"
01926_edge_conflict_high.png,701,217,edge_conflict,high,ResNet50,394,0.13371825218200684,"[394, 576, 975, 449, 344]"
01927_edge_conflict_low.png,701,217,edge_conflict,low,ResNet50,220,0.20596978068351746,"[220, 218, 215, 216, 156]"
01912_edge_conflict_high.png,701,491,edge_conflict,high,ResNet101,491,0.39552927017211914,"[491, 465, 413, 807, 595]"
01913_edge_conflict_low.png,701,491,edge_conflict,low,ResNet101,491,0.9410690665245056,"[491, 634, 847, 595, 856]"
01914_patch_shuffle_high.png,701,491,patch_shuffle,high,ResNet101,701,0.43177905678749084,"[701, 975, 417, 978, 437]"
01915_patch_shuffle_low.png,701,491,patch_shuffle,low,ResNet101,701,0.7742552161216736,"[701, 417, 405, 975, 970]"
01916_color_inversion_high.png,701,491,color_inversion,high,ResNet101,807,0.20816586911678314,"[807, 847, 899, 728, 417]"
01917_color_inversion_low.png,701,491,color_inversion,low,ResNet101,491,0.44725531339645386,"[491, 634, 847, 690, 595]"
01918_adain_high.png,701,217,adain,high,ResNet101,978,0.10204962641000748,"[978, 867, 425, 974, 649]"
01919_adain_low.png,701,217,adain,low,ResNet101,978,0.1377284824848175,"[978, 977, 974, 755, 867]"
01920_occlusion_high.png,701,-1,occlusion,high,ResNet101,807,0.1999005824327469,"[807, 781, 984, 530, 517]"
01921_occlusion_low.png,701,-1,occlusion,low,ResNet101,807,0.19160060584545135,"[807, 425, 781, 851, 417]"
01922_superimposition_high.png,701,217,superimposition,high,ResNet101,974,0.2071433961391449,"[974, 975, 701, 970, 807]"
01923_superimposition_low.png,701,217,superimposition,low,ResNet101,218,0.39604857563972473,"[218, 215, 173, 167, 166]"
01924_texture_shape_high.png,701,217,texture_shape,high,ResNet101,974,0.6876620650291443,"[974, 975, 980, 979, 437]"
01925_texture_shape_low.png,701,217,texture_shape,low,ResNet101,904,0.40094828605651855,"[904, 562, 556, 974, 611]"
01926_edge_conflict_high.png,701,217,edge_conflict,high,ResNet101,341,0.09042791277170181,"[341, 173, 268, 344, 216]"
01927_edge_conflict_low.png,701,217,edge_conflict,low,ResNet101,215,0.12748247385025024,"[215, 173, 218, 416, 890]"
01912_edge_conflict_high.png,701,491,edge_conflict,high,ConvNeXt,634,0.10109291970729828,"[634, 491, 399, 856, 465]"
01913_edge_conflict_low.png,701,491,edge_conflict,low,ConvNeXt,634,0.26816436648368835,"[634, 491, 763, 589, 596]"
01914_patch_shuffle_high.png,701,491,patch_shuffle,high,ConvNeXt,701,0.6016947031021118,"[701, 978, 417, 977, 970]"
01915_patch_shuffle_low.png,701,491,patch_shuffle,low,ConvNeXt,701,0.711574137210846,"[701, 978, 417, 977, 975]"
01916_color_inversion_high.png,701,491,color_inversion,high,ConvNeXt,701,0.6012523770332336,"[701, 484, 871, 417, 634]"
01917_color_inversion_low.png,701,491,color_inversion,low,ConvNeXt,491,0.39108917117118835,"[491, 634, 574, 846, 354]"
01918_adain_high.png,701,217,adain,high,ConvNeXt,978,0.2721432149410248,"[978, 977, 701, 437, 867]"
01919_adain_low.png,701,217,adain,low,ConvNeXt,978,0.3904327154159546,"[978, 977, 701, 867, 437]"
01920_occlusion_high.png,701,-1,occlusion,high,ConvNeXt,574,0.08953114598989487,"[574, 405, 417, 755, 867]"
01921_occlusion_low.png,701,-1,occlusion,low,ConvNeXt,405,0.10973643511533737,"[405, 574, 701, 417, 977]"
01922_superimposition_high.png,701,217,superimposition,high,ConvNeXt,649,0.12461647391319275,"[649, 405, 974, 417, 217]"
01923_superimposition_low.png,701,217,superimposition,low,ConvNeXt,217,0.21500274538993835,"[217, 218, 220, 976, 216]"
01924_texture_shape_high.png,701,217,texture_shape,high,ConvNeXt,975,0.1334707885980606,"[975, 974, 978, 977, 980]"
01925_texture_shape_low.png,701,217,texture_shape,low,ConvNeXt,974,0.05084555223584175,"[974, 980, 975, 657, 417]"
01926_edge_conflict_high.png,701,217,edge_conflict,high,ConvNeXt,132,0.043580930680036545,"[132, 129, 100, 472, 103]"
01927_edge_conflict_low.png,701,217,edge_conflict,low,ConvNeXt,218,0.14412115514278412,"[218, 217, 220, 215, 216]"
01912_edge_conflict_high.png,701,491,edge_conflict,high,ViT-B/16,634,0.290183961391449,"[634, 491, 610, 841, 465]"
01913_edge_conflict_low.png,701,491,edge_conflict,low,ViT-B/16,491,0.38386639952659607,"[491, 634, 610, 841, 740]"
01914_patch_shuffle_high.png,701,491,patch_shuffle,high,ViT-B/16,701,0.4231777787208557,"[701, 769, 417, 405, 978]"
01915_patch_shuffle_low.png,701,491,patch_shuffle,low,ViT-B/16,701,0.7639886140823364,"[701, 417, 978, 405, 976]"
01916_color_inversion_high.png,701,491,color_inversion,high,ViT-B/16,491,0.2914843261241913,"[491, 634, 898, 653, 469]"
01917_color_inversion_low.png,701,491,color_inversion,low,ViT-B/16,491,0.6425477862358093,"[491, 634, 690, 416, 830]"
01918_adain_high.png,701,217,adain,high,ViT-B/16,701,0.4051075875759125,"[701, 978, 977, 417, 405]"
01919_adain_low.png,701,217,adain,low,ViT-B/16,701,0.42847010493278503,"[701, 978, 977, 405, 417]"
01920_occlusion_high.png,701,-1,occlusion,high,ViT-B/16,867,0.08031515032052994,"[867, 574, 755, 958, 984]"
01921_occlusion_low.png,701,-1,occlusion,low,ViT-B/16,701,0.4962565302848816,"[701, 405, 417, 574, 867]"
01922_superimposition_high.png,701,217,superimposition,high,ViT-B/16,701,0.3296656608581543,"[701, 218, 405, 217, 146]"
01923_superimposition_low.png,701,217,superimposition,low,ViT-B/16,217,0.2745172381401062,"[217, 218, 405, 701, 404]"
01924_texture_shape_high.png,701,217,texture_shape,high,ViT-B/16,701,0.33431148529052734,"[701, 975, 978, 977, 144]"
01925_texture_shape_low.png,701,217,texture_shape,low,ViT-B/16,701,0.1952379196882248,"[701, 144, 127, 978, 437]"
01926_edge_conflict_high.png,701,217,edge_conflict,high,ViT-B/16,218,0.08167406916618347,"[218, 221, 213, 217, 220]"
01927_edge_conflict_low.png,701,217,edge_conflict,low,ViT-B/16,217,0.5541411638259888,"[217, 218, 213, 795, 212]"
01912_edge_conflict_high.png,701,491,edge_conflict,high,DeiT,491,0.20710133016109467,"[491, 634, 772, 111, 458]"
01913_edge_conflict_low.png,701,491,edge_conflict,low,DeiT,491,0.3760696351528168,"[491, 634, 714, 596, 772]"
01914_patch_shuffle_high.png,701,491,patch_shuffle,high,DeiT,417,0.3504895269870758,"[417, 701, 972, 649, 832]"
01915_patch_shuffle_low.png,701,491,patch_shuffle,low,DeiT,701,0.7788795232772827,"[701, 417, 976, 978, 972]"
01916_color_inversion_high.png,701,491,color_inversion,high,DeiT,491,0.4662513732910156,"[491, 701, 634, 417, 730]"
01917_color_inversion_low.png,701,491,color_inversion,low,DeiT,491,0.20868031680583954,"[491, 701, 634, 417, 690]"
01918_adain_high.png,701,217,adain,high,DeiT,701,0.5483397841453552,"[701, 978, 417, 977, 437]"
01919_adain_low.png,701,217,adain,low,DeiT,701,0.5200509428977966,"[701, 978, 977, 417, 437]"
01920_occlusion_high.png,701,-1,occlusion,high,DeiT,437,0.1580987125635147,"[437, 978, 557, 417, 919]"
01921_occlusion_low.png,701,-1,occlusion,low,DeiT,701,0.6564828157424927,"[701, 978, 417, 977, 405]"
01922_superimposition_high.png,701,217,superimposition,high,DeiT,701,0.4450360834598541,"[701, 978, 218, 217, 975]"
01923_superimposition_low.png,701,217,superimposition,low,DeiT,217,0.1417173147201538,"[217, 220, 701, 218, 976]"
01924_texture_shape_high.png,701,217,texture_shape,high,DeiT,701,0.2286617010831833,"[701, 974, 978, 975, 977]"
01925_texture_shape_low.png,701,217,texture_shape,low,DeiT,701,0.0645926296710968,"[701, 978, 405, 975, 977]"
01926_edge_conflict_high.png,701,217,edge_conflict,high,DeiT,218,0.12288236618041992,"[218, 217, 215, 148, 978]"
01927_edge_conflict_low.png,701,217,edge_conflict,low,DeiT,217,0.32163605093955994,"[217, 218, 220, 215, 132]"
01912_edge_conflict_high.png,701,491,edge_conflict,high,CLIP,491,0.2721920311450958,"[491, 666, 427, 981, 587]"
01913_edge_conflict_low.png,701,491,edge_conflict,low,CLIP,491,0.7250499129295349,"[491, 634, 740, 587, 863]"
01914_patch_shuffle_high.png,701,491,patch_shuffle,high,CLIP,701,0.9513241648674011,"[701, 417, 405, 21, 782]"
01915_patch_shuffle_low.png,701,491,patch_shuffle,low,CLIP,701,0.9238370656967163,"[701, 21, 417, 405, 895]"
01916_color_inversion_high.png,701,491,color_inversion,high,CLIP,724,0.20388618111610413,"[724, 669, 807, 405, 895]"
01917_color_inversion_low.png,701,491,color_inversion,low,CLIP,491,0.3319240212440491,"[491, 863, 634, 739, 587]"
01918_adain_high.png,701,217,adain,high,CLIP,21,0.9116566777229309,"[21, 701, 417, 405, 908]"
01919_adain_low.png,701,217,adain,low,CLIP,21,0.8153799176216125,"[21, 701, 417, 405, 138]"
01920_occlusion_high.png,701,-1,occlusion,high,CLIP,782,0.6571975350379944,"[782, 21, 881, 810, 916]"
01921_occlusion_low.png,701,-1,occlusion,low,CLIP,21,0.942087709903717,"[21, 701, 726, 417, 782]"
01922_superimposition_high.png,701,217,superimposition,high,CLIP,971,0.4515306055545807,"[971, 417, 782, 447, 982]"
01923_superimposition_low.png,701,217,superimposition,low,CLIP,217,0.36164233088493347,"[217, 218, 215, 156, 247]"
01924_texture_shape_high.png,701,217,texture_shape,high,CLIP,701,0.4481416344642639,"[701, 21, 405, 417, 263]"
01925_texture_shape_low.png,701,217,texture_shape,low,CLIP,405,0.33340173959732056,"[405, 782, 810, 701, 417]"
01926_edge_conflict_high.png,701,217,edge_conflict,high,CLIP,215,0.12858644127845764,"[215, 247, 562, 971, 758]"
01927_edge_conflict_low.png,701,217,edge_conflict,low,CLIP,215,0.60257488489151,"[215, 218, 247, 156, 217]"
01928_patch_shuffle_high.png,701,217,patch_shuffle,high,ResNet50,437,0.25117653608322144,"[437, 557, 970, 807, 425]"
01929_patch_shuffle_low.png,701,217,patch_shuffle,low,ResNet50,807,0.074931301176548,"[807, 405, 701, 557, 970]"
01930_color_inversion_high.png,701,217,color_inversion,high,ResNet50,701,0.3532441258430481,"[701, 970, 764, 417, 921]"
01931_color_inversion_low.png,701,217,color_inversion,low,ResNet50,977,0.045474421232938766,"[977, 701, 645, 170, 395]"
01932_adain_high.png,701,491,adain,high,ResNet50,540,0.09304063767194748,"[540, 856, 701, 625, 536]"
01933_adain_low.png,701,491,adain,low,ResNet50,540,0.10729259252548218,"[540, 856, 625, 701, 536]"
01934_occlusion_high.png,701,-1,occlusion,high,ResNet50,711,0.10605743527412415,"[711, 879, 515, 646, 667]"
01935_occlusion_low.png,701,-1,occlusion,low,ResNet50,557,0.11864135414361954,"[557, 405, 701, 540, 517]"
01936_superimposition_high.png,701,491,superimposition,high,ResNet50,724,0.10517852008342743,"[724, 540, 871, 701, 536]"
01937_superimposition_low.png,701,491,superimposition,low,ResNet50,517,0.2893992066383362,"[517, 724, 456, 733, 738]"
01938_texture_shape_high.png,701,491,texture_shape,high,ResNet50,405,0.6546787023544312,"[405, 701, 417, 517, 657]"
01939_texture_shape_low.png,701,491,texture_shape,low,ResNet50,405,0.6109506487846375,"[405, 904, 611, 701, 865]"
01940_edge_conflict_high.png,701,491,edge_conflict,high,ResNet50,562,0.22587327659130096,"[562, 517, 776, 488, 872]"
01941_edge_conflict_low.png,701,491,edge_conflict,low,ResNet50,403,0.2386327087879181,"[403, 517, 536, 724, 562]"
01942_patch_shuffle_high.png,701,491,patch_shuffle,high,ResNet50,557,0.37705573439598083,"[557, 701, 517, 176, 554]"
01943_patch_shuffle_low.png,701,491,patch_shuffle,low,ResNet50,517,0.1665031909942627,"[517, 701, 510, 540, 554]"
01928_patch_shuffle_high.png,701,217,patch_shuffle,high,ResNet101,437,0.5958125591278076,"[437, 807, 425, 649, 970]"
01929_patch_shuffle_low.png,701,217,patch_shuffle,low,ResNet101,701,0.24104708433151245,"[701, 437, 895, 908, 405]"
01930_color_inversion_high.png,701,217,color_inversion,high,ResNet101,970,0.23075366020202637,"[970, 979, 921, 975, 895]"
01931_color_inversion_low.png,701,217,color_inversion,low,ResNet101,394,0.24688681960105896,"[394, 173, 395, 4, 353]"
01932_adain_high.png,701,491,adain,high,ResNet101,701,0.46861669421195984,"[701, 540, 557, 517, 417]"
01933_adain_low.png,701,491,adain,low,ResNet101,701,0.41484469175338745,"[701, 540, 517, 557, 856]"
01934_occlusion_high.png,701,-1,occlusion,high,ResNet101,711,0.21641908586025238,"[711, 781, 920, 701, 632]"
01935_occlusion_low.png,701,-1,occlusion,low,ResNet101,405,0.10761736333370209,"[405, 781, 851, 701, 833]"
01936_superimposition_high.png,701,491,superimposition,high,ResNet101,405,0.18907611072063446,"[405, 517, 540, 701, 871]"
01937_superimposition_low.png,701,491,superimposition,low,ResNet101,456,0.35383015871047974,"[456, 738, 645, 733, 517]"
01938_texture_shape_high.png,701,491,texture_shape,high,ResNet101,865,0.27102360129356384,"[865, 405, 476, 417, 701]"
01939_texture_shape_low.png,701,491,texture_shape,low,ResNet101,611,0.619413435459137,"[611, 562, 904, 794, 701]"
01940_edge_conflict_high.png,701,491,edge_conflict,high,ResNet101,540,0.2552308142185211,"[540, 536, 517, 733, 724]"
01941_edge_conflict_low.png,701,491,edge_conflict,low,ResNet101,540,0.2060043215751648,"[540, 517, 724, 738, 978]"
01942_patch_shuffle_high.png,701,491,patch_shuffle,high,ResNet101,517,0.37547215819358826,"[517, 701, 557, 895, 540]"
01943_patch_shuffle_low.png,701,491,patch_shuffle,low,ResNet101,405,0.17966391146183014,"[405, 517, 540, 865, 510]"
01928_patch_shuffle_high.png,701,217,patch_shuffle,high,ConvNeXt,574,0.049618761986494064,"[574, 977, 978, 649, 975]"
01929_patch_shuffle_low.png,701,217,patch_shuffle,low,ConvNeXt,974,0.0685720220208168,"[974, 977, 405, 701, 970]"
01930_color_inversion_high.png,701,217,color_inversion,high,ConvNeXt,978,0.08194688707590103,"[978, 977, 354, 970, 975]"
01931_color_inversion_low.png,701,217,color_inversion,low,ConvNeXt,217,0.19819773733615875,"[217, 220, 218, 34, 215]"
01932_adain_high.png,701,491,adain,high,ConvNeXt,701,0.3566965162754059,"[701, 540, 517, 625, 830]"
01933_adain_low.png,701,491,adain,low,ConvNeXt,701,0.34949755668640137,"[701, 540, 517, 625, 227]"
01934_occlusion_high.png,701,-1,occlusion,high,ConvNeXt,540,0.1864224076271057,"[540, 701, 557, 517, 227]"
01935_occlusion_low.png,701,-1,occlusion,low,ConvNeXt,701,0.3360455334186554,"[701, 540, 517, 557, 625]"
01936_superimposition_high.png,701,491,superimposition,high,ConvNeXt,517,0.14644424617290497,"[517, 536, 183, 221, 169]"
01937_superimposition_low.png,701,491,superimposition,low,ConvNeXt,456,0.10385525971651077,"[456, 517, 733, 795, 537]"
01938_texture_shape_high.png,701,491,texture_shape,high,ConvNeXt,701,0.14325213432312012,"[701, 540, 517, 476, 405]"
01939_texture_shape_low.png,701,491,texture_shape,low,ConvNeXt,701,0.08611150085926056,"[701, 405, 554, 591, 556]"
01940_edge_conflict_high.png,701,491,edge_conflict,high,ConvNeXt,733,0.2238341122865677,"[733, 815, 536, 576, 403]"
01941_edge_conflict_low.png,701,491,edge_conflict,low,ConvNeXt,815,0.27421247959136963,"[815, 733, 912, 73, 456]"
01942_patch_shuffle_high.png,701,491,patch_shuffle,high,ConvNeXt,540,0.18624739348888397,"[540, 701, 517, 536, 554]"
01943_patch_shuffle_low.png,701,491,patch_shuffle,low,ConvNeXt,233,0.07081686705350876,"[233, 517, 701, 540, 227]"
01928_patch_shuffle_high.png,701,217,patch_shuffle,high,ViT-B/16,978,0.08559287339448929,"[978, 977, 701, 867, 437]"
01929_patch_shuffle_low.png,701,217,patch_shuffle,low,ViT-B/16,701,0.5657439231872559,"[701, 405, 417, 867, 557]"
01930_color_inversion_high.png,701,217,color_inversion,high,ViT-B/16,978,0.3676455020904541,"[978, 974, 218, 975, 976]"
01931_color_inversion_low.png,701,217,color_inversion,low,ViT-B/16,217,0.2705819606781006,"[217, 218, 103, 213, 80]"
01932_adain_high.png,701,491,adain,high,ViT-B/16,701,0.3026905953884125,"[701, 540, 517, 557, 417]"
01933_adain_low.png,701,491,adain,low,ViT-B/16,701,0.257962703704834,"[701, 540, 517, 557, 417]"
01934_occlusion_high.png,701,-1,occlusion,high,ViT-B/16,540,0.26647406816482544,"[540, 517, 405, 355, 781]"
01935_occlusion_low.png,701,-1,occlusion,low,ViT-B/16,701,0.4738138020038605,"[701, 557, 517, 417, 540]"
01936_superimposition_high.png,701,491,superimposition,high,ViT-B/16,701,0.23570598661899567,"[701, 355, 456, 212, 517]"
01937_superimposition_low.png,701,491,superimposition,low,ViT-B/16,491,0.292040079832077,"[491, 602, 733, 843, 920]"
01938_texture_shape_high.png,701,491,texture_shape,high,ViT-B/16,405,0.26834556460380554,"[405, 517, 701, 417, 657]"
01939_texture_shape_low.png,701,491,texture_shape,low,ViT-B/16,701,0.5309545397758484,"[701, 904, 405, 556, 591]"
01940_edge_conflict_high.png,701,491,edge_conflict,high,ViT-B/16,562,0.16842800378799438,"[562, 405, 724, 780, 536]"
01941_edge_conflict_low.png,701,491,edge_conflict,low,ViT-B/16,733,0.34669098258018494,"[733, 491, 920, 405, 843]"
01942_patch_shuffle_high.png,701,491,patch_shuffle,high,ViT-B/16,701,0.4084225594997406,"[701, 517, 830, 802, 795]"
01943_patch_shuffle_low.png,701,491,patch_shuffle,low,ViT-B/16,701,0.12965048849582672,"[701, 405, 517, 540, 417]"
01928_patch_shuffle_high.png,701,217,patch_shuffle,high,DeiT,701,0.333198219537735,"[701, 405, 978, 437, 417]"
01929_patch_shuffle_low.png,701,217,patch_shuffle,low,DeiT,701,0.2195338010787964,"[701, 405, 417, 807, 437]"
01930_color_inversion_high.png,701,217,color_inversion,high,DeiT,701,0.37941691279411316,"[701, 978, 242, 253, 238]"
01931_color_inversion_low.png,701,217,color_inversion,low,DeiT,217,0.28217747807502747,"[217, 701, 218, 220, 978]"
01932_adain_high.png,701,491,adain,high,DeiT,517,0.15282148122787476,"[517, 701, 540, 417, 405]"
01933_adain_low.png,701,491,adain,low,DeiT,701,0.15459521114826202,"[701, 517, 540, 417, 405]"
01934_occlusion_high.png,701,-1,occlusion,high,DeiT,517,0.23306943476200104,"[517, 417, 862, 600, 540]"
01935_occlusion_low.png,701,-1,occlusion,low,DeiT,701,0.1471787691116333,"[701, 517, 417, 540, 405]"
01936_superimposition_high.png,701,491,superimposition,high,DeiT,456,0.1208016574382782,"[456, 517, 417, 602, 701]"
01937_superimposition_low.png,701,491,superimposition,low,DeiT,733,0.21698203682899475,"[733, 456, 912, 517, 602]"
01938_texture_shape_high.png,701,491,texture_shape,high,DeiT,701,0.40173670649528503,"[701, 517, 405, 540, 417]"
01939_texture_shape_low.png,701,491,texture_shape,low,DeiT,701,0.44945937395095825,"[701, 904, 405, 591, 556]"
01940_edge_conflict_high.png,701,491,edge_conflict,high,DeiT,733,0.24566106498241425,"[733, 724, 405, 536, 913]"
01941_edge_conflict_low.png,701,491,edge_conflict,low,DeiT,733,0.221503347158432,"[733, 403, 807, 602, 724]"
01942_patch_shuffle_high.png,701,491,patch_shuffle,high,DeiT,229,0.05458758771419525,"[229, 517, 456, 169, 843]"
01943_patch_shuffle_low.png,701,491,patch_shuffle,low,DeiT,517,0.15766023099422455,"[517, 540, 405, 595, 856]"
01928_patch_shuffle_high.png,701,217,patch_shuffle,high,CLIP,21,0.40625104308128357,"[21, 782, 701, 417, 405]"
01929_patch_shuffle_low.png,701,217,patch_shuffle,low,CLIP,782,0.7390776872634888,"[782, 21, 810, 417, 881]"
01930_color_inversion_high.png,701,217,color_inversion,high,CLIP,782,0.31427425146102905,"[782, 971, 417, 553, 97]"
01931_color_inversion_low.png,701,217,color_inversion,low,CLIP,215,0.6392835378646851,"[215, 218, 247, 156, 217]"
01932_adain_high.png,701,491,adain,high,CLIP,21,0.5852616429328918,"[21, 701, 417, 68, 405]"
01933_adain_low.png,701,491,adain,low,CLIP,21,0.599488377571106,"[21, 701, 417, 68, 405]"
01934_occlusion_high.png,701,-1,occlusion,high,CLIP,21,0.3939021825790405,"[21, 417, 405, 7, 701]"
01935_occlusion_low.png,701,-1,occlusion,low,CLIP,21,0.6087643504142761,"[21, 417, 701, 405, 134]"
01936_superimposition_high.png,701,491,superimposition,high,CLIP,134,0.22520418465137482,"[134, 517, 417, 21, 807]"
01937_superimposition_low.png,701,491,superimposition,low,CLIP,843,0.177867129445076,"[843, 645, 21, 517, 134]"
01938_texture_shape_high.png,701,491,texture_shape,high,CLIP,417,0.43268370628356934,"[417, 701, 21, 405, 68]"
01939_texture_shape_low.png,701,491,texture_shape,low,CLIP,405,0.9759882092475891,"[405, 701, 417, 833, 21]"
01940_edge_conflict_high.png,701,491,edge_conflict,high,CLIP,782,0.1452021449804306,"[782, 576, 517, 134, 913]"
01941_edge_conflict_low.png,701,491,edge_conflict,low,CLIP,733,0.6518452167510986,"[733, 815, 843, 517, 134]"
01942_patch_shuffle_high.png,701,491,patch_shuffle,high,CLIP,21,0.3923458158969879,"[21, 657, 744, 405, 557]"
01943_patch_shuffle_low.png,701,491,patch_shuffle,low,CLIP,134,0.29623615741729736,"[134, 517, 21, 782, 437]"
01944_color_inversion_high.png,701,491,color_inversion,high,ResNet50,879,0.32904794812202454,"[879, 701, 456, 476, 978]"
01945_color_inversion_low.png,701,491,color_inversion,low,ResNet50,645,0.3364328145980835,"[645, 456, 724, 517, 733]"
01946_adain_high.png,701,491,adain,high,ResNet50,701,0.8006960153579712,"[701, 724, 417, 972, 73]"
01947_adain_low.png,701,491,adain,low,ResNet50,701,0.9075319170951843,"[701, 417, 724, 972, 843]"
01948_occlusion_high.png,701,-1,occlusion,high,ResNet50,517,0.37767088413238525,"[517, 417, 843, 701, 600]"
01949_occlusion_low.png,701,-1,occlusion,low,ResNet50,701,0.2552435100078583,"[701, 517, 417, 724, 843]"
01950_superimposition_high.png,701,491,superimposition,high,ResNet50,611,0.32957014441490173,"[611, 540, 921, 724, 917]"
01951_superimposition_low.png,701,491,superimposition,low,ResNet50,865,0.14335855841636658,"[865, 583, 917, 762, 540]"
01952_texture_shape_high.png,701,491,texture_shape,high,ResNet50,701,0.90928715467453,"[701, 843, 417, 724, 895]"
01953_texture_shape_low.png,701,491,texture_shape,low,ResNet50,701,0.22101806104183197,"[701, 904, 843, 611, 562]"
01954_edge_conflict_high.png,701,491,edge_conflict,high,ResNet50,554,0.1267154961824417,"[554, 694, 949, 762, 580]"
01955_edge_conflict_low.png,701,491,edge_conflict,low,ResNet50,694,0.4484555125236511,"[694, 540, 554, 625, 856]"
01956_patch_shuffle_high.png,701,491,patch_shuffle,high,ResNet50,701,0.35331982374191284,"[701, 843, 600, 517, 557]"
01957_patch_shuffle_low.png,701,491,patch_shuffle,low,ResNet50,701,0.29166942834854126,"[701, 917, 517, 417, 611]"
01958_color_inversion_high.png,701,491,color_inversion,high,ResNet50,611,0.3411788046360016,"[611, 669, 532, 540, 868]"
01959_color_inversion_low.png,701,491,color_inversion,low,ResNet50,865,0.12996642291545868,"[865, 540, 856, 476, 467]"
01944_color_inversion_high.png,701,491,color_inversion,high,ResNet101,879,0.2762797474861145,"[879, 762, 706, 701, 532]"
01945_color_inversion_low.png,701,491,color_inversion,low,ResNet101,456,0.3703596293926239,"[456, 517, 532, 730, 738]"
01946_adain_high.png,701,491,adain,high,ResNet101,701,0.9420632719993591,"[701, 417, 517, 540, 350]"
01947_adain_low.png,701,491,adain,low,ResNet101,701,0.9844316840171814,"[701, 417, 517, 540, 972]"
01948_occlusion_high.png,701,-1,occlusion,high,ResNet101,701,0.32186469435691833,"[701, 812, 851, 417, 895]"
01949_occlusion_low.png,701,-1,occlusion,low,ResNet101,701,0.5927703976631165,"[701, 417, 517, 405, 895]"
01950_superimposition_high.png,701,491,superimposition,high,ResNet101,701,0.20241679251194,"[701, 611, 417, 540, 917]"
01951_superimposition_low.png,701,491,superimposition,low,ResNet101,865,0.5973554253578186,"[865, 540, 917, 634, 583]"
01952_texture_shape_high.png,701,491,texture_shape,high,ResNet101,701,0.9902827739715576,"[701, 417, 73, 895, 972]"
01953_texture_shape_low.png,701,491,texture_shape,low,ResNet101,904,0.48353996872901917,"[904, 351, 701, 600, 353]"
01954_edge_conflict_high.png,701,491,edge_conflict,high,ResNet101,865,0.10200227051973343,"[865, 860, 540, 611, 762]"
01955_edge_conflict_low.png,701,491,edge_conflict,low,ResNet101,540,0.7039345502853394,"[540, 865, 625, 634, 532]"
01956_patch_shuffle_high.png,701,491,patch_shuffle,high,ResNet101,701,0.42237359285354614,"[701, 517, 733, 600, 970]"
01957_patch_shuffle_low.png,701,491,patch_shuffle,low,ResNet101,701,0.9543619751930237,"[701, 417, 557, 517, 917]"
01958_color_inversion_high.png,701,491,color_inversion,high,ResNet101,669,0.31670841574668884,"[669, 562, 611, 540, 857]"
01959_color_inversion_low.png,701,491,color_inversion,low,ResNet101,865,0.31367939710617065,"[865, 491, 540, 634, 625]"
01944_color_inversion_high.png,701,491,color_inversion,high,ConvNeXt,540,0.07760270684957504,"[540, 517, 701, 536, 456]"
01945_color_inversion_low.png,701,491,color_inversion,low,ConvNeXt,456,0.1172390878200531,"[456, 795, 802, 645, 584]"
01946_adain_high.png,701,491,adain,high,ConvNeXt,701,0.8755945563316345,"[701, 972, 843, 417, 979]"
01947_adain_low.png,701,491,adain,low,ConvNeXt,701,0.8810105323791504,"[701, 972, 843, 417, 979]"
01948_occlusion_high.png,701,-1,occlusion,high,ConvNeXt,701,0.7975010871887207,"[701, 972, 979, 976, 843]"
01949_occlusion_low.png,701,-1,occlusion,low,ConvNeXt,701,0.8744111061096191,"[701, 972, 417, 979, 843]"
01950_superimposition_high.png,701,491,superimposition,high,ConvNeXt,843,0.29750120639801025,"[843, 865, 701, 540, 917]"
01951_superimposition_low.png,701,491,superimposition,low,ConvNeXt,865,0.1199578195810318,"[865, 856, 602, 702, 491]"
01952_texture_shape_high.png,701,491,texture_shape,high,ConvNeXt,701,0.5906424522399902,"[701, 843, 972, 417, 350]"
01953_texture_shape_low.png,701,491,texture_shape,low,ConvNeXt,353,0.054933033883571625,"[353, 701, 741, 843, 80]"
01954_edge_conflict_high.png,701,491,edge_conflict,high,ConvNeXt,526,0.060942959040403366,"[526, 532, 815, 651, 739]"
01955_edge_conflict_low.png,701,491,edge_conflict,low,ConvNeXt,702,0.09725204110145569,"[702, 865, 602, 788, 856]"
01956_patch_shuffle_high.png,701,491,patch_shuffle,high,ConvNeXt,701,0.6989927291870117,"[701, 540, 972, 843, 350]"
01957_patch_shuffle_low.png,701,491,patch_shuffle,low,ConvNeXt,701,0.6117860078811646,"[701, 979, 972, 970, 843]"
01958_color_inversion_high.png,701,491,color_inversion,high,ConvNeXt,843,0.12845565378665924,"[843, 540, 625, 602, 532]"
01959_color_inversion_low.png,701,491,color_inversion,low,ConvNeXt,856,0.07615987211465836,"[856, 491, 634, 865, 602]"
01944_color_inversion_high.png,701,491,color_inversion,high,ViT-B/16,517,0.19460396468639374,"[517, 701, 405, 795, 602]"
01945_color_inversion_low.png,701,491,color_inversion,low,ViT-B/16,733,0.2657548487186432,"[733, 920, 602, 491, 843]"
01946_adain_high.png,701,491,adain,high,ViT-B/16,701,0.9359872341156006,"[701, 972, 417, 843, 979]"
01947_adain_low.png,701,491,adain,low,ViT-B/16,701,0.9424452185630798,"[701, 972, 417, 843, 979]"
01948_occlusion_high.png,701,-1,occlusion,high,ViT-B/16,701,0.8791083097457886,"[701, 972, 979, 976, 975]"
01949_occlusion_low.png,701,-1,occlusion,low,ViT-B/16,701,0.9410064816474915,"[701, 972, 417, 843, 979]"
01950_superimposition_high.png,701,491,superimposition,high,ViT-B/16,701,0.5681458115577698,"[701, 843, 625, 540, 975]"
01951_superimposition_low.png,701,491,superimposition,low,ViT-B/16,865,0.36058101058006287,"[865, 491, 634, 625, 476]"
01952_texture_shape_high.png,701,491,texture_shape,high,ViT-B/16,701,0.9325637817382812,"[701, 843, 972, 417, 880]"
01953_texture_shape_low.png,701,491,texture_shape,low,ViT-B/16,701,0.6774465441703796,"[701, 843, 880, 73, 904]"
01954_edge_conflict_high.png,701,491,edge_conflict,high,ViT-B/16,509,0.051119960844516754,"[509, 582, 865, 611, 580]"
01955_edge_conflict_low.png,701,491,edge_conflict,low,ViT-B/16,491,0.3996618390083313,"[491, 865, 634, 860, 917]"
01956_patch_shuffle_high.png,701,491,patch_shuffle,high,ViT-B/16,701,0.8693151473999023,"[701, 972, 843, 976, 979]"
01957_patch_shuffle_low.png,701,491,patch_shuffle,low,ViT-B/16,701,0.9178441166877747,"[701, 972, 975, 970, 843]"
01958_color_inversion_high.png,701,491,color_inversion,high,ViT-B/16,562,0.11129225045442581,"[562, 572, 846, 406, 669]"
01959_color_inversion_low.png,701,491,color_inversion,low,ViT-B/16,491,0.5156359076499939,"[491, 865, 634, 788, 540]"
01944_color_inversion_high.png,701,491,color_inversion,high,DeiT,517,0.24042806029319763,"[517, 417, 540, 701, 843]"
01945_color_inversion_low.png,701,491,color_inversion,low,DeiT,733,0.12352030724287033,"[733, 405, 456, 602, 912]"
01946_adain_high.png,701,491,adain,high,DeiT,701,0.901451826095581,"[701, 417, 972, 908, 405]"
01947_adain_low.png,701,491,adain,low,DeiT,701,0.9013465642929077,"[701, 417, 972, 908, 405]"
01948_occlusion_high.png,701,-1,occlusion,high,DeiT,701,0.7837275862693787,"[701, 417, 33, 34, 405]"
01949_occlusion_low.png,701,-1,occlusion,low,DeiT,701,0.8994783759117126,"[701, 417, 972, 908, 979]"
01950_superimposition_high.png,701,491,superimposition,high,DeiT,701,0.825945258140564,"[701, 978, 865, 843, 417]"
01951_superimposition_low.png,701,491,superimposition,low,DeiT,856,0.2198905497789383,"[856, 865, 595, 491, 602]"
01952_texture_shape_high.png,701,491,texture_shape,high,DeiT,701,0.8626364469528198,"[701, 417, 843, 895, 972]"
01953_texture_shape_low.png,701,491,texture_shape,low,DeiT,701,0.2821198105812073,"[701, 904, 556, 32, 843]"
01954_edge_conflict_high.png,701,491,edge_conflict,high,DeiT,702,0.05601530894637108,"[702, 846, 556, 602, 749]"
01955_edge_conflict_low.png,701,491,edge_conflict,low,DeiT,865,0.1038343608379364,"[865, 917, 702, 583, 856]"
01956_patch_shuffle_high.png,701,491,patch_shuffle,high,DeiT,701,0.8458135724067688,"[701, 972, 417, 843, 895]"
01957_patch_shuffle_low.png,701,491,patch_shuffle,low,DeiT,701,0.8621437549591064,"[701, 417, 972, 625, 724]"
01958_color_inversion_high.png,701,491,color_inversion,high,DeiT,701,0.8060461282730103,"[701, 417, 843, 972, 602]"
01959_color_inversion_low.png,701,491,color_inversion,low,DeiT,491,0.10468883812427521,"[491, 865, 634, 583, 856]"
01944_color_inversion_high.png,701,491,color_inversion,high,CLIP,807,0.311952143907547,"[807, 476, 993, 21, 417]"
01945_color_inversion_low.png,701,491,color_inversion,low,CLIP,795,0.2955721914768219,"[795, 21, 843, 807, 576]"
01946_adain_high.png,701,491,adain,high,CLIP,701,0.952193021774292,"[701, 21, 990, 68, 417]"
01947_adain_low.png,701,491,adain,low,CLIP,701,0.9594088792800903,"[701, 21, 417, 990, 68]"
01948_occlusion_high.png,701,-1,occlusion,high,CLIP,701,0.5699546337127686,"[701, 726, 21, 724, 380]"
01949_occlusion_low.png,701,-1,occlusion,low,CLIP,701,0.8880629539489746,"[701, 726, 21, 417, 263]"
01950_superimposition_high.png,701,491,superimposition,high,CLIP,701,0.6363089084625244,"[701, 417, 669, 517, 134]"
01951_superimposition_low.png,701,491,superimposition,low,CLIP,830,0.4743458032608032,"[830, 491, 477, 573, 788]"
01952_texture_shape_high.png,701,491,texture_shape,high,CLIP,701,0.9290774464607239,"[701, 990, 21, 417, 68]"
01953_texture_shape_low.png,701,491,texture_shape,low,CLIP,843,0.8943526148796082,"[843, 701, 880, 983, 21]"
01954_edge_conflict_high.png,701,491,edge_conflict,high,CLIP,865,0.3129379451274872,"[865, 532, 611, 917, 790]"
01955_edge_conflict_low.png,701,491,edge_conflict,low,CLIP,491,0.21246451139450073,"[491, 830, 573, 788, 674]"
01956_patch_shuffle_high.png,701,491,patch_shuffle,high,CLIP,701,0.9279032349586487,"[701, 21, 417, 908, 602]"
01957_patch_shuffle_low.png,701,491,patch_shuffle,low,CLIP,701,0.9286431074142456,"[701, 21, 417, 782, 990]"
01958_color_inversion_high.png,701,491,color_inversion,high,CLIP,532,0.29536232352256775,"[532, 611, 706, 669, 406]"
01959_color_inversion_low.png,701,491,color_inversion,low,CLIP,830,0.3308102786540985,"[830, 788, 491, 477, 573]"
